Time,True_Pitch,Sensor_Pitch
0,0,0.013829369
0.1,0.157053795,0.10685054
0.2,0.313952598,0.120571331
0.3,0.470541567,0.762545563
0.4,0.626666168,0.543307406
0.5,0.782172325,0.76191549
0.6,0.936906573,1.039319001
0.7,1.090716207,1.042355133
0.8,1.243449436,1.283467418
0.9,1.39495553,1.396946103
1,1.545084972,1.517898274
1.1,1.693689601,1.685050515
1.2,1.840622763,1.983868877
1.3,1.985739453,1.86158648
1.4,2.128896458,2.168637193
1.5,2.269952499,2.153024871
1.6,2.408768371,2.353303122
1.7,2.545207079,2.475437348
1.8,2.679133975,2.75446471
1.9,2.810416889,2.71787466
2,2.938926261,2.853945841
2.1,3.064535268,3.125499978
2.2,3.187119949,3.285281091
2.3,3.306559327,3.363146388
2.4,3.42273553,3.312967946
2.5,3.535533906,3.445553535
2.6,3.644843137,3.589650647
2.7,3.750555348,3.758119495
2.8,3.852566214,3.66637816
2.9,3.950775062,3.802501765
3,4.045084972,3.954804405
3.1,4.135402871,4.058748136
3.2,4.221639628,4.241441128
3.3,4.303710135,4.306214109
3.4,4.3815334,4.221095315
3.5,4.455032621,4.399628946
3.6,4.524135262,4.470002298
3.7,4.588773128,4.442754347
3.8,4.648882429,4.690905135
3.9,4.704403845,4.476684256
4,4.755282581,4.720941496
4.1,4.801468428,4.865028875
4.2,4.842915806,4.851273644
4.3,4.87958381,4.863063841
4.4,4.911436254,5.038141648
4.5,4.938441703,5.006611191
4.6,4.960573507,5.097753859
4.7,4.977809823,4.954480409
4.8,4.990133642,4.934689264
4.9,4.997532802,5.143625459
5,5,5.04574222
5.1,4.997532802,4.927808847
5.2,4.990133642,5.022326302
5.3,4.977809823,5.078457803
5.4,4.960573507,4.983288472
5.5,4.938441703,4.996635406
5.6,4.911436254,5.05209921
5.7,4.87958381,4.897232207
5.8,4.842915806,4.862362689
5.9,4.801468428,4.825574035
6,4.755282581,4.73877031
6.1,4.704403845,4.668628792
6.2,4.648882429,4.678889632
6.3,4.588773128,4.572009604
6.4,4.524135262,4.60509389
6.5,4.455032621,4.465636062
6.6,4.3815334,4.434297992
6.7,4.303710135,4.311331382
6.8,4.221639628,4.226006813
6.9,4.135402871,4.277656655
7,4.045084972,3.916442221
7.1,3.950775062,3.8670235
7.2,3.852566214,3.787523928
7.3,3.750555348,3.79826584
7.4,3.644843137,3.6954978
7.5,3.535533906,3.491094261
7.6,3.42273553,3.420870413
7.7,3.306559327,3.335488139
7.8,3.187119949,3.297225753
7.9,3.064535268,3.103719802
8,2.938926261,2.933814602
8.1,2.810416889,2.855610916
8.2,2.679133975,2.699564982
8.3,2.545207079,2.46596174
8.4,2.408768371,2.474072912
8.5,2.269952499,2.204201905
8.6,2.128896458,1.999910462
8.7,1.985739453,2.099490451
8.8,1.840622763,1.906334918
8.9,1.693689601,1.759610241
9,1.545084972,1.59180902
9.1,1.39495553,1.450763895
9.2,1.243449436,1.393795327
9.3,1.090716207,1.160108352
9.4,0.936906573,0.918966716
9.5,0.782172325,0.727150711
9.6,0.626666168,0.555083413
9.7,0.470541567,0.454506093
9.8,0.313952598,0.32474059
9.9,0.157053795,0.005680029
10,6.12323399573677e-16,-0.169275071
10.1,-0.157053795,-0.05171787
10.2,-0.313952598,-0.395915094
10.3,-0.470541567,-0.462625173
10.4,-0.626666168,-0.507728402
10.5,-0.782172325,-0.846748897
10.6,-0.936906573,-0.860505786
10.7,-1.090716207,-1.017608987
10.8,-1.243449436,-1.195504393
10.9,-1.39495553,-1.465725125
11,-1.545084972,-1.469506297
11.1,-1.693689601,-1.667132586
11.2,-1.840622763,-1.853109658
11.3,-1.985739453,-1.872931515
11.4,-2.128896458,-2.154660367
11.5,-2.269952499,-2.4159944
11.6,-2.408768371,-2.333625196
11.7,-2.545207079,-2.551420416
11.8,-2.679133975,-2.597732582
11.9,-2.810416889,-2.806871885
12,-2.938926261,-3.184005645
12.1,-3.064535268,-3.171025768
12.2,-3.187119949,-3.237489375
12.3,-3.306559327,-3.426259215
12.4,-3.42273553,-3.267007459
12.5,-3.535533906,-3.624704667
12.6,-3.644843137,-3.584468252
12.7,-3.750555348,-3.720388416
12.8,-3.852566214,-3.705232281
12.9,-3.950775062,-4.078971284
13,-4.045084972,-3.918903164
13.1,-4.135402871,-4.222111491
13.2,-4.221639628,-4.187180374
13.3,-4.303710135,-4.489797739
13.4,-4.3815334,-4.371519783
13.5,-4.455032621,-4.383495411
13.6,-4.524135262,-4.517734378
13.7,-4.588773128,-4.653620461
13.8,-4.648882429,-4.720765378
13.9,-4.704403845,-4.823102136
14,-4.755282581,-4.768349799
14.1,-4.801468428,-4.826591982
14.2,-4.842915806,-4.865457392
14.3,-4.87958381,-4.742588488
14.4,-4.911436254,-4.885054685
14.5,-4.938441703,-4.882681232
14.6,-4.960573507,-5.039854044
14.7,-4.977809823,-4.933937154
14.8,-4.990133642,-4.953411962
14.9,-4.997532802,-4.996042112
15,-5,-4.959045717
15.1,-4.997532802,-5.035096806
15.2,-4.990133642,-4.985408547
15.3,-4.977809823,-5.056222465
15.4,-4.960573507,-4.917988326
15.5,-4.938441703,-4.820088486
15.6,-4.911436254,-4.996110511
15.7,-4.87958381,-4.884723152
15.8,-4.842915806,-4.726619119
15.9,-4.801468428,-4.901325051
16,-4.755282581,-4.732882468
16.1,-4.704403845,-4.596532989
16.2,-4.648882429,-4.611114471
16.3,-4.588773128,-4.448786835
16.4,-4.524135262,-4.546469186
16.5,-4.455032621,-4.473478015
16.6,-4.3815334,-4.570540969
16.7,-4.303710135,-4.54465113
16.8,-4.221639628,-4.159121983
16.9,-4.135402871,-4.158978413
17,-4.045084972,-3.878021079
17.1,-3.950775062,-3.923545113
17.2,-3.852566214,-3.729575451
17.3,-3.750555348,-3.75363474
17.4,-3.644843137,-3.734351941
17.5,-3.535533906,-3.422432993
17.6,-3.42273553,-3.37867525
17.7,-3.306559327,-3.272351074
17.8,-3.187119949,-3.251585123
17.9,-3.064535268,-3.062130743
18,-2.938926261,-2.745961473
18.1,-2.810416889,-2.861173152
18.2,-2.679133975,-2.617276947
18.3,-2.545207079,-2.509159617
18.4,-2.408768371,-2.37352905
18.5,-2.269952499,-2.33823565
18.6,-2.128896458,-2.039651201
18.7,-1.985739453,-1.96710521
18.8,-1.840622763,-1.79649385
18.9,-1.693689601,-1.712213523
19,-1.545084972,-1.404290505
19.1,-1.39495553,-1.332363503
19.2,-1.243449436,-1.247997559
19.3,-1.090716207,-1.194004999
19.4,-0.936906573,-1.066407266
19.5,-0.782172325,-0.862518287
19.6,-0.626666168,-0.388649063
19.7,-0.470541567,-0.275049766
19.8,-0.313952598,-0.228706504
19.9,-0.157053795,-0.063050194
20,-1.22E-15,0.151703439
20.1,0.157053795,0.247889998
20.2,0.313952598,0.335302358
20.3,0.470541567,0.535009578
20.4,0.626666168,0.610116136
20.5,0.782172325,0.828052813
20.6,0.936906573,0.762036981
20.7,1.090716207,1.176420759
20.8,1.243449436,1.36813733
20.9,1.39495553,1.423382733
21,1.545084972,1.614480959
21.1,1.693689601,1.642833393
21.2,1.840622763,1.889252012
21.3,1.985739453,1.897049566
21.4,2.128896458,1.996869874
21.5,2.269952499,2.345869555
21.6,2.408768371,2.307441966
21.7,2.545207079,2.497026139
21.8,2.679133975,2.729984483
21.9,2.810416889,2.860927076
22,2.938926261,2.84434537
22.1,3.064535268,3.058243839
22.2,3.187119949,3.33077864
22.3,3.306559327,3.238806601
22.4,3.42273553,3.225709181
22.5,3.535533906,3.701964172
22.6,3.644843137,3.682212798
22.7,3.750555348,3.659148122
22.8,3.852566214,3.627575177
22.9,3.950775062,3.968548836
23,4.045084972,4.034706272
23.1,4.135402871,4.020512893
23.2,4.221639628,4.237706275
23.3,4.303710135,4.283689326
23.4,4.3815334,4.387518532
23.5,4.455032621,4.547839259
23.6,4.524135262,4.583544413
23.7,4.588773128,4.649111581
23.8,4.648882429,4.644104559
23.9,4.704403845,4.852544023
24,4.755282581,4.787820946
24.1,4.801468428,4.630482701
24.2,4.842915806,4.953979965
24.3,4.87958381,4.736494061
24.4,4.911436254,4.957754378
24.5,4.938441703,4.92036108
24.6,4.960573507,4.888143463
24.7,4.977809823,4.817596214
24.8,4.990133642,4.916802215
24.9,4.997532802,4.914138945
25,5,5.011957616
25.1,4.997532802,5.05725146
25.2,4.990133642,5.06597281
25.3,4.977809823,5.033552096
25.4,4.960573507,4.907817149
25.5,4.938441703,5.027154606
25.6,4.911436254,4.914018533
25.7,4.87958381,4.677401599
25.8,4.842915806,4.660899901
25.9,4.801468428,4.665372066
26,4.755282581,4.575628069
26.1,4.704403845,4.682351359
26.2,4.648882429,4.830206934
26.3,4.588773128,4.524401492
26.4,4.524135262,4.634365012
26.5,4.455032621,4.553892801
26.6,4.3815334,4.592016676
26.7,4.303710135,4.297352401
26.8,4.221639628,4.296115791
26.9,4.135402871,4.186519771
27,4.045084972,4.044024166
27.1,3.950775062,3.95909933
27.2,3.852566214,3.97317726
27.3,3.750555348,3.8021029
27.4,3.644843137,3.705770775
27.5,3.535533906,3.487800268
27.6,3.42273553,3.435232896
27.7,3.306559327,3.289403752
27.8,3.187119949,3.312224554
27.9,3.064535268,3.077117392
28,2.938926261,2.936888994
28.1,2.810416889,2.783861742
28.2,2.679133975,2.681231629
28.3,2.545207079,2.553135153
28.4,2.408768371,2.346559645
28.5,2.269952499,2.315077531
28.6,2.128896458,2.226366109
28.7,1.985739453,1.837787014
28.8,1.840622763,1.748504903
28.9,1.693689601,1.70745257
29,1.545084972,1.61392481
29.1,1.39495553,1.359395236
29.2,1.243449436,1.139589738
29.3,1.090716207,1.144746099
29.4,0.936906573,0.882727305
29.5,0.782172325,0.873481404
29.6,0.626666168,0.601037261
29.7,0.470541567,0.374158479
29.8,0.313952598,0.222439823
29.9,0.157053795,0.013618757
30,1.83697019872103e-15,-0.063631677
30.1,-0.157053795,-0.121609906
30.2,-0.313952598,-0.258896346
30.3,-0.470541567,-0.616617516
30.4,-0.626666168,-0.743110474
30.5,-0.782172325,-0.774710731
30.6,-0.936906573,-1.127556295
30.7,-1.090716207,-1.068222108
30.8,-1.243449436,-1.16899091
30.9,-1.39495553,-1.280734035
31,-1.545084972,-1.632105757
31.1,-1.693689601,-1.653120273
31.2,-1.840622763,-1.667895473
31.3,-1.985739453,-1.818282301
31.4,-2.128896458,-1.838978433
31.5,-2.269952499,-2.00005235
31.6,-2.408768371,-2.406103674
31.7,-2.545207079,-2.490779902
31.8,-2.679133975,-2.803723519
31.9,-2.810416889,-2.835413335
32,-2.938926261,-3.045266349
32.1,-3.064535268,-2.9605665
32.2,-3.187119949,-3.113351902
32.3,-3.306559327,-3.31513101
32.4,-3.42273553,-3.390828987
32.5,-3.535533906,-3.630369887
32.6,-3.644843137,-3.645264072
32.7,-3.750555348,-3.756013142
32.8,-3.852566214,-3.827284048
32.9,-3.950775062,-4.088087305
33,-4.045084972,-4.049409296
33.1,-4.135402871,-4.14224607
33.2,-4.221639628,-4.168151109
33.3,-4.303710135,-4.47719092
33.4,-4.3815334,-4.277333857
33.5,-4.455032621,-4.29392112
33.6,-4.524135262,-4.680980153
33.7,-4.588773128,-4.698516607
33.8,-4.648882429,-4.62640078
33.9,-4.704403845,-4.607884105
34,-4.755282581,-4.518763084
34.1,-4.801468428,-4.785572185
34.2,-4.842915806,-4.814990689
34.3,-4.87958381,-4.827855515
34.4,-4.911436254,-5.165474644
34.5,-4.938441703,-4.752818061
34.6,-4.960573507,-5.051041709
34.7,-4.977809823,-4.949752734
34.8,-4.990133642,-5.176254579
34.9,-4.997532802,-4.934774409
35,-5,-5.009689983
35.1,-4.997532802,-4.943926672
35.2,-4.990133642,-4.925250431
35.3,-4.977809823,-4.840647262
35.4,-4.960573507,-4.944738425
35.5,-4.938441703,-4.940088999
35.6,-4.911436254,-5.129783511
35.7,-4.87958381,-4.918115733
35.8,-4.842915806,-4.719792912
35.9,-4.801468428,-4.756570902
36,-4.755282581,-4.841300862
36.1,-4.704403845,-4.775353814
36.2,-4.648882429,-4.831112596
36.3,-4.588773128,-4.612682869
36.4,-4.524135262,-4.552099845
36.5,-4.455032621,-4.700697014
36.6,-4.3815334,-4.490467614
36.7,-4.303710135,-4.450059252
36.8,-4.221639628,-4.272082846
36.9,-4.135402871,-4.266599186
37,-4.045084972,-3.987099942
37.1,-3.950775062,-3.839701919
37.2,-3.852566214,-3.751224551
37.3,-3.750555348,-3.669547356
37.4,-3.644843137,-3.552979757
37.5,-3.535533906,-3.656329787
37.6,-3.42273553,-3.417309055
37.7,-3.306559327,-3.326695086
37.8,-3.187119949,-3.14984422
37.9,-3.064535268,-3.028228373
38,-2.938926261,-2.96655914
38.1,-2.810416889,-2.860755087
38.2,-2.679133975,-2.847973583
38.3,-2.545207079,-2.558651185
38.4,-2.408768371,-2.3704252
38.5,-2.269952499,-2.340479909
38.6,-2.128896458,-2.230298457
38.7,-1.985739453,-1.907306077
38.8,-1.840622763,-1.899844128
38.9,-1.693689601,-1.738331722
39,-1.545084972,-1.580780014
39.1,-1.39495553,-1.460927085
39.2,-1.243449436,-1.265673485
39.3,-1.090716207,-0.974892394
39.4,-0.936906573,-0.940100859
39.5,-0.782172325,-0.776057915
39.6,-0.626666168,-0.678223137
39.7,-0.470541567,-0.400696673
39.8,-0.313952598,-0.305737371
39.9,-0.157053795,0.01427542
40,-2.45E-15,-0.124119592
40.1,0.157053795,-0.117075258
40.2,0.313952598,0.343798575
40.3,0.470541567,0.353334279
40.4,0.626666168,0.555311401
40.5,0.782172325,0.766564987
40.6,0.936906573,1.014790538
40.7,1.090716207,1.10991543
40.8,1.243449436,1.295279875
40.9,1.39495553,1.289686143
41,1.545084972,1.590542717
41.1,1.693689601,1.657188084
41.2,1.840622763,1.85794944
41.3,1.985739453,2.050033961
41.4,2.128896458,1.984337635
41.5,2.269952499,2.34845494
41.6,2.408768371,2.474203341
41.7,2.545207079,2.476172486
41.8,2.679133975,2.547769956
41.9,2.810416889,3.032708235
42,2.938926261,2.826273136
42.1,3.064535268,3.035457998
42.2,3.187119949,3.271015412
42.3,3.306559327,3.247871347
42.4,3.42273553,3.548707952
42.5,3.535533906,3.596807605
42.6,3.644843137,3.733193959
42.7,3.750555348,3.597518708
42.8,3.852566214,3.858635763
42.9,3.950775062,3.812506421
43,4.045084972,4.065943315
43.1,4.135402871,4.162723875
43.2,4.221639628,4.409575979
43.3,4.303710135,4.41028734
43.4,4.3815334,4.272055968
43.5,4.455032621,4.445801672
43.6,4.524135262,4.722298627
43.7,4.588773128,4.591043961
43.8,4.648882429,4.654698777
43.9,4.704403845,4.571679916
44,4.755282581,4.735511442
44.1,4.801468428,4.756213599
44.2,4.842915806,4.967696979
44.3,4.87958381,4.784987664
44.4,4.911436254,4.615998396
44.5,4.938441703,4.804677456
44.6,4.960573507,4.933723421
44.7,4.977809823,4.949716907
44.8,4.990133642,4.857755202
44.9,4.997532802,5.026086016
45,5,4.853276908
45.1,4.997532802,4.764816415
45.2,4.990133642,5.244190438
45.3,4.977809823,4.885630608
45.4,4.960573507,4.951223518
45.5,4.938441703,4.923173095
45.6,4.911436254,4.801702301
45.7,4.87958381,4.786135044
45.8,4.842915806,4.815276984
45.9,4.801468428,4.691044543
46,4.755282581,4.683529265
46.1,4.704403845,4.691479696
46.2,4.648882429,4.614180411
46.3,4.588773128,4.489529749
46.4,4.524135262,4.631983265
46.5,4.455032621,4.507354447
46.6,4.3815334,4.35085654
46.7,4.303710135,4.100044963
46.8,4.221639628,4.119968049
46.9,4.135402871,4.142935919
47,4.045084972,4.138632717
47.1,3.950775062,3.867151154
47.2,3.852566214,3.706664075
47.3,3.750555348,3.779981383
47.4,3.644843137,3.547250566
47.5,3.535533906,3.608785678
47.6,3.42273553,3.389426517
47.7,3.306559327,3.42653853
47.8,3.187119949,3.191303327
47.9,3.064535268,3.062197344
48,2.938926261,3.040279759
48.1,2.810416889,2.707811757
48.2,2.679133975,2.691672597
48.3,2.545207079,2.607858514
48.4,2.408768371,2.473052113
48.5,2.269952499,2.269846454
48.6,2.128896458,1.966164227
48.7,1.985739453,1.97627916
48.8,1.840622763,1.788223318
48.9,1.693689601,1.767539772
49,1.545084972,1.660227315
49.1,1.39495553,1.290510583
49.2,1.243449436,1.257122626
49.3,1.090716207,1.130425215
49.4,0.936906573,0.927188447
49.5,0.782172325,0.887573433
49.6,0.626666168,0.526996633
49.7,0.470541567,0.463216832
49.8,0.313952598,0.325024106
49.9,0.157053795,0.04719217
50,3.06161699786838e-15,-0.055204689
50.1,-0.157053795,-0.279353654
50.2,-0.313952598,-0.334080781
50.3,-0.470541567,-0.486723086
50.4,-0.626666168,-0.523105207
50.5,-0.782172325,-0.807964744
50.6,-0.936906573,-0.888038941
50.7,-1.090716207,-1.187106716
50.8,-1.243449436,-1.177461178
50.9,-1.39495553,-1.417541038
51,-1.545084972,-1.547082248
51.1,-1.693689601,-1.608580046
51.2,-1.840622763,-1.92549995
51.3,-1.985739453,-2.030041511
51.4,-2.128896458,-2.039401325
51.5,-2.269952499,-2.350595488
51.6,-2.408768371,-2.354864618
51.7,-2.545207079,-2.515535062
51.8,-2.679133975,-2.660789695
51.9,-2.810416889,-2.642029049
52,-2.938926261,-2.8713852
52.1,-3.064535268,-3.241325383
52.2,-3.187119949,-3.22984539
52.3,-3.306559327,-3.235152851
52.4,-3.42273553,-3.330541882
52.5,-3.535533906,-3.574449822
52.6,-3.644843137,-3.837735209
52.7,-3.750555348,-3.743195373
52.8,-3.852566214,-3.902259744
52.9,-3.950775062,-3.856035591
53,-4.045084972,-4.178943826
53.1,-4.135402871,-4.233550977
53.2,-4.221639628,-4.255540654
53.3,-4.303710135,-4.369171746
53.4,-4.3815334,-4.433650248
53.5,-4.455032621,-4.531972753
53.6,-4.524135262,-4.462285355
53.7,-4.588773128,-4.541103274
53.8,-4.648882429,-4.671334549
53.9,-4.704403845,-4.786753454
54,-4.755282581,-4.777960709
54.1,-4.801468428,-4.639731856
54.2,-4.842915806,-4.998802978
54.3,-4.87958381,-5.010255027
54.4,-4.911436254,-4.894536404
54.5,-4.938441703,-5.000271238
54.6,-4.960573507,-4.945923649
54.7,-4.977809823,-5.10070009
54.8,-4.990133642,-4.960710322
54.9,-4.997532802,-4.949608661
55,-5,-4.934947352
55.1,-4.997532802,-5.018723404
55.2,-4.990133642,-4.808759181
55.3,-4.977809823,-4.94679491
55.4,-4.960573507,-4.982473434
55.5,-4.938441703,-5.078136181
55.6,-4.911436254,-4.953356592
55.7,-4.87958381,-4.982092724
55.8,-4.842915806,-5.054997239
55.9,-4.801468428,-4.808515184
56,-4.755282581,-4.73556059
56.1,-4.704403845,-4.507911035
56.2,-4.648882429,-4.735372969
56.3,-4.588773128,-4.620249717
56.4,-4.524135262,-4.407955248
56.5,-4.455032621,-4.488938031
56.6,-4.3815334,-4.363940016
56.7,-4.303710135,-4.237878859
56.8,-4.221639628,-4.189146453
56.9,-4.135402871,-4.099969719
57,-4.045084972,-4.013528227
57.1,-3.950775062,-3.919757631
57.2,-3.852566214,-3.799058149
57.3,-3.750555348,-3.613114324
57.4,-3.644843137,-3.659035349
57.5,-3.535533906,-3.726376687
57.6,-3.42273553,-3.431418246
57.7,-3.306559327,-3.353996291
57.8,-3.187119949,-3.124367042
57.9,-3.064535268,-2.798724579
58,-2.938926261,-2.797171602
58.1,-2.810416889,-2.780012662
58.2,-2.679133975,-2.831063222
58.3,-2.545207079,-2.452796528
58.4,-2.408768371,-2.402997835
58.5,-2.269952499,-2.130419994
58.6,-2.128896458,-2.212438899
58.7,-1.985739453,-1.857367561
58.8,-1.840622763,-1.874003843
58.9,-1.693689601,-1.519180384
59,-1.545084972,-1.727463596
59.1,-1.39495553,-1.355581836
59.2,-1.243449436,-1.213549879
59.3,-1.090716207,-1.199151011
59.4,-0.936906573,-0.870924894
59.5,-0.782172325,-0.776677191
59.6,-0.626666168,-0.594009165
59.7,-0.470541567,-0.238088453
59.8,-0.313952598,-0.249660309
59.9,-0.157053795,-0.040432397
60,-3.67E-15,0.260293094
60.1,0.157053795,0.148617014
60.2,0.313952598,0.42625373
60.3,0.470541567,0.693179867
60.4,0.626666168,0.58477243
60.5,0.782172325,0.767836959
60.6,0.936906573,0.973665206
60.7,1.090716207,1.160720597
60.8,1.243449436,1.206008496
60.9,1.39495553,1.452890314
61,1.545084972,1.519970224
61.1,1.693689601,1.561505993
61.2,1.840622763,1.767400132
61.3,1.985739453,2.044170264
61.4,2.128896458,2.171958153
61.5,2.269952499,2.311780124
61.6,2.408768371,2.480415244
61.7,2.545207079,2.476643871
61.8,2.679133975,2.713522753
61.9,2.810416889,2.928316936
62,2.938926261,2.916188244
62.1,3.064535268,3.157248809
62.2,3.187119949,3.499519342
62.3,3.306559327,3.238559317
62.4,3.42273553,3.436745178
62.5,3.535533906,3.536469684
62.6,3.644843137,3.66467134
62.7,3.750555348,3.742695492
62.8,3.852566214,3.688417367
62.9,3.950775062,4.036051614
63,4.045084972,3.839705266
63.1,4.135402871,4.256680899
63.2,4.221639628,4.11050454
63.3,4.303710135,4.235236564
63.4,4.3815334,4.328799753
63.5,4.455032621,4.406452497
63.6,4.524135262,4.55723729
63.7,4.588773128,4.569711963
63.8,4.648882429,4.705296923
63.9,4.704403845,4.698899855
64,4.755282581,4.824649485
64.1,4.801468428,4.810590873
64.2,4.842915806,4.714668886
64.3,4.87958381,4.799162436
64.4,4.911436254,5.000501895
64.5,4.938441703,4.765506872
64.6,4.960573507,4.878794283
64.7,4.977809823,4.977733628
64.8,4.990133642,5.028374258
64.9,4.997532802,4.95546022
65,5,4.940244107
65.1,4.997532802,4.931596764
65.2,4.990133642,4.953757982
65.3,4.977809823,5.055197911
65.4,4.960573507,4.940555621
65.5,4.938441703,5.006284438
65.6,4.911436254,4.955412787
65.7,4.87958381,4.937461198
65.8,4.842915806,4.903541249
65.9,4.801468428,4.787262704
66,4.755282581,4.522328453
66.1,4.704403845,4.563093108
66.2,4.648882429,4.798437886
66.3,4.588773128,4.525411632
66.4,4.524135262,4.501835586
66.5,4.455032621,4.552933922
66.6,4.3815334,4.299153886
66.7,4.303710135,4.232635134
66.8,4.221639628,4.161385079
66.9,4.135402871,4.15397033
67,4.045084972,4.023401976
67.1,3.950775062,3.920432533
67.2,3.852566214,3.889049703
67.3,3.750555348,3.758711557
67.4,3.644843137,3.735777142
67.5,3.535533906,3.399298389
67.6,3.42273553,3.37806601
67.7,3.306559327,3.464909604
67.8,3.187119949,3.154337826
67.9,3.064535268,3.215642154
68,2.938926261,2.954956674
68.1,2.810416889,2.839404024
68.2,2.679133975,2.723212623
68.3,2.545207079,2.613284929
68.4,2.408768371,2.35081268
68.5,2.269952499,2.247299036
68.6,2.128896458,2.03501299
68.7,1.985739453,1.96251066
68.8,1.840622763,1.704906708
68.9,1.693689601,1.75881384
69,1.545084972,1.577201532
69.1,1.39495553,1.453460934
69.2,1.243449436,1.266814939
69.3,1.090716207,0.975737309
69.4,0.936906573,1.025376801
69.5,0.782172325,0.834322947
69.6,0.626666168,0.688164015
69.7,0.470541567,0.466237448
69.8,0.313952598,0.491485948
69.9,0.157053795,0.206826688
70,4.28626379701574e-15,0.002605377
70.1,-0.157053795,-0.16537545
70.2,-0.313952598,-0.455165841
70.3,-0.470541567,-0.417920326
70.4,-0.626666168,-0.754795301
70.5,-0.782172325,-0.6879276
70.6,-0.936906573,-1.076133094
70.7,-1.090716207,-0.998365782
70.8,-1.243449436,-1.206531737
70.9,-1.39495553,-1.382403351
71,-1.545084972,-1.585762555
71.1,-1.693689601,-1.917462034
71.2,-1.840622763,-1.860566896
71.3,-1.985739453,-2.082122003
71.4,-2.128896458,-2.180181928
71.5,-2.269952499,-2.314652618
71.6,-2.408768371,-2.360560016
71.7,-2.545207079,-2.625501928
71.8,-2.679133975,-2.583384494
71.9,-2.810416889,-2.772442847
72,-2.938926261,-3.051406636
72.1,-3.064535268,-3.080910399
72.2,-3.187119949,-3.252629442
72.3,-3.306559327,-3.473912747
72.4,-3.42273553,-3.577590706
72.5,-3.535533906,-3.544699113
72.6,-3.644843137,-3.853746885
72.7,-3.750555348,-3.743597267
72.8,-3.852566214,-3.777336969
72.9,-3.950775062,-4.031242712
73,-4.045084972,-3.924405079
73.1,-4.135402871,-4.071614808
73.2,-4.221639628,-4.414438279
73.3,-4.303710135,-4.541510181
73.4,-4.3815334,-4.3885008
73.5,-4.455032621,-4.466897094
73.6,-4.524135262,-4.548846535
73.7,-4.588773128,-4.456004137
73.8,-4.648882429,-4.603980205
73.9,-4.704403845,-4.596365386
74,-4.755282581,-4.765730356
74.1,-4.801468428,-4.866043191
74.2,-4.842915806,-4.879249991
74.3,-4.87958381,-4.8489042
74.4,-4.911436254,-4.860404304
74.5,-4.938441703,-5.048289633
74.6,-4.960573507,-5.005939288
74.7,-4.977809823,-5.09543378
74.8,-4.990133642,-4.909666383
74.9,-4.997532802,-5.125901952
75,-5,-5.153682026
75.1,-4.997532802,-5.0404015
75.2,-4.990133642,-4.993486193
75.3,-4.977809823,-5.034021145
75.4,-4.960573507,-4.759725346
75.5,-4.938441703,-5.055642305
75.6,-4.911436254,-4.875387484
75.7,-4.87958381,-4.855610992
75.8,-4.842915806,-4.731244999
75.9,-4.801468428,-4.795718093
76,-4.755282581,-4.719746393
76.1,-4.704403845,-4.778827635
76.2,-4.648882429,-4.481889119
76.3,-4.588773128,-4.653053664
76.4,-4.524135262,-4.590496344
76.5,-4.455032621,-4.442486448
76.6,-4.3815334,-4.318183089
76.7,-4.303710135,-4.355521786
76.8,-4.221639628,-4.206772044
76.9,-4.135402871,-4.221696092
77,-4.045084972,-4.063222842
77.1,-3.950775062,-3.929158663
77.2,-3.852566214,-3.7380107
77.3,-3.750555348,-3.683256809
77.4,-3.644843137,-3.628329151
77.5,-3.535533906,-3.560368425
77.6,-3.42273553,-3.461055043
77.7,-3.306559327,-3.341750726
77.8,-3.187119949,-3.17482971
77.9,-3.064535268,-2.971498211
78,-2.938926261,-2.988222378
78.1,-2.810416889,-2.87134033
78.2,-2.679133975,-2.74552431
78.3,-2.545207079,-2.454415402
78.4,-2.408768371,-2.554347434
78.5,-2.269952499,-2.429346426
78.6,-2.128896458,-2.07922656
78.7,-1.985739453,-1.999699369
78.8,-1.840622763,-1.627074169
78.9,-1.693689601,-1.805934196
79,-1.545084972,-1.538405726
79.1,-1.39495553,-1.326030822
79.2,-1.243449436,-1.108824916
79.3,-1.090716207,-0.999774826
79.4,-0.936906573,-0.892718286
79.5,-0.782172325,-0.826009861
79.6,-0.626666168,-0.851602813
79.7,-0.470541567,-0.700267311
79.8,-0.313952598,-0.273165211
79.9,-0.157053795,-0.199712508
80,-4.90E-15,-0.026619073
80.1,0.157053795,0.060052608
80.2,0.313952598,0.281087178
80.3,0.470541567,0.525995062
80.4,0.626666168,0.722695893
80.5,0.782172325,0.723009865
80.6,0.936906573,0.915582006
80.7,1.090716207,1.068470352
80.8,1.243449436,1.245282905
80.9,1.39495553,1.454219558
81,1.545084972,1.612596379
81.1,1.693689601,1.701435999
81.2,1.840622763,1.758516371
81.3,1.985739453,2.085426636
81.4,2.128896458,2.254240814
81.5,2.269952499,2.171004881
81.6,2.408768371,2.367169372
81.7,2.545207079,2.357738244
81.8,2.679133975,2.616760482
81.9,2.810416889,2.835176954
82,2.938926261,2.885199377
82.1,3.064535268,3.194884478
82.2,3.187119949,3.207140182
82.3,3.306559327,3.304546711
82.4,3.42273553,3.460955376
82.5,3.535533906,3.437496883
82.6,3.644843137,3.669977818
82.7,3.750555348,3.807403654
82.8,3.852566214,3.873601742
82.9,3.950775062,4.125430638
83,4.045084972,3.987283199
83.1,4.135402871,4.096216414
83.2,4.221639628,4.328104232
83.3,4.303710135,4.336856177
83.4,4.3815334,4.40459498
83.5,4.455032621,4.358330761
83.6,4.524135262,4.552054839
83.7,4.588773128,4.647285205
83.8,4.648882429,4.553031504
83.9,4.704403845,4.649146555
84,4.755282581,4.728369698
84.1,4.801468428,4.961731532
84.2,4.842915806,5.047252244
84.3,4.87958381,4.902729421
84.4,4.911436254,5.052800626
84.5,4.938441703,4.805367688
84.6,4.960573507,4.86931799
84.7,4.977809823,4.90165075
84.8,4.990133642,5.052921445
84.9,4.997532802,4.9833715
85,5,5.001444789
85.1,4.997532802,4.806322433
85.2,4.990133642,5.047527261
85.3,4.977809823,5.15551508
85.4,4.960573507,5.092577171
85.5,4.938441703,5.056324976
85.6,4.911436254,4.880396995
85.7,4.87958381,4.927292562
85.8,4.842915806,4.88598267
85.9,4.801468428,4.736152049
86,4.755282581,4.689054613
86.1,4.704403845,4.761071381
86.2,4.648882429,4.567053098
86.3,4.588773128,4.600710396
86.4,4.524135262,4.494899469
86.5,4.455032621,4.514631524
86.6,4.3815334,4.364408009
86.7,4.303710135,4.303149863
86.8,4.221639628,3.981123178
86.9,4.135402871,4.175129616
87,4.045084972,4.049496874
87.1,3.950775062,3.916058272
87.2,3.852566214,3.741692957
87.3,3.750555348,3.796017242
87.4,3.644843137,3.77121901
87.5,3.535533906,3.541749836
87.6,3.42273553,3.265894723
87.7,3.306559327,3.230941824
87.8,3.187119949,3.203385226
87.9,3.064535268,3.134828994
88,2.938926261,2.861472417
88.1,2.810416889,2.775207234
88.2,2.679133975,2.72845027
88.3,2.545207079,2.492463609
88.4,2.408768371,2.240266757
88.5,2.269952499,2.372968018
88.6,2.128896458,2.035279001
88.7,1.985739453,2.068178997
88.8,1.840622763,1.961548505
88.9,1.693689601,1.606547959
89,1.545084972,1.442156128
89.1,1.39495553,1.408558936
89.2,1.243449436,1.169770872
89.3,1.090716207,1.154537725
89.4,0.936906573,1.063522225
89.5,0.782172325,0.745851066
89.6,0.626666168,0.708594732
89.7,0.470541567,0.529164283
89.8,0.313952598,0.248517202
89.9,0.157053795,0.248197782
90,5.51091059616309e-15,-0.006647329
90.1,-0.157053795,-0.076680273
90.2,-0.313952598,-0.263814373
90.3,-0.470541567,-0.515830756
90.4,-0.626666168,-0.760382388
90.5,-0.782172325,-0.449564274
90.6,-0.936906573,-0.859394246
90.7,-1.090716207,-1.164185798
90.8,-1.243449436,-1.115090635
90.9,-1.39495553,-1.42898137
91,-1.545084972,-1.323169538
91.1,-1.693689601,-1.757310007
91.2,-1.840622763,-1.927766566
91.3,-1.985739453,-2.047581119
91.4,-2.128896458,-2.157725812
91.5,-2.269952499,-2.209047601
91.6,-2.408768371,-2.521601887
91.7,-2.545207079,-2.532711537
91.8,-2.679133975,-2.735490308
91.9,-2.810416889,-2.924247157
92,-2.938926261,-2.993513193
92.1,-3.064535268,-3.077840654
92.2,-3.187119949,-3.040773474
92.3,-3.306559327,-3.293908765
92.4,-3.42273553,-3.357376269
92.5,-3.535533906,-3.630608928
92.6,-3.644843137,-3.598074554
92.7,-3.750555348,-3.55674205
92.8,-3.852566214,-3.816467613
92.9,-3.950775062,-3.874689503
93,-4.045084972,-4.154792645
93.1,-4.135402871,-4.111754155
93.2,-4.221639628,-4.32235529
93.3,-4.303710135,-4.243831268
93.4,-4.3815334,-4.318759056
93.5,-4.455032621,-4.680275818
93.6,-4.524135262,-4.577069798
93.7,-4.588773128,-4.612561547
93.8,-4.648882429,-4.613060373
93.9,-4.704403845,-4.950439874
94,-4.755282581,-4.726630807
94.1,-4.801468428,-4.818707285
94.2,-4.842915806,-4.858591065
94.3,-4.87958381,-4.899723531
94.4,-4.911436254,-4.928759632
94.5,-4.938441703,-4.907353623
94.6,-4.960573507,-4.944522605
94.7,-4.977809823,-5.030042352
94.8,-4.990133642,-5.100702658
94.9,-4.997532802,-5.014756118
95,-5,-5.145745852
95.1,-4.997532802,-5.039439178
95.2,-4.990133642,-5.027499525
95.3,-4.977809823,-4.811084149
95.4,-4.960573507,-4.903509102
95.5,-4.938441703,-4.955329271
95.6,-4.911436254,-5.073684925
95.7,-4.87958381,-4.882114855
95.8,-4.842915806,-4.754539601
95.9,-4.801468428,-4.818035545
96,-4.755282581,-4.741604763
96.1,-4.704403845,-4.640369288
96.2,-4.648882429,-4.645120299
96.3,-4.588773128,-4.680820419
96.4,-4.524135262,-4.595281433
96.5,-4.455032621,-4.413381403
96.6,-4.3815334,-4.409941015
96.7,-4.303710135,-4.507548791
96.8,-4.221639628,-4.041949087
96.9,-4.135402871,-3.980507243
97,-4.045084972,-4.011365411
97.1,-3.950775062,-3.889377522
97.2,-3.852566214,-3.921890995
97.3,-3.750555348,-3.70064574
97.4,-3.644843137,-3.778564412
97.5,-3.535533906,-3.746220224
97.6,-3.42273553,-3.369266341
97.7,-3.306559327,-3.318794664
97.8,-3.187119949,-3.333825735
97.9,-3.064535268,-3.088733568
98,-2.938926261,-2.994762561
98.1,-2.810416889,-2.81467432
98.2,-2.679133975,-2.803881723
98.3,-2.545207079,-2.657091416
98.4,-2.408768371,-2.409587577
98.5,-2.269952499,-2.212342266
98.6,-2.128896458,-2.146630681
98.7,-1.985739453,-1.842569433
98.8,-1.840622763,-1.935740446
98.9,-1.693689601,-1.874700786
99,-1.545084972,-1.575500362
99.1,-1.39495553,-1.440965203
99.2,-1.243449436,-1.373062084
99.3,-1.090716207,-1.08552802
99.4,-0.936906573,-0.94433882
99.5,-0.782172325,-0.627245121
99.6,-0.626666168,-0.594870944
99.7,-0.470541567,-0.464429779
99.8,-0.313952598,-0.491549197
99.9,-0.157053795,-0.280846958
100,-6.12E-15,0.064698119
100.1,0.157053795,0.125918196
100.2,0.313952598,0.190317345
100.3,0.470541567,0.552170901
100.4,0.626666168,0.57844494
100.5,0.782172325,0.678756066
100.6,0.936906573,1.013042427
100.7,1.090716207,1.148736305
100.8,1.243449436,1.185895745
100.9,1.39495553,1.345668145
101,1.545084972,1.398338658
101.1,1.693689601,1.408249865
101.2,1.840622763,1.823015645
101.3,1.985739453,1.909139594
101.4,2.128896458,2.343369198
101.5,2.269952499,2.274808819
101.6,2.408768371,2.373707447
101.7,2.545207079,2.40968438
101.8,2.679133975,2.758007508
101.9,2.810416889,2.819541437
102,2.938926261,3.041780849
102.1,3.064535268,3.250370068
102.2,3.187119949,3.280629239
102.3,3.306559327,3.16544219
102.4,3.42273553,3.556902796
102.5,3.535533906,3.696510103
102.6,3.644843137,3.609707007
102.7,3.750555348,3.884690749
102.8,3.852566214,3.720985158
102.9,3.950775062,4.028795915
103,4.045084972,4.110316808
103.1,4.135402871,4.173597162
103.2,4.221639628,4.167022517
103.3,4.303710135,4.401602098
103.4,4.3815334,4.318186668
103.5,4.455032621,4.650711701
103.6,4.524135262,4.518219186
103.7,4.588773128,4.71555296
103.8,4.648882429,4.635211483
103.9,4.704403845,4.662044718
104,4.755282581,4.74383198
104.1,4.801468428,4.830025236
104.2,4.842915806,4.71706261
104.3,4.87958381,4.856314602
104.4,4.911436254,4.943022718
104.5,4.938441703,4.971012606
104.6,4.960573507,4.669466701
104.7,4.977809823,5.096315656
104.8,4.990133642,4.877473647
104.9,4.997532802,4.995002299
105,5,4.946436126
105.1,4.997532802,4.992569856
105.2,4.990133642,5.078445737
105.3,4.977809823,4.942831616
105.4,4.960573507,5.004527626
105.5,4.938441703,5.005220081
105.6,4.911436254,4.96882964
105.7,4.87958381,5.009728502
105.8,4.842915806,4.843940362
105.9,4.801468428,4.67832731
106,4.755282581,4.830053827
106.1,4.704403845,4.769039302
106.2,4.648882429,4.519119316
106.3,4.588773128,4.624095893
106.4,4.524135262,4.518486379
106.5,4.455032621,4.393296133
106.6,4.3815334,4.285433714
106.7,4.303710135,4.119765169
106.8,4.221639628,4.183340036
106.9,4.135402871,4.078283555
107,4.045084972,4.061283267
107.1,3.950775062,4.01902287
107.2,3.852566214,3.794305003
107.3,3.750555348,3.784843013
107.4,3.644843137,3.502958199
107.5,3.535533906,3.597259274
107.6,3.42273553,3.509550848
107.7,3.306559327,3.349003184
107.8,3.187119949,3.283318573
107.9,3.064535268,3.068191859
108,2.938926261,3.024329845
108.1,2.810416889,2.973829301
108.2,2.679133975,2.751700301
108.3,2.545207079,2.451040287
108.4,2.408768371,2.20141413
108.5,2.269952499,2.040018171
108.6,2.128896458,2.153976921
108.7,1.985739453,1.921583241
108.8,1.840622763,1.978289382
108.9,1.693689601,1.507038302
109,1.545084972,1.544304954
109.1,1.39495553,1.400248504
109.2,1.243449436,1.195467191
109.3,1.090716207,0.998440761
109.4,0.936906573,0.896953529
109.5,0.782172325,0.638505064
109.6,0.626666168,0.712110412
109.7,0.470541567,0.349005814
109.8,0.313952598,0.192217574
109.9,0.157053795,0.303797053
110,2.44991257893129e-14,0.030025671
110.1,-0.157053795,-0.175812887
110.2,-0.313952598,-0.135205564
110.3,-0.470541567,-0.476124004
110.4,-0.626666168,-0.49587413
110.5,-0.782172325,-0.712678984
110.6,-0.936906573,-0.954897494
110.7,-1.090716207,-1.215954368
110.8,-1.243449436,-1.277321734
110.9,-1.39495553,-1.307910231
111,-1.545084972,-1.35280498
111.1,-1.693689601,-1.622067466
111.2,-1.840622763,-1.693128194
111.3,-1.985739453,-2.063906431
111.4,-2.128896458,-2.194070194
111.5,-2.269952499,-2.066552118
111.6,-2.408768371,-2.523669767
111.7,-2.545207079,-2.501300503
111.8,-2.679133975,-2.625784413
111.9,-2.810416889,-2.850350073
112,-2.938926261,-2.873287253
112.1,-3.064535268,-3.081800139
112.2,-3.187119949,-3.172808803
112.3,-3.306559327,-3.143452607
112.4,-3.42273553,-3.38018951
112.5,-3.535533906,-3.646894927
112.6,-3.644843137,-3.489139574
112.7,-3.750555348,-3.87378301
112.8,-3.852566214,-3.796499126
112.9,-3.950775062,-3.994865515
113,-4.045084972,-4.090650197
113.1,-4.135402871,-4.146413227
113.2,-4.221639628,-4.219923505
113.3,-4.303710135,-4.224487266
113.4,-4.3815334,-4.353386063
113.5,-4.455032621,-4.255824319
113.6,-4.524135262,-4.699786753
113.7,-4.588773128,-4.659124017
113.8,-4.648882429,-4.799710821
113.9,-4.704403845,-4.630157704
114,-4.755282581,-4.769094816
114.1,-4.801468428,-4.72027392
114.2,-4.842915806,-4.813077667
114.3,-4.87958381,-4.995128748
114.4,-4.911436254,-4.874101786
114.5,-4.938441703,-4.863751811
114.6,-4.960573507,-4.983812178
114.7,-4.977809823,-5.038162396
114.8,-4.990133642,-4.892636308
114.9,-4.997532802,-5.067453215
115,-5,-4.931539907
115.1,-4.997532802,-5.002075948
115.2,-4.990133642,-5.044369196
115.3,-4.977809823,-4.93002395
115.4,-4.960573507,-4.833458474
115.5,-4.938441703,-4.94955649
115.6,-4.911436254,-5.042723926
115.7,-4.87958381,-4.72586063
115.8,-4.842915806,-4.876167298
115.9,-4.801468428,-4.768872981
116,-4.755282581,-4.747619619
116.1,-4.704403845,-4.814265585
116.2,-4.648882429,-4.609061342
116.3,-4.588773128,-4.470376095
116.4,-4.524135262,-4.515843798
116.5,-4.455032621,-4.420188499
116.6,-4.3815334,-4.382702213
116.7,-4.303710135,-4.281387985
116.8,-4.221639628,-4.27525161
116.9,-4.135402871,-4.17846013
117,-4.045084972,-4.12787302
117.1,-3.950775062,-3.780264418
117.2,-3.852566214,-3.84436407
117.3,-3.750555348,-3.670770285
117.4,-3.644843137,-3.626789126
117.5,-3.535533906,-3.445884778
117.6,-3.42273553,-3.542505729
117.7,-3.306559327,-3.527861824
117.8,-3.187119949,-3.222097006
117.9,-3.064535268,-2.990637148
118,-2.938926261,-2.881288625
118.1,-2.810416889,-2.800511631
118.2,-2.679133975,-2.710281584
118.3,-2.545207079,-2.46192324
118.4,-2.408768371,-2.505942628
118.5,-2.269952499,-2.163255504
118.6,-2.128896458,-2.229874365
118.7,-1.985739453,-2.066347554
118.8,-1.840622763,-1.763557041
118.9,-1.693689601,-1.897110915
119,-1.545084972,-1.584515591
119.1,-1.39495553,-1.358593091
119.2,-1.243449436,-1.290946147
119.3,-1.090716207,-1.066032376
119.4,-0.936906573,-0.887952715
119.5,-0.782172325,-0.833450951
119.6,-0.626666168,-0.491941145
119.7,-0.470541567,-0.434327096
119.8,-0.313952598,-0.22686868
119.9,-0.157053795,-0.060450181
120,-7.35E-15,-0.014773252
120.1,0.157053795,0.267135267
120.2,0.313952598,0.568149647
120.3,0.470541567,0.475103576
120.4,0.626666168,0.406717993
120.5,0.782172325,0.801904064
120.6,0.936906573,0.87072917
120.7,1.090716207,1.078093149
120.8,1.243449436,1.2010277
120.9,1.39495553,1.405296348
121,1.545084972,1.661694136
121.1,1.693689601,1.83115332
121.2,1.840622763,1.804551521
121.3,1.985739453,1.939899059
121.4,2.128896458,1.952101243
121.5,2.269952499,2.18434903
121.6,2.408768371,2.523515888
121.7,2.545207079,2.619592685
121.8,2.679133975,2.808321737
121.9,2.810416889,2.710029216
122,2.938926261,3.105238744
122.1,3.064535268,3.042361613
122.2,3.187119949,3.107563831
122.3,3.306559327,3.201359524
122.4,3.42273553,3.277196599
122.5,3.535533906,3.603660983
122.6,3.644843137,3.726904308
122.7,3.750555348,3.741148567
122.8,3.852566214,3.814979564
122.9,3.950775062,3.902969294
123,4.045084972,4.018811678
123.1,4.135402871,4.133409393
123.2,4.221639628,4.23369925
123.3,4.303710135,4.209149783
123.4,4.3815334,4.310183686
123.5,4.455032621,4.464924833
123.6,4.524135262,4.619894879
123.7,4.588773128,4.552119783
123.8,4.648882429,4.807286473
123.9,4.704403845,4.680892104
124,4.755282581,4.775768252
124.1,4.801468428,4.979781723
124.2,4.842915806,4.855198929
124.3,4.87958381,4.825780289
124.4,4.911436254,5.036560269
124.5,4.938441703,4.881980243
124.6,4.960573507,4.876635999
124.7,4.977809823,5.116436938
124.8,4.990133642,5.189950378
124.9,4.997532802,5.062822069
125,5,4.982495042
125.1,4.997532802,4.98940882
125.2,4.990133642,5.097642135
125.3,4.977809823,5.019309109
125.4,4.960573507,5.003968472
125.5,4.938441703,4.78481979
125.6,4.911436254,4.988452979
125.7,4.87958381,4.728823483
125.8,4.842915806,4.737825281
125.9,4.801468428,4.906625264
126,4.755282581,4.707333614
126.1,4.704403845,4.696358178
126.2,4.648882429,4.623116709
126.3,4.588773128,4.622256962
126.4,4.524135262,4.441038682
126.5,4.455032621,4.541416835
126.6,4.3815334,4.421931264
126.7,4.303710135,4.288504874
126.8,4.221639628,4.165878556
126.9,4.135402871,4.090360481
127,4.045084972,3.89392717
127.1,3.950775062,3.962059457
127.2,3.852566214,3.807500993
127.3,3.750555348,3.727303057
127.4,3.644843137,3.655491157
127.5,3.535533906,3.684037432
127.6,3.42273553,3.45839573
127.7,3.306559327,3.266254927
127.8,3.187119949,3.17084918
127.9,3.064535268,3.036548742
128,2.938926261,2.981305069
128.1,2.810416889,2.765056478
128.2,2.679133975,2.704776365
128.3,2.545207079,2.604958335
128.4,2.408768371,2.427399087
128.5,2.269952499,2.180865994
128.6,2.128896458,2.181289771
128.7,1.985739453,2.008894588
128.8,1.840622763,1.937384782
128.9,1.693689601,1.690875389
129,1.545084972,1.573156914
129.1,1.39495553,1.503731555
129.2,1.243449436,1.244276154
129.3,1.090716207,0.985294358
129.4,0.936906573,0.990748281
129.5,0.782172325,0.717694813
129.6,0.626666168,0.496307655
129.7,0.470541567,0.533497504
129.8,0.313952598,0.283066844
129.9,0.157053795,0.088466961
130,-9.80E-15,-0.184010098
130.1,-0.157053795,-0.23447333
130.2,-0.313952598,-0.344315199
130.3,-0.470541567,-0.373941797
130.4,-0.626666168,-0.657765319
130.5,-0.782172325,-0.72670839
130.6,-0.936906573,-0.98161855
130.7,-1.090716207,-1.093191158
130.8,-1.243449436,-1.236403948
130.9,-1.39495553,-1.346954721
131,-1.545084972,-1.625922998
131.1,-1.693689601,-1.66866678
131.2,-1.840622763,-1.879659261
131.3,-1.985739453,-2.02658315
131.4,-2.128896458,-2.166366574
131.5,-2.269952499,-2.185708967
131.6,-2.408768371,-2.315945247
131.7,-2.545207079,-2.545552053
131.8,-2.679133975,-2.552237139
131.9,-2.810416889,-2.849813782
132,-2.938926261,-2.914996462
132.1,-3.064535268,-3.061561994
132.2,-3.187119949,-3.139498449
132.3,-3.306559327,-3.275260162
132.4,-3.42273553,-3.423104948
132.5,-3.535533906,-3.524357911
132.6,-3.644843137,-3.666378358
132.7,-3.750555348,-3.842938123
132.8,-3.852566214,-3.899120542
132.9,-3.950775062,-4.066674784
133,-4.045084972,-3.951615904
133.1,-4.135402871,-4.390487249
133.2,-4.221639628,-4.333616347
133.3,-4.303710135,-4.140756407
133.4,-4.3815334,-4.199506445
133.5,-4.455032621,-4.531695555
133.6,-4.524135262,-4.584706316
133.7,-4.588773128,-4.581356803
133.8,-4.648882429,-4.721416694
133.9,-4.704403845,-4.620538799
134,-4.755282581,-4.599978679
134.1,-4.801468428,-4.730854297
134.2,-4.842915806,-4.886159687
134.3,-4.87958381,-4.697360653
134.4,-4.911436254,-4.739922409
134.5,-4.938441703,-4.824683398
134.6,-4.960573507,-5.075044886
134.7,-4.977809823,-4.812255019
134.8,-4.990133642,-5.005699014
134.9,-4.997532802,-5.217836607
135,-5,-5.100262417
135.1,-4.997532802,-5.116480792
135.2,-4.990133642,-5.022851917
135.3,-4.977809823,-5.090233597
135.4,-4.960573507,-5.045571427
135.5,-4.938441703,-4.961098317
135.6,-4.911436254,-4.94464779
135.7,-4.87958381,-4.93261765
135.8,-4.842915806,-4.96195323
135.9,-4.801468428,-4.799051078
136,-4.755282581,-4.735926203
136.1,-4.704403845,-4.738132621
136.2,-4.648882429,-4.592592969
136.3,-4.588773128,-4.634738921
136.4,-4.524135262,-4.640590582
136.5,-4.455032621,-4.324493519
136.6,-4.3815334,-4.331231925
136.7,-4.303710135,-4.170521365
136.8,-4.221639628,-4.13376368
136.9,-4.135402871,-4.097295197
137,-4.045084972,-3.897416623
137.1,-3.950775062,-4.037863981
137.2,-3.852566214,-3.910840537
137.3,-3.750555348,-3.848469434
137.4,-3.644843137,-3.683135498
137.5,-3.535533906,-3.574416083
137.6,-3.42273553,-3.385983309
137.7,-3.306559327,-3.310063773
137.8,-3.187119949,-3.263056483
137.9,-3.064535268,-3.113040941
138,-2.938926261,-2.912724268
138.1,-2.810416889,-2.881086453
138.2,-2.679133975,-2.826946392
138.3,-2.545207079,-2.416659745
138.4,-2.408768371,-2.472348966
138.5,-2.269952499,-2.208538406
138.6,-2.128896458,-2.102075349
138.7,-1.985739453,-1.874812865
138.8,-1.840622763,-1.792980889
138.9,-1.693689601,-1.707778654
139,-1.545084972,-1.359802972
139.1,-1.39495553,-1.461726561
139.2,-1.243449436,-1.269176901
139.3,-1.090716207,-0.924168048
139.4,-0.936906573,-1.073713257
139.5,-0.782172325,-0.745286076
139.6,-0.626666168,-0.553569319
139.7,-0.470541567,-0.593505457
139.8,-0.313952598,-0.317778173
139.9,-0.157053795,-0.154028652
140,-8.57E-15,-0.123101299
140.1,0.157053795,0.097664918
140.2,0.313952598,0.484350593
140.3,0.470541567,0.527224399
140.4,0.626666168,0.637479947
140.5,0.782172325,0.797717728
140.6,0.936906573,0.996191039
140.7,1.090716207,1.174997567
140.8,1.243449436,1.312213022
140.9,1.39495553,1.593630884
141,1.545084972,1.679820177
141.1,1.693689601,1.764217756
141.2,1.840622763,1.784624621
141.3,1.985739453,2.122579691
141.4,2.128896458,2.252242488
141.5,2.269952499,2.3054203
141.6,2.408768371,2.226046275
141.7,2.545207079,2.580192918
141.8,2.679133975,2.660044539
141.9,2.810416889,2.807564571
142,2.938926261,3.05474799
142.1,3.064535268,3.097620482
142.2,3.187119949,3.349870818
142.3,3.306559327,3.357613383
142.4,3.42273553,3.3797338
142.5,3.535533906,3.509368734
142.6,3.644843137,3.592922907
142.7,3.750555348,3.629293088
142.8,3.852566214,3.862547191
142.9,3.950775062,4.055232933
143,4.045084972,3.91176803
143.1,4.135402871,4.126145488
143.2,4.221639628,4.38271593
143.3,4.303710135,4.209094411
143.4,4.3815334,4.252995503
143.5,4.455032621,4.396912186
143.6,4.524135262,4.596331671
143.7,4.588773128,4.698624686
143.8,4.648882429,4.720508628
143.9,4.704403845,4.722848806
144,4.755282581,4.771019412
144.1,4.801468428,4.954393113
144.2,4.842915806,4.90362852
144.3,4.87958381,4.81741362
144.4,4.911436254,4.930267564
144.5,4.938441703,4.875737834
144.6,4.960573507,4.969181403
144.7,4.977809823,5.034710501
144.8,4.990133642,4.992045977
144.9,4.997532802,4.869258952
145,5,4.859198645
145.1,4.997532802,5.084609265
145.2,4.990133642,5.058529692
145.3,4.977809823,4.805925813
145.4,4.960573507,4.809401315
145.5,4.938441703,4.864622917
145.6,4.911436254,4.926187075
145.7,4.87958381,4.801626447
145.8,4.842915806,4.823057509
145.9,4.801468428,4.869886497
146,4.755282581,4.866844137
146.1,4.704403845,4.715904765
146.2,4.648882429,4.653103975
146.3,4.588773128,4.636509497
146.4,4.524135262,4.654136313
146.5,4.455032621,4.502447286
146.6,4.3815334,4.264910453
146.7,4.303710135,4.329421368
146.8,4.221639628,4.226164484
146.9,4.135402871,4.123576688
147,4.045084972,3.980772093
147.1,3.950775062,3.99377031
147.2,3.852566214,3.977647869
147.3,3.750555348,3.710918401
147.4,3.644843137,3.451965187
147.5,3.535533906,3.457857352
147.6,3.42273553,3.301585523
147.7,3.306559327,3.301694812
147.8,3.187119949,3.070124653
147.9,3.064535268,2.837519039
148,2.938926261,2.960832282
148.1,2.810416889,2.907017774
148.2,2.679133975,2.720492509
148.3,2.545207079,2.677318048
148.4,2.408768371,2.442284088
148.5,2.269952499,2.303153775
148.6,2.128896458,2.157536101
148.7,1.985739453,1.960839344
148.8,1.840622763,1.769976009
148.9,1.693689601,1.728664384
149,1.545084972,1.525350542
149.1,1.39495553,1.305941671
149.2,1.243449436,1.063430889
149.3,1.090716207,1.057353145
149.4,0.936906573,0.9657533
149.5,0.782172325,0.946167011
149.6,0.626666168,0.653597989
149.7,0.470541567,0.583236099
149.8,0.313952598,0.35989831
149.9,0.157053795,0.109543493
150,2.69484193876077e-14,0.051139414
150.1,-0.157053795,-0.316947823
150.2,-0.313952598,-0.449253131
150.3,-0.470541567,-0.575499541
150.4,-0.626666168,-0.701914421
150.5,-0.782172325,-0.720387738
150.6,-0.936906573,-0.970630436
150.7,-1.090716207,-1.156552816
150.8,-1.243449436,-1.170005308
150.9,-1.39495553,-1.376903677
151,-1.545084972,-1.571161496
151.1,-1.693689601,-1.670819187
151.2,-1.840622763,-1.699265639
151.3,-1.985739453,-1.979265638
151.4,-2.128896458,-2.062556425
151.5,-2.269952499,-2.173961888
151.6,-2.408768371,-2.259361799
151.7,-2.545207079,-2.625452782
151.8,-2.679133975,-2.595008041
151.9,-2.810416889,-2.891346999
152,-2.938926261,-2.906562912
152.1,-3.064535268,-3.048555311
152.2,-3.187119949,-3.289080048
152.3,-3.306559327,-3.386371965
152.4,-3.42273553,-3.238977391
152.5,-3.535533906,-3.700031529
152.6,-3.644843137,-3.613009657
152.7,-3.750555348,-3.694897718
152.8,-3.852566214,-3.863327039
152.9,-3.950775062,-3.777091733
153,-4.045084972,-4.231997241
153.1,-4.135402871,-4.266141617
153.2,-4.221639628,-4.320962405
153.3,-4.303710135,-4.277891518
153.4,-4.3815334,-4.23067655
153.5,-4.455032621,-4.662849215
153.6,-4.524135262,-4.647321054
153.7,-4.588773128,-4.718621428
153.8,-4.648882429,-4.761755137
153.9,-4.704403845,-4.596046263
154,-4.755282581,-4.72018623
154.1,-4.801468428,-4.646193106
154.2,-4.842915806,-4.786885585
154.3,-4.87958381,-4.77045784
154.4,-4.911436254,-5.103211253
154.5,-4.938441703,-4.94726787
154.6,-4.960573507,-4.997675581
154.7,-4.977809823,-4.932177278
154.8,-4.990133642,-4.959158685
154.9,-4.997532802,-5.124831511
155,-5,-5.007916426
155.1,-4.997532802,-4.975269954
155.2,-4.990133642,-4.958244786
155.3,-4.977809823,-5.043818487
155.4,-4.960573507,-5.112461187
155.5,-4.938441703,-4.784171072
155.6,-4.911436254,-4.859739125
155.7,-4.87958381,-4.807932311
155.8,-4.842915806,-4.863659533
155.9,-4.801468428,-4.775607701
156,-4.755282581,-4.833518329
156.1,-4.704403845,-4.608054672
156.2,-4.648882429,-4.578838536
156.3,-4.588773128,-4.654848774
156.4,-4.524135262,-4.602269708
156.5,-4.455032621,-4.619590751
156.6,-4.3815334,-4.363799235
156.7,-4.303710135,-4.340903018
156.8,-4.221639628,-4.280814101
156.9,-4.135402871,-4.225724909
157,-4.045084972,-4.107731801
157.1,-3.950775062,-3.921381819
157.2,-3.852566214,-4.037781075
157.3,-3.750555348,-3.62847745
157.4,-3.644843137,-3.655515425
157.5,-3.535533906,-3.489335691
157.6,-3.42273553,-3.297318455
157.7,-3.306559327,-3.250625196
157.8,-3.187119949,-3.12841869
157.9,-3.064535268,-3.219626032
158,-2.938926261,-3.05062009
158.1,-2.810416889,-2.818430963
158.2,-2.679133975,-2.642233942
158.3,-2.545207079,-2.445547715
158.4,-2.408768371,-2.599759186
158.5,-2.269952499,-2.294617082
158.6,-2.128896458,-2.120105901
158.7,-1.985739453,-2.038480236
158.8,-1.840622763,-1.793567877
158.9,-1.693689601,-1.739559567
159,-1.545084972,-1.487789159
159.1,-1.39495553,-1.38181212
159.2,-1.243449436,-1.278735747
159.3,-1.090716207,-1.078506982
159.4,-0.936906573,-1.119556375
159.5,-0.782172325,-0.587318336
159.6,-0.626666168,-0.817481758
159.7,-0.470541567,-0.565983561
159.8,-0.313952598,-0.436001822
159.9,-0.157053795,-0.185781749
160,-9.80E-15,-0.116409832
160.1,0.157053795,0.280562501
160.2,0.313952598,0.29609003
160.3,0.470541567,0.680340378
160.4,0.626666168,0.652405938
160.5,0.782172325,0.866682761
160.6,0.936906573,0.910901391
160.7,1.090716207,1.093973626
160.8,1.243449436,1.255175574
160.9,1.39495553,1.477179222
161,1.545084972,1.5346565
161.1,1.693689601,1.723177615
161.2,1.840622763,1.856452021
161.3,1.985739453,2.007214701
161.4,2.128896458,2.003660866
161.5,2.269952499,2.096894392
161.6,2.408768371,2.430506499
161.7,2.545207079,2.699549362
161.8,2.679133975,2.678121562
161.9,2.810416889,2.954410521
162,2.938926261,3.112838597
162.1,3.064535268,2.778526033
162.2,3.187119949,3.010437242
162.3,3.306559327,3.236794277
162.4,3.42273553,3.203598728
162.5,3.535533906,3.580713833
162.6,3.644843137,3.723755389
162.7,3.750555348,3.848689503
162.8,3.852566214,3.851980335
162.9,3.950775062,3.810361173
163,4.045084972,3.967517156
163.1,4.135402871,4.191341387
163.2,4.221639628,4.228453872
163.3,4.303710135,4.288810502
163.4,4.3815334,4.483455237
163.5,4.455032621,4.533925985
163.6,4.524135262,4.593404026
163.7,4.588773128,4.591639677
163.8,4.648882429,4.757527185
163.9,4.704403845,4.756433413
164,4.755282581,4.73412996
164.1,4.801468428,4.730621634
164.2,4.842915806,4.834884979
164.3,4.87958381,4.867795611
164.4,4.911436254,4.927488587
164.5,4.938441703,4.87110628
164.6,4.960573507,4.998616026
164.7,4.977809823,5.09267385
164.8,4.990133642,4.807639302
164.9,4.997532802,5.114335714
165,5,4.941619698
165.1,4.997532802,5.157783041
165.2,4.990133642,5.065530661
165.3,4.977809823,5.004838841
165.4,4.960573507,4.991193182
165.5,4.938441703,4.791066635
165.6,4.911436254,4.916838584
165.7,4.87958381,4.895926407
165.8,4.842915806,4.887560895
165.9,4.801468428,5.055569419
166,4.755282581,4.62972089
166.1,4.704403845,4.799703194
166.2,4.648882429,4.564743953
166.3,4.588773128,4.596307814
166.4,4.524135262,4.634548004
166.5,4.455032621,4.624912242
166.6,4.3815334,4.602058774
166.7,4.303710135,4.310407968
166.8,4.221639628,4.173184073
166.9,4.135402871,4.244150323
167,4.045084972,3.907964691
167.1,3.950775062,3.924216535
167.2,3.852566214,3.985539956
167.3,3.750555348,3.765301948
167.4,3.644843137,3.582000837
167.5,3.535533906,3.473513875
167.6,3.42273553,3.429241542
167.7,3.306559327,3.294270998
167.8,3.187119949,3.212202366
167.9,3.064535268,3.124814928
168,2.938926261,3.029236331
168.1,2.810416889,2.827891881
168.2,2.679133975,2.892966777
168.3,2.545207079,2.468267625
168.4,2.408768371,2.493632617
168.5,2.269952499,2.287717998
168.6,2.128896458,2.189970457
168.7,1.985739453,1.973766721
168.8,1.840622763,1.800551389
168.9,1.693689601,1.673126438
169,1.545084972,1.518710622
169.1,1.39495553,1.234450634
169.2,1.243449436,1.282360106
169.3,1.090716207,1.155290134
169.4,0.936906573,0.827124756
169.5,0.782172325,0.798712092
169.6,0.626666168,0.579314374
169.7,0.470541567,0.52920512
169.8,0.313952598,0.228417394
169.9,0.157053795,0.173947388
170,-7.35E-15,-0.126723008
170.1,-0.157053795,-0.136585486
170.2,-0.313952598,-0.263806763
170.3,-0.470541567,-0.600306385
170.4,-0.626666168,-0.587868959
170.5,-0.782172325,-0.819168524
170.6,-0.936906573,-0.820807827
170.7,-1.090716207,-1.13198509
170.8,-1.243449436,-1.201046891
170.9,-1.39495553,-1.18373032
171,-1.545084972,-1.472258614
171.1,-1.693689601,-1.625474746
171.2,-1.840622763,-2.032850436
171.3,-1.985739453,-1.90502296
171.4,-2.128896458,-2.068405754
171.5,-2.269952499,-2.142448525
171.6,-2.408768371,-2.373174744
171.7,-2.545207079,-2.542919181
171.8,-2.679133975,-2.607437441
171.9,-2.810416889,-2.893530782
172,-2.938926261,-2.911612958
172.1,-3.064535268,-3.078041371
172.2,-3.187119949,-3.114340444
172.3,-3.306559327,-3.360164306
172.4,-3.42273553,-3.371572974
172.5,-3.535533906,-3.485043399
172.6,-3.644843137,-3.61709925
172.7,-3.750555348,-3.956480474
172.8,-3.852566214,-3.863526952
172.9,-3.950775062,-3.992657002
173,-4.045084972,-4.04421778
173.1,-4.135402871,-4.266355962
173.2,-4.221639628,-4.41819822
173.3,-4.303710135,-4.322327425
173.4,-4.3815334,-4.52770008
173.5,-4.455032621,-4.348513397
173.6,-4.524135262,-4.556584447
173.7,-4.588773128,-4.514347135
173.8,-4.648882429,-4.635660111
173.9,-4.704403845,-4.665126587
174,-4.755282581,-4.612205536
174.1,-4.801468428,-4.836528605
174.2,-4.842915806,-4.842816248
174.3,-4.87958381,-4.759736895
174.4,-4.911436254,-5.029421915
174.5,-4.938441703,-5.106979532
174.6,-4.960573507,-4.92424386
174.7,-4.977809823,-4.986163985
174.8,-4.990133642,-4.935105078
174.9,-4.997532802,-4.894633937
175,-5,-4.957260301
175.1,-4.997532802,-5.066013356
175.2,-4.990133642,-5.012655571
175.3,-4.977809823,-4.924426097
175.4,-4.960573507,-4.764430671
175.5,-4.938441703,-4.879259299
175.6,-4.911436254,-4.72969789
175.7,-4.87958381,-4.918748873
175.8,-4.842915806,-4.804232171
175.9,-4.801468428,-4.726324876
176,-4.755282581,-4.770637667
176.1,-4.704403845,-4.546757863
176.2,-4.648882429,-4.583266379
176.3,-4.588773128,-4.691455147
176.4,-4.524135262,-4.529994125
176.5,-4.455032621,-4.39195057
176.6,-4.3815334,-4.185015904
176.7,-4.303710135,-4.260596542
176.8,-4.221639628,-4.128140741
176.9,-4.135402871,-3.928732097
177,-4.045084972,-3.842991283
177.1,-3.950775062,-4.039133993
177.2,-3.852566214,-3.669903653
177.3,-3.750555348,-3.828626879
177.4,-3.644843137,-3.644845097
177.5,-3.535533906,-3.730115324
177.6,-3.42273553,-3.425955453
177.7,-3.306559327,-3.353655712
177.8,-3.187119949,-3.11473676
177.9,-3.064535268,-3.034461614
178,-2.938926261,-2.851172496
178.1,-2.810416889,-2.963704147
178.2,-2.679133975,-2.61121992
178.3,-2.545207079,-2.735044507
178.4,-2.408768371,-2.528210729
178.5,-2.269952499,-2.289688835
178.6,-2.128896458,-2.066026644
178.7,-1.985739453,-1.956377325
178.8,-1.840622763,-1.798399246
178.9,-1.693689601,-1.668861377
179,-1.545084972,-1.598543921
179.1,-1.39495553,-1.450086258
179.2,-1.243449436,-1.093614706
179.3,-1.090716207,-1.04203229
179.4,-0.936906573,-0.693814598
179.5,-0.782172325,-0.840704599
179.6,-0.626666168,-0.501844765
179.7,-0.470541567,-0.40423313
179.8,-0.313952598,-0.239157205
179.9,-0.157053795,-0.115423057
180,-1.10E-14,0.057307576
180.1,0.157053795,0.173173859
180.2,0.313952598,0.239780309
180.3,0.470541567,0.458255477
180.4,0.626666168,0.7480259
180.5,0.782172325,0.758853521
180.6,0.936906573,0.920062494
180.7,1.090716207,1.213603368
180.8,1.243449436,1.180763221
180.9,1.39495553,1.450278122
181,1.545084972,1.325447807
181.1,1.693689601,1.707341071
181.2,1.840622763,1.843936953
181.3,1.985739453,1.987360232
181.4,2.128896458,2.233089341
181.5,2.269952499,2.309429341
181.6,2.408768371,2.532258913
181.7,2.545207079,2.402115778
181.8,2.679133975,2.68636518
181.9,2.810416889,2.926237524
182,2.938926261,2.836938167
182.1,3.064535268,3.065463299
182.2,3.187119949,3.185579883
182.3,3.306559327,3.264735955
182.4,3.42273553,3.238283166
182.5,3.535533906,3.493856444
182.6,3.644843137,3.654722837
182.7,3.750555348,3.875956699
182.8,3.852566214,3.852278942
182.9,3.950775062,4.129310962
183,4.045084972,4.204055558
183.1,4.135402871,4.085689046
183.2,4.221639628,4.230436953
183.3,4.303710135,4.263853022
183.4,4.3815334,4.377092403
183.5,4.455032621,4.385812511
183.6,4.524135262,4.523326827
183.7,4.588773128,4.722534459
183.8,4.648882429,4.514287332
183.9,4.704403845,4.740019656
184,4.755282581,4.618817772
184.1,4.801468428,4.862868111
184.2,4.842915806,4.693865999
184.3,4.87958381,4.776210321
184.4,4.911436254,4.879953665
184.5,4.938441703,5.095183338
184.6,4.960573507,4.713246777
184.7,4.977809823,4.878659187
184.8,4.990133642,5.024131145
184.9,4.997532802,5.183250563
185,5,5.11642988
185.1,4.997532802,4.98671066
185.2,4.990133642,5.124734787
185.3,4.977809823,4.885805053
185.4,4.960573507,5.081264058
185.5,4.938441703,4.959969096
185.6,4.911436254,5.021930694
185.7,4.87958381,4.844558874
185.8,4.842915806,4.90020971
185.9,4.801468428,4.936605718
186,4.755282581,4.772667927
186.1,4.704403845,4.769819586
186.2,4.648882429,4.560200684
186.3,4.588773128,4.410456305
186.4,4.524135262,4.552155459
186.5,4.455032621,4.3549852
186.6,4.3815334,4.345477468
186.7,4.303710135,4.200216374
186.8,4.221639628,4.215369174
186.9,4.135402871,4.075772173
187,4.045084972,4.098480526
187.1,3.950775062,3.870399682
187.2,3.852566214,3.892808098
187.3,3.750555348,3.535018625
187.4,3.644843137,3.560222555
187.5,3.535533906,3.565746662
187.6,3.42273553,3.513390913
187.7,3.306559327,3.344708259
187.8,3.187119949,3.071819593
187.9,3.064535268,3.308983359
188,2.938926261,2.904754969
188.1,2.810416889,2.756352616
188.2,2.679133975,2.746376922
188.3,2.545207079,2.689221889
188.4,2.408768371,2.367173144
188.5,2.269952499,2.394934647
188.6,2.128896458,2.32894648
188.7,1.985739453,1.967134796
188.8,1.840622763,1.842451339
188.9,1.693689601,1.560401187
189,1.545084972,1.597835038
189.1,1.39495553,1.528143302
189.2,1.243449436,1.224011525
189.3,1.090716207,1.127667164
189.4,0.936906573,0.886678794
189.5,0.782172325,0.685360274
189.6,0.626666168,0.702198103
189.7,0.470541567,0.457434326
189.8,0.313952598,0.367555704
189.9,0.157053795,0.081918248
190,2.93977129859024e-14,-0.000265692
190.1,-0.157053795,-0.205128399
190.2,-0.313952598,-0.247676707
190.3,-0.470541567,-0.352391596
190.4,-0.626666168,-0.496208269
190.5,-0.782172325,-0.842261747
190.6,-0.936906573,-0.97543916
190.7,-1.090716207,-1.050253241
190.8,-1.243449436,-1.281168595
190.9,-1.39495553,-1.342995216
191,-1.545084972,-1.601524442
191.1,-1.693689601,-1.654471261
191.2,-1.840622763,-1.824991989
191.3,-1.985739453,-2.039644289
191.4,-2.128896458,-2.069746635
191.5,-2.269952499,-2.299227511
191.6,-2.408768371,-2.556225604
191.7,-2.545207079,-2.558178995
191.8,-2.679133975,-2.784255597
191.9,-2.810416889,-2.720582446
192,-2.938926261,-2.874124918
192.1,-3.064535268,-3.064688389
192.2,-3.187119949,-3.144864438
192.3,-3.306559327,-3.402053012
192.4,-3.42273553,-3.546726053
192.5,-3.535533906,-3.51881639
192.6,-3.644843137,-3.714171431
192.7,-3.750555348,-3.895787435
192.8,-3.852566214,-3.919273823
192.9,-3.950775062,-4.086739385
193,-4.045084972,-4.013125186
193.1,-4.135402871,-4.075223674
193.2,-4.221639628,-4.333627108
193.3,-4.303710135,-4.332731024
193.4,-4.3815334,-4.233903602
193.5,-4.455032621,-4.601821559
193.6,-4.524135262,-4.392816947
193.7,-4.588773128,-4.570588991
193.8,-4.648882429,-4.624065539
193.9,-4.704403845,-4.845151445
194,-4.755282581,-4.976075809
194.1,-4.801468428,-4.927663284
194.2,-4.842915806,-4.590965147
194.3,-4.87958381,-4.820779443
194.4,-4.911436254,-4.885959674
194.5,-4.938441703,-4.762395929
194.6,-4.960573507,-5.109651437
194.7,-4.977809823,-4.966117634
194.8,-4.990133642,-5.087546211
194.9,-4.997532802,-4.818983768
195,-5,-4.866452674
195.1,-4.997532802,-5.054813032
195.2,-4.990133642,-5.059253192
195.3,-4.977809823,-4.94466937
195.4,-4.960573507,-4.968434311
195.5,-4.938441703,-4.89855669
195.6,-4.911436254,-4.864135342
195.7,-4.87958381,-4.901093524
195.8,-4.842915806,-4.792603998
195.9,-4.801468428,-4.785553012
196,-4.755282581,-4.779360036
196.1,-4.704403845,-4.646656791
196.2,-4.648882429,-4.63388794
196.3,-4.588773128,-4.608230357
196.4,-4.524135262,-4.33537538
196.5,-4.455032621,-4.349414726
196.6,-4.3815334,-4.220228136
196.7,-4.303710135,-4.487342632
196.8,-4.221639628,-4.304554787
196.9,-4.135402871,-4.228878401
197,-4.045084972,-4.048063885
197.1,-3.950775062,-3.861784545
197.2,-3.852566214,-3.73467249
197.3,-3.750555348,-3.845460544
197.4,-3.644843137,-3.571725328
197.5,-3.535533906,-3.507732043
197.6,-3.42273553,-3.231024527
197.7,-3.306559327,-3.281996092
197.8,-3.187119949,-3.189302489
197.9,-3.064535268,-3.116509503
198,-2.938926261,-2.957400329
198.1,-2.810416889,-2.587420037
198.2,-2.679133975,-2.705831401
198.3,-2.545207079,-2.514695479
198.4,-2.408768371,-2.424957448
198.5,-2.269952499,-2.103794956
198.6,-2.128896458,-2.161215812
198.7,-1.985739453,-1.966253243
198.8,-1.840622763,-1.71091505
198.9,-1.693689601,-1.70007382
199,-1.545084972,-1.481150615
199.1,-1.39495553,-1.436982194
199.2,-1.243449436,-1.119742579
199.3,-1.090716207,-1.118290575
199.4,-0.936906573,-1.002463087
199.5,-0.782172325,-0.68642327
199.6,-0.626666168,-0.509935851
199.7,-0.470541567,-0.335512313
199.8,-0.313952598,-0.262838159
199.9,-0.157053795,-0.064575428
200,-1.22E-14,0.01686823
200.1,0.157053795,-0.028779276
200.2,0.313952598,0.242636414
200.3,0.470541567,0.503435165
200.4,0.626666168,0.526660313
200.5,0.782172325,0.730870093
200.6,0.936906573,0.998752767
200.7,1.090716207,1.026307393
200.8,1.243449436,1.330420808
200.9,1.39495553,1.275858004
201,1.545084972,1.507389022
201.1,1.693689601,1.671909571
201.2,1.840622763,1.791083521
201.3,1.985739453,1.940921851
201.4,2.128896458,2.016315386
201.5,2.269952499,2.23948274
201.6,2.408768371,2.363081364
201.7,2.545207079,2.560213896
201.8,2.679133975,2.588956315
201.9,2.810416889,2.895034557
202,2.938926261,2.862118818
202.1,3.064535268,2.96162885
202.2,3.187119949,3.333543141
202.3,3.306559327,3.372807242
202.4,3.42273553,3.426427556
202.5,3.535533906,3.526390399
202.6,3.644843137,3.773500421
202.7,3.750555348,3.698631208
202.8,3.852566214,3.847192249
202.9,3.950775062,3.883338512
203,4.045084972,3.946089807
203.1,4.135402871,4.201336788
203.2,4.221639628,4.052531452
203.3,4.303710135,4.272273359
203.4,4.3815334,4.067507149
203.5,4.455032621,4.494931009
203.6,4.524135262,4.696431227
203.7,4.588773128,4.740323811
203.8,4.648882429,4.657861466
203.9,4.704403845,4.787160114
204,4.755282581,4.797462703
204.1,4.801468428,4.632035059
204.2,4.842915806,4.881640106
204.3,4.87958381,4.785398633
204.4,4.911436254,5.031069726
204.5,4.938441703,4.934736207
204.6,4.960573507,4.963318285
204.7,4.977809823,5.047156962
204.8,4.990133642,5.12862736
204.9,4.997532802,5.07275914
205,5,4.949477146
205.1,4.997532802,5.072660989
205.2,4.990133642,4.856896104
205.3,4.977809823,4.911078355
205.4,4.960573507,4.811397635
205.5,4.938441703,4.801624291
205.6,4.911436254,4.905391116
205.7,4.87958381,4.988735234
205.8,4.842915806,4.871892601
205.9,4.801468428,4.693192235
206,4.755282581,4.685001409
206.1,4.704403845,4.739820491
206.2,4.648882429,4.589720255
206.3,4.588773128,4.75978181
206.4,4.524135262,4.379202152
206.5,4.455032621,4.316717683
206.6,4.3815334,4.149874801
206.7,4.303710135,4.232012352
206.8,4.221639628,4.114037464
206.9,4.135402871,4.052902018
207,4.045084972,3.991901341
207.1,3.950775062,3.886196608
207.2,3.852566214,3.859907288
207.3,3.750555348,3.884641496
207.4,3.644843137,3.435791218
207.5,3.535533906,3.51355756
207.6,3.42273553,3.462763506
207.7,3.306559327,3.264853351
207.8,3.187119949,3.183429378
207.9,3.064535268,3.10806688
208,2.938926261,2.858288234
208.1,2.810416889,2.990780936
208.2,2.679133975,2.791453234
208.3,2.545207079,2.364915319
208.4,2.408768371,2.221634498
208.5,2.269952499,2.345150558
208.6,2.128896458,2.087871606
208.7,1.985739453,1.965969836
208.8,1.840622763,1.886068548
208.9,1.693689601,1.824428383
209,1.545084972,1.392586314
209.1,1.39495553,1.476679004
209.2,1.243449436,1.417490016
209.3,1.090716207,1.133795279
209.4,0.936906573,0.806173697
209.5,0.782172325,0.717499382
209.6,0.626666168,0.674875718
209.7,0.470541567,0.351077023
209.8,0.313952598,0.372915183
209.9,0.157053795,0.114736751
210,-4.90E-15,-0.117823769
210.1,-0.157053795,-0.054697001
210.2,-0.313952598,-0.35708698
210.3,-0.470541567,-0.56776638
210.4,-0.626666168,-0.499221495
210.5,-0.782172325,-0.83887312
210.6,-0.936906573,-0.945150024
210.7,-1.090716207,-0.968995038
210.8,-1.243449436,-1.437474951
210.9,-1.39495553,-1.3212197
211,-1.545084972,-1.456731009
211.1,-1.693689601,-1.690801848
211.2,-1.840622763,-1.867741874
211.3,-1.985739453,-1.954339448
211.4,-2.128896458,-2.03581016
211.5,-2.269952499,-2.434919354
211.6,-2.408768371,-2.300958023
211.7,-2.545207079,-2.488953241
211.8,-2.679133975,-2.689493132
211.9,-2.810416889,-2.891436038
212,-2.938926261,-3.081294574
212.1,-3.064535268,-2.923804511
212.2,-3.187119949,-3.21536416
212.3,-3.306559327,-3.195221873
212.4,-3.42273553,-3.38903795
212.5,-3.535533906,-3.380536169
212.6,-3.644843137,-3.568791346
212.7,-3.750555348,-3.657890886
212.8,-3.852566214,-3.931250889
212.9,-3.950775062,-3.902633356
213,-4.045084972,-4.201490807
213.1,-4.135402871,-4.144889967
213.2,-4.221639628,-4.268757907
213.3,-4.303710135,-4.450797222
213.4,-4.3815334,-4.365077134
213.5,-4.455032621,-4.419081468
213.6,-4.524135262,-4.467844801
213.7,-4.588773128,-4.584706301
213.8,-4.648882429,-4.664037586
213.9,-4.704403845,-4.553399747
214,-4.755282581,-4.755578952
214.1,-4.801468428,-4.720031678
214.2,-4.842915806,-4.828573849
214.3,-4.87958381,-4.899051345
214.4,-4.911436254,-4.900985863
214.5,-4.938441703,-4.991767065
214.6,-4.960573507,-4.850150287
214.7,-4.977809823,-4.800349105
214.8,-4.990133642,-5.091816662
214.9,-4.997532802,-5.001023848
215,-5,-5.025287914
215.1,-4.997532802,-4.94109429
215.2,-4.990133642,-5.006200571
215.3,-4.977809823,-5.121558304
215.4,-4.960573507,-4.942893946
215.5,-4.938441703,-5.097294083
215.6,-4.911436254,-4.907708575
215.7,-4.87958381,-4.82207098
215.8,-4.842915806,-4.858964477
215.9,-4.801468428,-4.982129084
216,-4.755282581,-4.838258578
216.1,-4.704403845,-4.585476976
216.2,-4.648882429,-4.730236121
216.3,-4.588773128,-4.396868929
216.4,-4.524135262,-4.41797868
216.5,-4.455032621,-4.552074789
216.6,-4.3815334,-4.44542972
216.7,-4.303710135,-4.38515381
216.8,-4.221639628,-4.150741195
216.9,-4.135402871,-4.078630987
217,-4.045084972,-3.951804036
217.1,-3.950775062,-3.97585909
217.2,-3.852566214,-3.826082969
217.3,-3.750555348,-3.787306643
217.4,-3.644843137,-3.600592975
217.5,-3.535533906,-3.647808281
217.6,-3.42273553,-3.479170307
217.7,-3.306559327,-3.136538645
217.8,-3.187119949,-3.234257917
217.9,-3.064535268,-3.100381958
218,-2.938926261,-2.915291877
218.1,-2.810416889,-2.951965374
218.2,-2.679133975,-2.657601127
218.3,-2.545207079,-2.719378321
218.4,-2.408768371,-2.365594167
218.5,-2.269952499,-2.216934976
218.6,-2.128896458,-2.419735342
218.7,-1.985739453,-2.073603858
218.8,-1.840622763,-1.860468918
218.9,-1.693689601,-1.688687247
219,-1.545084972,-1.687823091
219.1,-1.39495553,-1.431558092
219.2,-1.243449436,-1.239065348
219.3,-1.090716207,-1.072173636
219.4,-0.936906573,-0.929160385
219.5,-0.782172325,-0.764472179
219.6,-0.626666168,-0.615273377
219.7,-0.470541567,-0.589695264
219.8,-0.313952598,-0.309398477
219.9,-0.157053795,-0.104805213
220,-4.90E-14,0.018219277
220.1,0.157053795,-0.009147462
220.2,0.313952598,0.262994946
220.3,0.470541567,0.190054323
220.4,0.626666168,0.464930516
220.5,0.782172325,0.741281542
220.6,0.936906573,0.977448266
220.7,1.090716207,1.103236406
220.8,1.243449436,1.153115277
220.9,1.39495553,1.463493362
221,1.545084972,1.503841609
221.1,1.693689601,1.723104994
221.2,1.840622763,1.949800594
221.3,1.985739453,1.972487979
221.4,2.128896458,2.046800206
221.5,2.269952499,2.152366602
221.6,2.408768371,2.384493985
221.7,2.545207079,2.360809533
221.8,2.679133975,2.497197448
221.9,2.810416889,2.634428653
222,2.938926261,2.979830744
222.1,3.064535268,3.084794989
222.2,3.187119949,3.145390024
222.3,3.306559327,3.393649919
222.4,3.42273553,3.290088001
222.5,3.535533906,3.527638771
222.6,3.644843137,3.587092752
222.7,3.750555348,3.665915342
222.8,3.852566214,3.890997559
222.9,3.950775062,4.059191806
223,4.045084972,4.003174906
223.1,4.135402871,3.982645998
223.2,4.221639628,4.34592044
223.3,4.303710135,4.3343807
223.4,4.3815334,4.468041039
223.5,4.455032621,4.442613568
223.6,4.524135262,4.626577501
223.7,4.588773128,4.649718201
223.8,4.648882429,4.674512157
223.9,4.704403845,4.734601712
224,4.755282581,4.601785867
224.1,4.801468428,4.723585959
224.2,4.842915806,4.799646137
224.3,4.87958381,4.823367444
224.4,4.911436254,5.021691869
224.5,4.938441703,4.948366807
224.6,4.960573507,4.908436391
224.7,4.977809823,5.378205391
224.8,4.990133642,4.928294649
224.9,4.997532802,5.031684221
225,5,4.95891914
225.1,4.997532802,4.907932693
225.2,4.990133642,4.866334843
225.3,4.977809823,5.246515711
225.4,4.960573507,5.072547006
225.5,4.938441703,4.847200242
225.6,4.911436254,5.007805025
225.7,4.87958381,4.887829369
225.8,4.842915806,4.903026394
225.9,4.801468428,4.919473759
226,4.755282581,4.644897459
226.1,4.704403845,4.669697806
226.2,4.648882429,4.487854674
226.3,4.588773128,4.584114762
226.4,4.524135262,4.486280086
226.5,4.455032621,4.395386729
226.6,4.3815334,4.43055599
226.7,4.303710135,4.266697443
226.8,4.221639628,4.378169428
226.9,4.135402871,4.107415578
227,4.045084972,3.943840909
227.1,3.950775062,4.006508693
227.2,3.852566214,3.829844752
227.3,3.750555348,3.679623092
227.4,3.644843137,3.639742753
227.5,3.535533906,3.571953601
227.6,3.42273553,3.412487314
227.7,3.306559327,3.300267489
227.8,3.187119949,3.096422849
227.9,3.064535268,3.139355558
228,2.938926261,2.909365503
228.1,2.810416889,2.509155778
228.2,2.679133975,2.503437487
228.3,2.545207079,2.473469502
228.4,2.408768371,2.457726109
228.5,2.269952499,2.336675511
228.6,2.128896458,2.204647542
228.7,1.985739453,1.920276031
228.8,1.840622763,1.798538554
228.9,1.693689601,1.702213865
229,1.545084972,1.292039759
229.1,1.39495553,1.380826932
229.2,1.243449436,1.326461364
229.3,1.090716207,0.788546829
229.4,0.936906573,0.826556864
229.5,0.782172325,0.951061301
229.6,0.626666168,0.65339119
229.7,0.470541567,0.496940954
229.8,0.313952598,0.373510106
229.9,0.157053795,0.210237955
230,3.18470065841971e-14,0.023455767
230.1,-0.157053795,-0.231875061
230.2,-0.313952598,-0.359247492
230.3,-0.470541567,-0.47511066
230.4,-0.626666168,-0.599769377
230.5,-0.782172325,-0.926868471
230.6,-0.936906573,-1.116439055
230.7,-1.090716207,-1.150928474
230.8,-1.243449436,-1.205645309
230.9,-1.39495553,-1.602740124
231,-1.545084972,-1.535346937
231.1,-1.693689601,-1.722900813
231.2,-1.840622763,-1.834025391
231.3,-1.985739453,-2.048136796
231.4,-2.128896458,-2.054976225
231.5,-2.269952499,-2.310909813
231.6,-2.408768371,-2.359301163
231.7,-2.545207079,-2.474884289
231.8,-2.679133975,-2.73454162
231.9,-2.810416889,-2.999885515
232,-2.938926261,-2.82965726
232.1,-3.064535268,-2.850692135
232.2,-3.187119949,-3.278999434
232.3,-3.306559327,-3.269963465
232.4,-3.42273553,-3.311388966
232.5,-3.535533906,-3.390391906
232.6,-3.644843137,-3.489699903
232.7,-3.750555348,-3.921483053
232.8,-3.852566214,-3.853016016
232.9,-3.950775062,-3.996131443
233,-4.045084972,-4.114544471
233.1,-4.135402871,-3.965152047
233.2,-4.221639628,-4.140943497
233.3,-4.303710135,-4.38823665
233.4,-4.3815334,-4.292962204
233.5,-4.455032621,-4.524142073
233.6,-4.524135262,-4.552939561
233.7,-4.588773128,-4.61345577
233.8,-4.648882429,-4.777645448
233.9,-4.704403845,-4.730842244
234,-4.755282581,-4.677803511
234.1,-4.801468428,-4.832900336
234.2,-4.842915806,-4.846597373
234.3,-4.87958381,-4.809830476
234.4,-4.911436254,-4.895376927
234.5,-4.938441703,-4.748161257
234.6,-4.960573507,-4.864278479
234.7,-4.977809823,-5.105369476
234.8,-4.990133642,-4.826205892
234.9,-4.997532802,-5.003330965
235,-5,-5.241562034
235.1,-4.997532802,-4.856346208
235.2,-4.990133642,-5.042726593
235.3,-4.977809823,-5.13530037
235.4,-4.960573507,-5.054968168
235.5,-4.938441703,-5.067909554
235.6,-4.911436254,-4.944845176
235.7,-4.87958381,-4.93964197
235.8,-4.842915806,-4.879602863
235.9,-4.801468428,-4.721708211
236,-4.755282581,-4.912268365
236.1,-4.704403845,-4.703880545
236.2,-4.648882429,-4.537478219
236.3,-4.588773128,-4.587589375
236.4,-4.524135262,-4.441999683
236.5,-4.455032621,-4.531270541
236.6,-4.3815334,-4.354172696
236.7,-4.303710135,-4.381907325
236.8,-4.221639628,-4.242225049
236.9,-4.135402871,-4.184972971
237,-4.045084972,-4.054071538
237.1,-3.950775062,-3.812388052
237.2,-3.852566214,-3.948929275
237.3,-3.750555348,-3.686641391
237.4,-3.644843137,-3.824002884
237.5,-3.535533906,-3.641087222
237.6,-3.42273553,-3.412869265
237.7,-3.306559327,-3.18069732
237.8,-3.187119949,-3.256704077
237.9,-3.064535268,-3.098097362
238,-2.938926261,-2.855785456
238.1,-2.810416889,-2.950800051
238.2,-2.679133975,-2.576280565
238.3,-2.545207079,-2.559175557
238.4,-2.408768371,-2.495378334
238.5,-2.269952499,-2.378990291
238.6,-2.128896458,-2.087617766
238.7,-1.985739453,-1.952215911
238.8,-1.840622763,-1.885386842
238.9,-1.693689601,-1.675200031
239,-1.545084972,-1.685752427
239.1,-1.39495553,-1.374081847
239.2,-1.243449436,-1.21782188
239.3,-1.090716207,-1.194097512
239.4,-0.936906573,-0.85596688
239.5,-0.782172325,-0.787692212
239.6,-0.626666168,-0.539773016
239.7,-0.470541567,-0.381916913
239.8,-0.313952598,-0.313992374
239.9,-0.157053795,-0.089877382
240,-1.47E-14,-0.236721641
240.1,0.157053795,0.074158788
240.2,0.313952598,0.363566502
240.3,0.470541567,0.529525855
240.4,0.626666168,0.542206368
240.5,0.782172325,0.876277363
240.6,0.936906573,0.994977481
240.7,1.090716207,1.083205793
240.8,1.243449436,1.329876166
240.9,1.39495553,1.439962089
241,1.545084972,1.567564291
241.1,1.693689601,1.680679551
241.2,1.840622763,1.894936395
241.3,1.985739453,2.087717413
241.4,2.128896458,2.165926008
241.5,2.269952499,2.178193382
241.6,2.408768371,2.397221278
241.7,2.545207079,2.365164314
241.8,2.679133975,2.586618199
241.9,2.810416889,2.827628592
242,2.938926261,2.92184812
242.1,3.064535268,3.124610237
242.2,3.187119949,3.141165184
242.3,3.306559327,3.289677844
242.4,3.42273553,3.342137672
242.5,3.535533906,3.568249412
242.6,3.644843137,3.636796722
242.7,3.750555348,3.6490826
242.8,3.852566214,3.769216824
242.9,3.950775062,3.880287928
243,4.045084972,4.002615636
243.1,4.135402871,4.172773625
243.2,4.221639628,4.266018986
243.3,4.303710135,4.26422773
243.4,4.3815334,4.326723107
243.5,4.455032621,4.455231582
243.6,4.524135262,4.635236094
243.7,4.588773128,4.696135869
243.8,4.648882429,4.647479313
243.9,4.704403845,4.702605681
244,4.755282581,4.638733263
244.1,4.801468428,4.750496575
244.2,4.842915806,4.93429548
244.3,4.87958381,5.120451881
244.4,4.911436254,4.985709691
244.5,4.938441703,4.907741174
244.6,4.960573507,4.979793283
244.7,4.977809823,4.99209024
244.8,4.990133642,5.020666037
244.9,4.997532802,5.054921184
245,5,4.964209017
245.1,4.997532802,4.852979106
245.2,4.990133642,4.915267992
245.3,4.977809823,5.124914047
245.4,4.960573507,4.950315319
245.5,4.938441703,4.894655218
245.6,4.911436254,5.044570893
245.7,4.87958381,5.043755502
245.8,4.842915806,4.94396096
245.9,4.801468428,4.793961325
246,4.755282581,4.880813692
246.1,4.704403845,4.840383732
246.2,4.648882429,4.53764541
246.3,4.588773128,4.59752519
246.4,4.524135262,4.530649617
246.5,4.455032621,4.345668753
246.6,4.3815334,4.266102336
246.7,4.303710135,4.268914054
246.8,4.221639628,4.397467197
246.9,4.135402871,4.108432076
247,4.045084972,3.997720756
247.1,3.950775062,4.04608297
247.2,3.852566214,3.850690066
247.3,3.750555348,3.884116581
247.4,3.644843137,3.675593126
247.5,3.535533906,3.60234695
247.6,3.42273553,3.386241282
247.7,3.306559327,3.369919077
247.8,3.187119949,3.263553475
247.9,3.064535268,3.080343021
248,2.938926261,2.967756214
248.1,2.810416889,2.925646049
248.2,2.679133975,2.922943496
248.3,2.545207079,2.651982662
248.4,2.408768371,2.513775621
248.5,2.269952499,2.129992374
248.6,2.128896458,1.983538852
248.7,1.985739453,1.9654455
248.8,1.840622763,1.906359263
248.9,1.693689601,1.690456111
249,1.545084972,1.481231884
249.1,1.39495553,1.437595404
249.2,1.243449436,1.094483073
249.3,1.090716207,1.149005793
249.4,0.936906573,0.793093009
249.5,0.782172325,0.708736987
249.6,0.626666168,0.738046483
249.7,0.470541567,0.466072012
249.8,0.313952598,0.466115829
249.9,0.157053795,0.119139592
250,-2.46E-15,-0.016159554
250.1,-0.157053795,-0.131499511
250.2,-0.313952598,-0.434711683
250.3,-0.470541567,-0.729323066
250.4,-0.626666168,-0.735365131
250.5,-0.782172325,-0.82102737
250.6,-0.936906573,-0.888756392
250.7,-1.090716207,-1.031753746
250.8,-1.243449436,-1.294412796
250.9,-1.39495553,-1.462637804
251,-1.545084972,-1.590922045
251.1,-1.693689601,-1.72559492
251.2,-1.840622763,-1.883875709
251.3,-1.985739453,-1.897127268
251.4,-2.128896458,-2.154938455
251.5,-2.269952499,-2.316921078
251.6,-2.408768371,-2.311348705
251.7,-2.545207079,-2.685064843
251.8,-2.679133975,-2.699682288
251.9,-2.810416889,-2.731094488
252,-2.938926261,-3.005614836
252.1,-3.064535268,-3.028705752
252.2,-3.187119949,-3.200492925
252.3,-3.306559327,-3.392592315
252.4,-3.42273553,-3.419317374
252.5,-3.535533906,-3.425815911
252.6,-3.644843137,-3.532506461
252.7,-3.750555348,-3.824864989
252.8,-3.852566214,-3.86124242
252.9,-3.950775062,-3.876051173
253,-4.045084972,-3.988919018
253.1,-4.135402871,-4.134279619
253.2,-4.221639628,-4.145886834
253.3,-4.303710135,-4.093457647
253.4,-4.3815334,-4.276625422
253.5,-4.455032621,-4.434738881
253.6,-4.524135262,-4.643970095
253.7,-4.588773128,-4.525104374
253.8,-4.648882429,-4.691241249
253.9,-4.704403845,-4.584959305
254,-4.755282581,-4.793566797
254.1,-4.801468428,-4.704432697
254.2,-4.842915806,-4.816320448
254.3,-4.87958381,-4.945039189
254.4,-4.911436254,-5.029881285
254.5,-4.938441703,-4.959429862
254.6,-4.960573507,-5.031087907
254.7,-4.977809823,-4.860915432
254.8,-4.990133642,-4.80132847
254.9,-4.997532802,-5.15054869
255,-5,-4.91906314
255.1,-4.997532802,-4.759124946
255.2,-4.990133642,-4.883499705
255.3,-4.977809823,-4.977192948
255.4,-4.960573507,-4.927153933
255.5,-4.938441703,-4.789519764
255.6,-4.911436254,-4.900394702
255.7,-4.87958381,-4.914493137
255.8,-4.842915806,-4.894030415
255.9,-4.801468428,-4.637778682
256,-4.755282581,-4.893820257
256.1,-4.704403845,-4.608148644
256.2,-4.648882429,-4.581866488
256.3,-4.588773128,-4.795466019
256.4,-4.524135262,-4.446606372
256.5,-4.455032621,-4.53534071
256.6,-4.3815334,-4.490075607
256.7,-4.303710135,-4.257005339
256.8,-4.221639628,-4.167087832
256.9,-4.135402871,-4.130556509
257,-4.045084972,-4.209323966
257.1,-3.950775062,-3.845810708
257.2,-3.852566214,-3.847603934
257.3,-3.750555348,-3.753144433
257.4,-3.644843137,-3.657027033
257.5,-3.535533906,-3.667333898
257.6,-3.42273553,-3.3676869
257.7,-3.306559327,-3.304526694
257.8,-3.187119949,-3.260068543
257.9,-3.064535268,-3.067279878
258,-2.938926261,-2.870964918
258.1,-2.810416889,-2.961396224
258.2,-2.679133975,-2.697558498
258.3,-2.545207079,-2.356915099
258.4,-2.408768371,-2.348567627
258.5,-2.269952499,-2.201948232
258.6,-2.128896458,-2.139776628
258.7,-1.985739453,-1.829587121
258.8,-1.840622763,-1.821356663
258.9,-1.693689601,-1.728483455
259,-1.545084972,-1.50465026
259.1,-1.39495553,-1.505828758
259.2,-1.243449436,-1.179147486
259.3,-1.090716207,-1.014908194
259.4,-0.936906573,-0.984726911
259.5,-0.782172325,-0.820326201
259.6,-0.626666168,-0.686717205
259.7,-0.470541567,-0.555511372
259.8,-0.313952598,-0.324077551
259.9,-0.157053795,-0.134626146
260,1.96067283990894e-14,0.200631936
260.1,0.157053795,0.285570043
260.2,0.313952598,0.192331708
260.3,0.470541567,0.565524689
260.4,0.626666168,0.639977654
260.5,0.782172325,0.708689088
260.6,0.936906573,0.980367819
260.7,1.090716207,1.190046841
260.8,1.243449436,1.203176172
260.9,1.39495553,1.411842973
261,1.545084972,1.451358593
261.1,1.693689601,1.469283001
261.2,1.840622763,1.765525001
261.3,1.985739453,1.946422442
261.4,2.128896458,2.126183588
261.5,2.269952499,2.183310006
261.6,2.408768371,2.531488544
261.7,2.545207079,2.512851814
261.8,2.679133975,2.662079748
261.9,2.810416889,2.980897528
262,2.938926261,2.94319735
262.1,3.064535268,3.053028561
262.2,3.187119949,3.008350777
262.3,3.306559327,3.230513387
262.4,3.42273553,3.48389059
262.5,3.535533906,3.469034495
262.6,3.644843137,3.67382582
262.7,3.750555348,3.873016498
262.8,3.852566214,3.776113821
262.9,3.950775062,3.927333705
263,4.045084972,4.012451909
263.1,4.135402871,4.031292957
263.2,4.221639628,4.394787169
263.3,4.303710135,4.495337042
263.4,4.3815334,4.348852335
263.5,4.455032621,4.349166503
263.6,4.524135262,4.477624588
263.7,4.588773128,4.518835053
263.8,4.648882429,4.654884672
263.9,4.704403845,4.54871518
264,4.755282581,4.62930877
264.1,4.801468428,4.760218746
264.2,4.842915806,4.724104225
264.3,4.87958381,4.864967995
264.4,4.911436254,4.860201444
264.5,4.938441703,4.895525568
264.6,4.960573507,4.834031824
264.7,4.977809823,5.083733251
264.8,4.990133642,4.896166685
264.9,4.997532802,4.90702516
265,5,4.929900353
265.1,4.997532802,4.962432974
265.2,4.990133642,4.930145196
265.3,4.977809823,4.95997128
265.4,4.960573507,5.021935699
265.5,4.938441703,5.000620818
265.6,4.911436254,4.915329559
265.7,4.87958381,4.829643263
265.8,4.842915806,4.762937948
265.9,4.801468428,4.882863332
266,4.755282581,5.029694668
266.1,4.704403845,4.697101718
266.2,4.648882429,4.589858409
266.3,4.588773128,4.461008528
266.4,4.524135262,4.621363066
266.5,4.455032621,4.423160457
266.6,4.3815334,4.296209917
266.7,4.303710135,4.325049879
266.8,4.221639628,4.381569619
266.9,4.135402871,4.069697787
267,4.045084972,3.997241305
267.1,3.950775062,3.89077278
267.2,3.852566214,3.827400744
267.3,3.750555348,3.707332356
267.4,3.644843137,3.632451597
267.5,3.535533906,3.446508062
267.6,3.42273553,3.299620442
267.7,3.306559327,3.2789185
267.8,3.187119949,3.119987248
267.9,3.064535268,3.310804625
268,2.938926261,2.848698636
268.1,2.810416889,2.65870206
268.2,2.679133975,2.559542131
268.3,2.545207079,2.466439993
268.4,2.408768371,2.284880571
268.5,2.269952499,2.46488624
268.6,2.128896458,1.977619663
268.7,1.985739453,1.933800236
268.8,1.840622763,1.761320541
268.9,1.693689601,1.763216732
269,1.545084972,1.614144642
269.1,1.39495553,1.484637315
269.2,1.243449436,1.368114386
269.3,1.090716207,1.025655634
269.4,0.936906573,0.960114071
269.5,0.782172325,0.779836717
269.6,0.626666168,0.65943282
269.7,0.470541567,0.493269423
269.8,0.313952598,0.121627946
269.9,0.157053795,0.075318406
270,3.42963001824918e-14,-0.038851173
270.1,-0.157053795,-0.067261365
270.2,-0.313952598,-0.447396658
270.3,-0.470541567,-0.461842759
270.4,-0.626666168,-0.730157164
270.5,-0.782172325,-0.784403091
270.6,-0.936906573,-1.001991886
270.7,-1.090716207,-0.932808829
270.8,-1.243449436,-1.211962524
270.9,-1.39495553,-1.409057164
271,-1.545084972,-1.573792627
271.1,-1.693689601,-1.422239879
271.2,-1.840622763,-1.7810865
271.3,-1.985739453,-1.926312917
271.4,-2.128896458,-2.159016333
271.5,-2.269952499,-2.227880604
271.6,-2.408768371,-2.446886545
271.7,-2.545207079,-2.618605611
271.8,-2.679133975,-2.737681061
271.9,-2.810416889,-3.040962384
272,-2.938926261,-2.774540684
272.1,-3.064535268,-3.256152335
272.2,-3.187119949,-3.244776348
272.3,-3.306559327,-3.297722358
272.4,-3.42273553,-3.304865207
272.5,-3.535533906,-3.582433961
272.6,-3.644843137,-3.503780574
272.7,-3.750555348,-3.755293591
272.8,-3.852566214,-3.831258627
272.9,-3.950775062,-3.85295311
273,-4.045084972,-3.878811738
273.1,-4.135402871,-3.999600523
273.2,-4.221639628,-4.338318763
273.3,-4.303710135,-4.404176421
273.4,-4.3815334,-4.382937733
273.5,-4.455032621,-4.177401302
273.6,-4.524135262,-4.583987494
273.7,-4.588773128,-4.673185012
273.8,-4.648882429,-4.616816972
273.9,-4.704403845,-4.735968486
274,-4.755282581,-4.721128887
274.1,-4.801468428,-5.033903766
274.2,-4.842915806,-4.760851443
274.3,-4.87958381,-4.939883971
274.4,-4.911436254,-4.922769958
274.5,-4.938441703,-4.883527623
274.6,-4.960573507,-5.048718617
274.7,-4.977809823,-4.8125212
274.8,-4.990133642,-4.952012842
274.9,-4.997532802,-4.867267525
275,-5,-4.931512791
275.1,-4.997532802,-4.976258368
275.2,-4.990133642,-5.058149873
275.3,-4.977809823,-4.992147382
275.4,-4.960573507,-4.930354497
275.5,-4.938441703,-4.982978469
275.6,-4.911436254,-4.890194125
275.7,-4.87958381,-4.864246912
275.8,-4.842915806,-4.745639135
275.9,-4.801468428,-4.855976839
276,-4.755282581,-4.994503677
276.1,-4.704403845,-4.712243256
276.2,-4.648882429,-4.720700713
276.3,-4.588773128,-4.518975852
276.4,-4.524135262,-4.237756353
276.5,-4.455032621,-4.336397203
276.6,-4.3815334,-4.368372054
276.7,-4.303710135,-4.363496088
276.8,-4.221639628,-4.3551408
276.9,-4.135402871,-4.061627199
277,-4.045084972,-4.021045454
277.1,-3.950775062,-3.970294055
277.2,-3.852566214,-3.958928479
277.3,-3.750555348,-3.840032483
277.4,-3.644843137,-3.611626644
277.5,-3.535533906,-3.487883094
277.6,-3.42273553,-3.418909397
277.7,-3.306559327,-3.411092398
277.8,-3.187119949,-3.332402854
277.9,-3.064535268,-3.122504948
278,-2.938926261,-2.812286628
278.1,-2.810416889,-2.707510408
278.2,-2.679133975,-2.564667188
278.3,-2.545207079,-2.605350559
278.4,-2.408768371,-2.420130865
278.5,-2.269952499,-2.255660844
278.6,-2.128896458,-2.068761581
278.7,-1.985739453,-1.861800101
278.8,-1.840622763,-1.954272798
278.9,-1.693689601,-1.738403277
279,-1.545084972,-1.510365292
279.1,-1.39495553,-1.221990079
279.2,-1.243449436,-1.130704011
279.3,-1.090716207,-1.225359474
279.4,-0.936906573,-0.894537247
279.5,-0.782172325,-0.730771551
279.6,-0.626666168,-0.660384507
279.7,-0.470541567,-0.40286459
279.8,-0.313952598,-0.516432439
279.9,-0.157053795,-0.439045645
280,-1.71E-14,-0.0369623
280.1,0.157053795,0.240583432
280.2,0.313952598,0.122226698
280.3,0.470541567,0.685664186
280.4,0.626666168,0.538780298
280.5,0.782172325,0.818831181
280.6,0.936906573,1.039055678
280.7,1.090716207,0.980803791
280.8,1.243449436,1.158702212
280.9,1.39495553,1.473419704
281,1.545084972,1.653294923
281.1,1.693689601,1.64731924
281.2,1.840622763,1.73137851
281.3,1.985739453,1.903307283
281.4,2.128896458,2.022301064
281.5,2.269952499,2.285287869
281.6,2.408768371,2.3666972
281.7,2.545207079,2.56502583
281.8,2.679133975,2.766686494
281.9,2.810416889,2.926744011
282,2.938926261,2.917317679
282.1,3.064535268,2.99337885
282.2,3.187119949,3.223499531
282.3,3.306559327,3.245341805
282.4,3.42273553,3.275812731
282.5,3.535533906,3.383650945
282.6,3.644843137,3.631534783
282.7,3.750555348,3.692037739
282.8,3.852566214,4.056597072
282.9,3.950775062,3.898829146
283,4.045084972,4.039521693
283.1,4.135402871,3.997851071
283.2,4.221639628,4.124017446
283.3,4.303710135,4.230971015
283.4,4.3815334,4.277387424
283.5,4.455032621,4.475108537
283.6,4.524135262,4.499499048
283.7,4.588773128,4.813938242
283.8,4.648882429,4.579294729
283.9,4.704403845,4.702364246
284,4.755282581,4.856042021
284.1,4.801468428,4.920486777
284.2,4.842915806,4.864479585
284.3,4.87958381,4.708629162
284.4,4.911436254,4.78687608
284.5,4.938441703,4.904018915
284.6,4.960573507,4.97701933
284.7,4.977809823,4.857249292
284.8,4.990133642,5.040428886
284.9,4.997532802,5.030495268
285,5,5.193306424
285.1,4.997532802,4.944125159
285.2,4.990133642,5.100817321
285.3,4.977809823,4.916205624
285.4,4.960573507,5.116029067
285.5,4.938441703,4.770569912
285.6,4.911436254,4.89743481
285.7,4.87958381,4.838658647
285.8,4.842915806,4.778435724
285.9,4.801468428,4.748730275
286,4.755282581,4.707101498
286.1,4.704403845,4.696644023
286.2,4.648882429,4.648763624
286.3,4.588773128,4.671650847
286.4,4.524135262,4.706057337
286.5,4.455032621,4.414514124
286.6,4.3815334,4.27547005
286.7,4.303710135,4.34360899
286.8,4.221639628,4.204002493
286.9,4.135402871,4.008364762
287,4.045084972,3.937986221
287.1,3.950775062,4.010489099
287.2,3.852566214,3.88169786
287.3,3.750555348,3.690585726
287.4,3.644843137,3.55454881
287.5,3.535533906,3.554707642
287.6,3.42273553,3.412220876
287.7,3.306559327,3.282865778
287.8,3.187119949,3.278989599
287.9,3.064535268,2.990720727
288,2.938926261,2.868617236
288.1,2.810416889,2.76217691
288.2,2.679133975,2.553635495
288.3,2.545207079,2.440834048
288.4,2.408768371,2.279866507
288.5,2.269952499,2.231645195
288.6,2.128896458,1.978211145
288.7,1.985739453,2.071868016
288.8,1.840622763,1.82919926
288.9,1.693689601,1.7990507
289,1.545084972,1.368366256
289.1,1.39495553,1.341550959
289.2,1.243449436,1.490627997
289.3,1.090716207,1.038168793
289.4,0.936906573,0.953671689
289.5,0.782172325,0.823557908
289.6,0.626666168,0.638306945
289.7,0.470541567,0.384771984
289.8,0.313952598,0.492134862
289.9,0.157053795,0.168289325
290,-6.19E-18,-0.106164158
290.1,-0.157053795,-0.176730994
290.2,-0.313952598,-0.395913505
290.3,-0.470541567,-0.550154466
290.4,-0.626666168,-0.671431914
290.5,-0.782172325,-0.770751736
290.6,-0.936906573,-1.020256143
290.7,-1.090716207,-1.040376153
290.8,-1.243449436,-1.11410681
290.9,-1.39495553,-1.434272275
291,-1.545084972,-1.568315287
291.1,-1.693689601,-1.839584828
291.2,-1.840622763,-1.782633416
291.3,-1.985739453,-1.71018546
291.4,-2.128896458,-2.247425139
291.5,-2.269952499,-2.386150541
291.6,-2.408768371,-2.412905275
291.7,-2.545207079,-2.514973628
291.8,-2.679133975,-2.71602533
291.9,-2.810416889,-2.697816803
292,-2.938926261,-2.83375385
292.1,-3.064535268,-3.0894017
292.2,-3.187119949,-3.249018854
292.3,-3.306559327,-3.380395314
292.4,-3.42273553,-3.701367485
292.5,-3.535533906,-3.65992442
292.6,-3.644843137,-3.653771176
292.7,-3.750555348,-3.735595265
292.8,-3.852566214,-3.98519914
292.9,-3.950775062,-3.721348443
293,-4.045084972,-3.895379574
293.1,-4.135402871,-4.15937635
293.2,-4.221639628,-4.318676725
293.3,-4.303710135,-4.197065339
293.4,-4.3815334,-4.308846477
293.5,-4.455032621,-4.413783694
293.6,-4.524135262,-4.503623001
293.7,-4.588773128,-4.562089317
293.8,-4.648882429,-4.610616339
293.9,-4.704403845,-4.800921573
294,-4.755282581,-4.763999303
294.1,-4.801468428,-4.94360407
294.2,-4.842915806,-4.857073843
294.3,-4.87958381,-4.861371646
294.4,-4.911436254,-4.728831254
294.5,-4.938441703,-4.946095502
294.6,-4.960573507,-4.940344699
294.7,-4.977809823,-4.977006101
294.8,-4.990133642,-4.966848461
294.9,-4.997532802,-4.918716574
295,-5,-5.055603451
295.1,-4.997532802,-4.96203182
295.2,-4.990133642,-5.068218446
295.3,-4.977809823,-4.999544957
295.4,-4.960573507,-5.063764385
295.5,-4.938441703,-4.905793533
295.6,-4.911436254,-4.866704532
295.7,-4.87958381,-4.914942694
295.8,-4.842915806,-4.827916539
295.9,-4.801468428,-4.711224779
296,-4.755282581,-4.801180572
296.1,-4.704403845,-4.742252661
296.2,-4.648882429,-4.530219511
296.3,-4.588773128,-4.460887191
296.4,-4.524135262,-4.453770352
296.5,-4.455032621,-4.478362504
296.6,-4.3815334,-4.278768363
296.7,-4.303710135,-4.291943646
296.8,-4.221639628,-4.200794692
296.9,-4.135402871,-4.277275708
297,-4.045084972,-4.057690521
297.1,-3.950775062,-3.926913813
297.2,-3.852566214,-3.801091115
297.3,-3.750555348,-3.759557498
297.4,-3.644843137,-3.845808653
297.5,-3.535533906,-3.626564302
297.6,-3.42273553,-3.474831356
297.7,-3.306559327,-3.420458504
297.8,-3.187119949,-3.140358808
297.9,-3.064535268,-3.078432205
298,-2.938926261,-3.126505687
298.1,-2.810416889,-2.943171307
298.2,-2.679133975,-2.548359457
298.3,-2.545207079,-2.522053763
298.4,-2.408768371,-2.613548734
298.5,-2.269952499,-2.383634166
298.6,-2.128896458,-2.330017212
298.7,-1.985739453,-1.887132946
298.8,-1.840622763,-1.99318711
298.9,-1.693689601,-1.647575022
299,-1.545084972,-1.602435835
299.1,-1.39495553,-1.499646535
299.2,-1.243449436,-1.162541627
299.3,-1.090716207,-1.277989176
299.4,-0.936906573,-0.931494723
299.5,-0.782172325,-0.710075332
299.6,-0.626666168,-0.596065417
299.7,-0.470541567,-0.470395052
299.8,-0.313952598,-0.33254607
299.9,-0.157053795,-0.066158675
300,-5.39E-14,10
300.1,0.157053795,10
300.2,0.313952598,10
300.3,0.470541567,10
300.4,0.626666168,10
300.5,0.782172325,10
300.6,0.936906573,10
300.7,1.090716207,10
300.8,1.243449436,10
300.9,1.39495553,10
301,1.545084972,10
301.1,1.693689601,10
301.2,1.840622763,10
301.3,1.985739453,10
301.4,2.128896458,10
301.5,2.269952499,10
301.6,2.408768371,10
301.7,2.545207079,10
301.8,2.679133975,10
301.9,2.810416889,10
302,2.938926261,10
302.1,3.064535268,3.036690029
302.2,3.187119949,3.071206342
302.3,3.306559327,3.18181559
302.4,3.42273553,3.315893931
302.5,3.535533906,3.421950974
302.6,3.644843137,3.690047941
302.7,3.750555348,3.82697905
302.8,3.852566214,3.824520163
302.9,3.950775062,4.007287879
303,4.045084972,3.952619479
303.1,4.135402871,4.184947052
303.2,4.221639628,4.250594197
303.3,4.303710135,4.483169013
303.4,4.3815334,4.589476751
303.5,4.455032621,4.514100405
303.6,4.524135262,4.56011157
303.7,4.588773128,4.598928188
303.8,4.648882429,4.631367111
303.9,4.704403845,4.786618705
304,4.755282581,4.916741731
304.1,4.801468428,4.899190196
304.2,4.842915806,4.73814924
304.3,4.87958381,4.657547009
304.4,4.911436254,5.090608917
304.5,4.938441703,5.000964575
304.6,4.960573507,4.939447498
304.7,4.977809823,5.157135347
304.8,4.990133642,4.928109622
304.9,4.997532802,4.891212661
305,5,4.924270696
305.1,4.997532802,4.989568188
305.2,4.990133642,5.063957137
305.3,4.977809823,5.000751634
305.4,4.960573507,4.765755413
305.5,4.938441703,5.277927945
305.6,4.911436254,4.906034705
305.7,4.87958381,4.841203781
305.8,4.842915806,4.95981215
305.9,4.801468428,4.850311714
306,4.755282581,4.820102789
306.1,4.704403845,4.85718358
306.2,4.648882429,4.742342943
306.3,4.588773128,4.592438274
306.4,4.524135262,4.677734242
306.5,4.455032621,4.459629091
306.6,4.3815334,4.180087214
306.7,4.303710135,4.216588428
306.8,4.221639628,4.367983267
306.9,4.135402871,4.163198744
307,4.045084972,4.068202799
307.1,3.950775062,3.887887437
307.2,3.852566214,4.012892102
307.3,3.750555348,3.739883233
307.4,3.644843137,3.693164217
307.5,3.535533906,3.546870421
307.6,3.42273553,3.233827363
307.7,3.306559327,3.193643979
307.8,3.187119949,3.1668357
307.9,3.064535268,3.055500882
308,2.938926261,3.043551747
308.1,2.810416889,2.661238382
308.2,2.679133975,2.597339921
308.3,2.545207079,2.541525088
308.4,2.408768371,2.451498561
308.5,2.269952499,2.183699954
308.6,2.128896458,2.11760786
308.7,1.985739453,1.835315225
308.8,1.840622763,1.72198213
308.9,1.693689601,1.698157
309,1.545084972,1.415296075
309.1,1.39495553,1.402794381
309.2,1.243449436,1.227670973
309.3,1.090716207,1.023498747
309.4,0.936906573,0.940186196
309.5,0.782172325,0.871320269
309.6,0.626666168,0.586431801
309.7,0.470541567,0.529484166
309.8,0.313952598,0.316254365
309.9,0.157053795,0.118030697
310,3.67455937807865e-14,0.113475606
310.1,-0.157053795,-0.050692397
310.2,-0.313952598,-0.512161945
310.3,-0.470541567,-0.387047788
310.4,-0.626666168,-0.648969382
310.5,-0.782172325,-0.641480984
310.6,-0.936906573,-0.808538622
310.7,-1.090716207,-1.073563157
310.8,-1.243449436,-1.325563955
310.9,-1.39495553,-1.285874549
311,-1.545084972,-1.510583358
311.1,-1.693689601,-1.726150334
311.2,-1.840622763,-1.843777752
311.3,-1.985739453,-2.107584694
311.4,-2.128896458,-2.252714641
311.5,-2.269952499,-2.358926147
311.6,-2.408768371,-2.292678919
311.7,-2.545207079,-2.696129922
311.8,-2.679133975,-2.58049638
311.9,-2.810416889,-2.790695651
312,-2.938926261,-3.095630976
312.1,-3.064535268,-3.154320337
312.2,-3.187119949,-3.321611846
312.3,-3.306559327,-3.315443042
312.4,-3.42273553,-3.365800745
312.5,-3.535533906,-3.400262092
312.6,-3.644843137,-3.472057528
312.7,-3.750555348,-3.674005571
312.8,-3.852566214,-3.835809591
312.9,-3.950775062,-4.096985126
313,-4.045084972,-4.159075556
313.1,-4.135402871,-4.224098232
313.2,-4.221639628,-4.213083813
313.3,-4.303710135,-4.170517076
313.4,-4.3815334,-4.413175649
313.5,-4.455032621,-4.408680142
313.6,-4.524135262,-4.436157842
313.7,-4.588773128,-4.520967223
313.8,-4.648882429,-4.583487301
313.9,-4.704403845,-4.778666443
314,-4.755282581,-4.782991007
314.1,-4.801468428,-4.773967085
314.2,-4.842915806,-4.868190601
314.3,-4.87958381,-4.885015995
314.4,-4.911436254,-4.903110572
314.5,-4.938441703,-4.994248366
314.6,-4.960573507,-5.057213049
314.7,-4.977809823,-5.042677185
314.8,-4.990133642,-5.259332951
314.9,-4.997532802,-5.232976365
315,-5,-5.108714874
315.1,-4.997532802,-5.108158551
315.2,-4.990133642,-5.161660248
315.3,-4.977809823,-4.946087638
315.4,-4.960573507,-5.044757606
315.5,-4.938441703,-5.038150667
315.6,-4.911436254,-4.734650211
315.7,-4.87958381,-4.861293819
315.8,-4.842915806,-4.797167628
315.9,-4.801468428,-4.912249353
316,-4.755282581,-4.659814529
316.1,-4.704403845,-4.651812612
316.2,-4.648882429,-4.620829739
316.3,-4.588773128,-4.61220327
316.4,-4.524135262,-4.385991189
316.5,-4.455032621,-4.438701405
316.6,-4.3815334,-4.268034545
316.7,-4.303710135,-4.316518643
316.8,-4.221639628,-4.327212401
316.9,-4.135402871,-4.426063805
317,-4.045084972,-4.01630098
317.1,-3.950775062,-4.13880527
317.2,-3.852566214,-3.712578986
317.3,-3.750555348,-3.951425996
317.4,-3.644843137,-3.746846741
317.5,-3.535533906,-3.587184033
317.6,-3.42273553,-3.396138575
317.7,-3.306559327,-3.298208029
317.8,-3.187119949,-3.258857041
317.9,-3.064535268,-3.022189801
318,-2.938926261,-2.918344541
318.1,-2.810416889,-2.724380084
318.2,-2.679133975,-2.707481693
318.3,-2.545207079,-2.544240451
318.4,-2.408768371,-2.516237319
318.5,-2.269952499,-2.218309449
318.6,-2.128896458,-2.084388243
318.7,-1.985739453,-2.009840153
318.8,-1.840622763,-1.735533693
318.9,-1.693689601,-1.774328155
319,-1.545084972,-1.62120731
319.1,-1.39495553,-1.366878102
319.2,-1.243449436,-0.975131595
319.3,-1.090716207,-0.998110742
319.4,-0.936906573,-0.963379466
319.5,-0.782172325,-0.624727502
319.6,-0.626666168,-0.698786372
319.7,-0.470541567,-0.338849914
319.8,-0.313952598,-0.309588935
319.9,-0.157053795,-0.185942035
320,-1.96E-14,-0.13438417
320.1,0.157053795,0.283578689
320.2,0.313952598,0.299570009
320.3,0.470541567,0.46636986
320.4,0.626666168,0.636893301
320.5,0.782172325,0.638970951
320.6,0.936906573,1.099441748
320.7,1.090716207,1.050074657
320.8,1.243449436,1.600813628
320.9,1.39495553,1.490726178
321,1.545084972,1.419462377
321.1,1.693689601,1.63848047
321.2,1.840622763,1.687816756
321.3,1.985739453,1.952285746
321.4,2.128896458,2.323268835
321.5,2.269952499,2.168749294
321.6,2.408768371,2.314772299
321.7,2.545207079,2.457354005
321.8,2.679133975,2.708892366
321.9,2.810416889,2.860377715
322,2.938926261,2.689720578
322.1,3.064535268,3.138053543
322.2,3.187119949,3.12703989
322.3,3.306559327,3.261279018
322.4,3.42273553,3.327617451
322.5,3.535533906,3.710265527
322.6,3.644843137,3.73931791
322.7,3.750555348,3.887253415
322.8,3.852566214,3.659140308
322.9,3.950775062,4.064580837
323,4.045084972,4.122961119
323.1,4.135402871,4.153180982
323.2,4.221639628,4.330140164
323.3,4.303710135,4.352807364
323.4,4.3815334,4.401838194
323.5,4.455032621,4.483220154
323.6,4.524135262,4.482704931
323.7,4.588773128,4.532034737
323.8,4.648882429,4.663314029
323.9,4.704403845,4.871660951
324,4.755282581,4.627337351
324.1,4.801468428,4.804739648
324.2,4.842915806,4.791428574
324.3,4.87958381,4.828137869
324.4,4.911436254,4.94504506
324.5,4.938441703,4.914132991
324.6,4.960573507,4.966707584
324.7,4.977809823,4.874676002
324.8,4.990133642,5.000275427
324.9,4.997532802,4.946489991
325,5,4.923040092
325.1,4.997532802,5.171621399
325.2,4.990133642,5.06013644
325.3,4.977809823,5.007484685
325.4,4.960573507,5.207813395
325.5,4.938441703,4.921040543
325.6,4.911436254,4.927821448
325.7,4.87958381,5.07321217
325.8,4.842915806,4.848015
325.9,4.801468428,4.81148863
326,4.755282581,4.885844995
326.1,4.704403845,4.746464079
326.2,4.648882429,4.505785744
326.3,4.588773128,4.444153953
326.4,4.524135262,4.565273324
326.5,4.455032621,4.558246462
326.6,4.3815334,4.30239075
326.7,4.303710135,4.332025586
326.8,4.221639628,4.414038789
326.9,4.135402871,4.215313986
327,4.045084972,3.984142852
327.1,3.950775062,3.911370109
327.2,3.852566214,3.934699863
327.3,3.750555348,3.69044242
327.4,3.644843137,3.747009067
327.5,3.535533906,3.565636166
327.6,3.42273553,3.311265855
327.7,3.306559327,3.319522089
327.8,3.187119949,3.035529983
327.9,3.064535268,3.114579159
328,2.938926261,3.00853737
328.1,2.810416889,2.803762676
328.2,2.679133975,2.636722644
328.3,2.545207079,2.604927324
328.4,2.408768371,2.634846867
328.5,2.269952499,2.127939167
328.6,2.128896458,2.153663116
328.7,1.985739453,1.957930552
328.8,1.840622763,1.827523968
328.9,1.693689601,1.677924523
329,1.545084972,1.743882867
329.1,1.39495553,1.314427566
329.2,1.243449436,1.196353216
329.3,1.090716207,1.174080597
329.4,0.936906573,1.090057013
329.5,0.782172325,0.880753128
329.6,0.626666168,0.585068737
329.7,0.470541567,0.572202766
329.8,0.313952598,0.398917239
329.9,0.157053795,0.371696272
330,2.44310379192882e-15,0.030966292
330.1,-0.157053795,-0.253308556
330.2,-0.313952598,-0.365939476
330.3,-0.470541567,-0.463602582
330.4,-0.626666168,-0.861100606
330.5,-0.782172325,-0.819589972
330.6,-0.936906573,-1.060741478
330.7,-1.090716207,-1.095558727
330.8,-1.243449436,-1.275131346
330.9,-1.39495553,-1.365798101
331,-1.545084972,-1.435073835
331.1,-1.693689601,-1.738575929
331.2,-1.840622763,-1.851463247
331.3,-1.985739453,-1.887848931
331.4,-2.128896458,-1.807137756
331.5,-2.269952499,-2.2915807
331.6,-2.408768371,-2.31962641
331.7,-2.545207079,-2.556882841
331.8,-2.679133975,-2.632236286
331.9,-2.810416889,-2.897158287
332,-2.938926261,-3.068617059
332.1,-3.064535268,-3.10226852
332.2,-3.187119949,-3.315619483
332.3,-3.306559327,-3.269051794
332.4,-3.42273553,-3.53280813
332.5,-3.535533906,-3.54016154
332.6,-3.644843137,-3.633656795
332.7,-3.750555348,-3.699537818
332.8,-3.852566214,-3.795983865
332.9,-3.950775062,-3.937501841
333,-4.045084972,-4.090072754
333.1,-4.135402871,-4.225269858
333.2,-4.221639628,-4.211821729
333.3,-4.303710135,-4.289085182
333.4,-4.3815334,-4.485300218
333.5,-4.455032621,-4.379715691
333.6,-4.524135262,-4.536764069
333.7,-4.588773128,-4.684750489
333.8,-4.648882429,-4.620472005
333.9,-4.704403845,-4.484073302
334,-4.755282581,-4.693528849
334.1,-4.801468428,-4.855409757
334.2,-4.842915806,-4.901315953
334.3,-4.87958381,-4.8033116
334.4,-4.911436254,-4.901688548
334.5,-4.938441703,-4.945965078
334.6,-4.960573507,-4.813595437
334.7,-4.977809823,-4.894157443
334.8,-4.990133642,-5.048382206
334.9,-4.997532802,-5.008961457
335,-5,-5.070470977
335.1,-4.997532802,-5.099319733
335.2,-4.990133642,-4.887457183
335.3,-4.977809823,-5.016037437
335.4,-4.960573507,-4.942352465
335.5,-4.938441703,-4.870698361
335.6,-4.911436254,-4.868423012
335.7,-4.87958381,-4.894944205
335.8,-4.842915806,-4.67441938
335.9,-4.801468428,-4.782670636
336,-4.755282581,-4.673577725
336.1,-4.704403845,-4.57499033
336.2,-4.648882429,-4.638646322
336.3,-4.588773128,-4.504905812
336.4,-4.524135262,-4.338359158
336.5,-4.455032621,-4.456218447
336.6,-4.3815334,-4.266969791
336.7,-4.303710135,-4.276951389
336.8,-4.221639628,-4.143635722
336.9,-4.135402871,-4.330496013
337,-4.045084972,-4.125976768
337.1,-3.950775062,-4.06732952
337.2,-3.852566214,-3.866794396
337.3,-3.750555348,-3.693071625
337.4,-3.644843137,-3.510456685
337.5,-3.535533906,-3.483153456
337.6,-3.42273553,-3.444248495
337.7,-3.306559327,-3.265439939
337.8,-3.187119949,-3.114892022
337.9,-3.064535268,-2.97940175
338,-2.938926261,-2.874454058
338.1,-2.810416889,-2.830563577
338.2,-2.679133975,-2.495182364
338.3,-2.545207079,-2.409884867
338.4,-2.408768371,-2.44885678
338.5,-2.269952499,-2.310948965
338.6,-2.128896458,-2.043003228
338.7,-1.985739453,-1.896794783
338.8,-1.840622763,-1.867921951
338.9,-1.693689601,-1.778038218
339,-1.545084972,-1.593917318
339.1,-1.39495553,-1.30622475
339.2,-1.243449436,-1.27547888
339.3,-1.090716207,-1.094419732
339.4,-0.936906573,-0.922696711
339.5,-0.782172325,-0.729349064
339.6,-0.626666168,-0.654887651
339.7,-0.470541567,-0.439430339
339.8,-0.313952598,-0.273085456
339.9,-0.157053795,-0.331964857
340,1.47081412025e-14,-0.154102576
340.1,0.157053795,0.079498659
340.2,0.313952598,0.378508407
340.3,0.470541567,0.421068825
340.4,0.626666168,0.626831115
340.5,0.782172325,0.680778739
340.6,0.936906573,0.882794732
340.7,1.090716207,1.186551573
340.8,1.243449436,1.207198833
340.9,1.39495553,1.15636345
341,1.545084972,1.475815263
341.1,1.693689601,1.665824913
341.2,1.840622763,1.953047128
341.3,1.985739453,2.093287995
341.4,2.128896458,2.016152559
341.5,2.269952499,2.331812281
341.6,2.408768371,2.554837944
341.7,2.545207079,2.692103766
341.8,2.679133975,2.749472742
341.9,2.810416889,2.683930782
342,2.938926261,3.02226139
342.1,3.064535268,3.165061274
342.2,3.187119949,3.228777605
342.3,3.306559327,3.288784977
342.4,3.42273553,3.403856358
342.5,3.535533906,3.709117134
342.6,3.644843137,3.632205347
342.7,3.750555348,3.640140867
342.8,3.852566214,3.956327988
342.9,3.950775062,3.890880466
343,4.045084972,4.031970406
343.1,4.135402871,4.070746509
343.2,4.221639628,4.305059332
343.3,4.303710135,4.349415925
343.4,4.3815334,4.395377545
343.5,4.455032621,4.530456842
343.6,4.524135262,4.413490047
343.7,4.588773128,4.629439926
343.8,4.648882429,4.826430641
343.9,4.704403845,4.679942786
344,4.755282581,4.810004434
344.1,4.801468428,4.80355033
344.2,4.842915806,4.725273578
344.3,4.87958381,4.866523497
344.4,4.911436254,4.904589013
344.5,4.938441703,5.121041477
344.6,4.960573507,4.970856293
344.7,4.977809823,5.091803461
344.8,4.990133642,4.955625492
344.9,4.997532802,4.925473275
345,5,4.904192819
345.1,4.997532802,5.106473543
345.2,4.990133642,5.128001502
345.3,4.977809823,5.110080161
345.4,4.960573507,5.079444923
345.5,4.938441703,4.940021521
345.6,4.911436254,4.804866308
345.7,4.87958381,4.945974403
345.8,4.842915806,4.925216038
345.9,4.801468428,4.823638375
346,4.755282581,4.827198267
346.1,4.704403845,4.863435779
346.2,4.648882429,4.725000878
346.3,4.588773128,4.689694448
346.4,4.524135262,4.505545841
346.5,4.455032621,4.484611043
346.6,4.3815334,4.24655112
346.7,4.303710135,4.40634879
346.8,4.221639628,4.114402816
346.9,4.135402871,4.099886906
347,4.045084972,3.926607784
347.1,3.950775062,3.953293412
347.2,3.852566214,4.048916926
347.3,3.750555348,3.797011507
347.4,3.644843137,3.686386053
347.5,3.535533906,3.44932133
347.6,3.42273553,3.515073701
347.7,3.306559327,3.167796896
347.8,3.187119949,3.075350602
347.9,3.064535268,3.114193126
348,2.938926261,2.776853308
348.1,2.810416889,2.791968166
348.2,2.679133975,2.678707722
348.3,2.545207079,2.479505815
348.4,2.408768371,2.354024981
348.5,2.269952499,2.495016256
348.6,2.128896458,1.877306216
348.7,1.985739453,2.069938684
348.8,1.840622763,1.8294834
348.9,1.693689601,1.751334228
349,1.545084972,1.636940872
349.1,1.39495553,1.126544467
349.2,1.243449436,1.132695313
349.3,1.090716207,1.154632267
349.4,0.936906573,0.939939616
349.5,0.782172325,0.89014279
349.6,0.626666168,0.666388063
349.7,0.470541567,0.366114128
349.8,0.313952598,0.182822101
349.9,0.157053795,0.362865851
350,3.91948873790812e-14,0.134450345
350.1,-0.157053795,-0.139178803
350.2,-0.313952598,-0.180405816
350.3,-0.470541567,-0.454084912
350.4,-0.626666168,-0.717270224
350.5,-0.782172325,-0.813634205
350.6,-0.936906573,-0.812029116
350.7,-1.090716207,-1.00533898
350.8,-1.243449436,-1.185799333
350.9,-1.39495553,-1.425591136
351,-1.545084972,-1.549420285
351.1,-1.693689601,-1.615084191
351.2,-1.840622763,-1.82200411
351.3,-1.985739453,-2.001727989
351.4,-2.128896458,-2.194786742
351.5,-2.269952499,-2.304028186
351.6,-2.408768371,-2.461875686
351.7,-2.545207079,-2.850680635
351.8,-2.679133975,-2.618477087
351.9,-2.810416889,-2.732808532
352,-2.938926261,-3.015032954
352.1,-3.064535268,-2.990971946
352.2,-3.187119949,-3.111132451
352.3,-3.306559327,-3.211154306
352.4,-3.42273553,-3.48887553
352.5,-3.535533906,-3.459451095
352.6,-3.644843137,-3.704268232
352.7,-3.750555348,-3.767852892
352.8,-3.852566214,-3.73356307
352.9,-3.950775062,-3.799352788
353,-4.045084972,-3.980478352
353.1,-4.135402871,-4.127806512
353.2,-4.221639628,-4.264400484
353.3,-4.303710135,-4.270792287
353.4,-4.3815334,-4.432269117
353.5,-4.455032621,-4.522931
353.6,-4.524135262,-4.550044363
353.7,-4.588773128,-4.533260575
353.8,-4.648882429,-4.582018444
353.9,-4.704403845,-4.723265598
354,-4.755282581,-4.739551214
354.1,-4.801468428,-4.860143483
354.2,-4.842915806,-4.904231588
354.3,-4.87958381,-4.811939078
354.4,-4.911436254,-5.02634088
354.5,-4.938441703,-4.926388886
354.6,-4.960573507,-5.109176264
354.7,-4.977809823,-5.004358245
354.8,-4.990133642,-5.098322979
354.9,-4.997532802,-5.100161438
355,-5,-5.056743492
355.1,-4.997532802,-5.118319575
355.2,-4.990133642,-4.938276326
355.3,-4.977809823,-4.978612523
355.4,-4.960573507,-4.922796356
355.5,-4.938441703,-4.818625261
355.6,-4.911436254,-4.853053505
355.7,-4.87958381,-4.871295666
355.8,-4.842915806,-4.905898494
355.9,-4.801468428,-4.81285364
356,-4.755282581,-4.917258526
356.1,-4.704403845,-4.783909172
356.2,-4.648882429,-4.518598353
356.3,-4.588773128,-4.663136148
356.4,-4.524135262,-4.794486946
356.5,-4.455032621,-4.383828321
356.6,-4.3815334,-4.310138464
356.7,-4.303710135,-4.385684889
356.8,-4.221639628,-4.130726674
356.9,-4.135402871,-4.21940204
357,-4.045084972,-3.864611745
357.1,-3.950775062,-3.991828993
357.2,-3.852566214,-3.924474072
357.3,-3.750555348,-3.838543187
357.4,-3.644843137,-3.529186191
357.5,-3.535533906,-3.355809538
357.6,-3.42273553,-3.365625975
357.7,-3.306559327,-3.32523657
357.8,-3.187119949,-3.108752943
357.9,-3.064535268,-3.213854996
358,-2.938926261,-3.038443427
358.1,-2.810416889,-2.946838045
358.2,-2.679133975,-2.523535284
358.3,-2.545207079,-2.546545462
358.4,-2.408768371,-2.594504144
358.5,-2.269952499,-2.411888755
358.6,-2.128896458,-1.983951568
358.7,-1.985739453,-1.790308577
358.8,-1.840622763,-1.882693884
358.9,-1.693689601,-1.649639817
359,-1.545084972,-1.494199803
359.1,-1.39495553,-1.51771019
359.2,-1.243449436,-1.349384782
359.3,-1.090716207,-1.022136252
359.4,-0.936906573,-0.987819482
359.5,-0.782172325,-0.712261687
359.6,-0.626666168,-0.687521643
359.7,-0.470541567,-0.645817686
359.8,-0.313952598,-0.413855354
359.9,-0.157053795,-0.163504763
360,-2.20E-14,-0.083933122
360.1,0.157053795,0.129440787
360.2,0.313952598,0.638224283
360.3,0.470541567,0.67364856
360.4,0.626666168,0.492737409
360.5,0.782172325,0.59344064
360.6,0.936906573,1.018353737
360.7,1.090716207,1.096732554
360.8,1.243449436,1.238195541
360.9,1.39495553,1.378235154
361,1.545084972,1.514908408
361.1,1.693689601,1.742968754
361.2,1.840622763,2.002405487
361.3,1.985739453,2.035241929
361.4,2.128896458,1.918806768
361.5,2.269952499,2.308474849
361.6,2.408768371,2.570200212
361.7,2.545207079,2.529848844
361.8,2.679133975,2.733390772
361.9,2.810416889,2.698363367
362,2.938926261,2.871069815
362.1,3.064535268,2.855115579
362.2,3.187119949,3.23654379
362.3,3.306559327,3.375229692
362.4,3.42273553,3.565694401
362.5,3.535533906,3.438967855
362.6,3.644843137,3.617021155
362.7,3.750555348,3.678471479
362.8,3.852566214,3.812822018
362.9,3.950775062,3.867952153
363,4.045084972,3.808264763
363.1,4.135402871,4.160321758
363.2,4.221639628,4.043476633
363.3,4.303710135,4.290586069
363.4,4.3815334,4.359935195
363.5,4.455032621,4.392533651
363.6,4.524135262,4.366148179
363.7,4.588773128,4.510144482
363.8,4.648882429,4.916895472
363.9,4.704403845,4.788402721
364,4.755282581,4.797635655
364.1,4.801468428,4.915129485
364.2,4.842915806,4.884496744
364.3,4.87958381,4.913037097
364.4,4.911436254,4.927835621
364.5,4.938441703,5.019277329
364.6,4.960573507,4.990058896
364.7,4.977809823,4.924706106
364.8,4.990133642,5.048346333
364.9,4.997532802,4.958662243
365,5,4.949876014
365.1,4.997532802,4.975966595
365.2,4.990133642,5.007708555
365.3,4.977809823,4.858129701
365.4,4.960573507,4.920409269
365.5,4.938441703,5.087701052
365.6,4.911436254,4.966027181
365.7,4.87958381,4.759938832
365.8,4.842915806,4.993223109
365.9,4.801468428,4.928903406
366,4.755282581,4.806418903
366.1,4.704403845,4.64737584
366.2,4.648882429,4.631068637
366.3,4.588773128,4.514673133
366.4,4.524135262,4.574471154
366.5,4.455032621,4.406093654
366.6,4.3815334,4.369693579
366.7,4.303710135,4.372475775
366.8,4.221639628,4.270961031
366.9,4.135402871,4.003914353
367,4.045084972,4.096963021
367.1,3.950775062,4.105456672
367.2,3.852566214,3.836702919
367.3,3.750555348,3.899299115
367.4,3.644843137,3.720035785
367.5,3.535533906,3.5063083
367.6,3.42273553,3.405774649
367.7,3.306559327,3.249192498
367.8,3.187119949,3.034399659
367.9,3.064535268,3.037942838
368,2.938926261,3.0109044
368.1,2.810416889,2.873068996
368.2,2.679133975,2.610807881
368.3,2.545207079,2.591876932
368.4,2.408768371,2.563112274
368.5,2.269952499,2.190685418
368.6,2.128896458,2.22943954
368.7,1.985739453,1.838633475
368.8,1.840622763,1.96361918
368.9,1.693689601,1.626564258
369,1.545084972,1.541823533
369.1,1.39495553,1.250719257
369.2,1.243449436,1.234063729
369.3,1.090716207,0.977017165
369.4,0.936906573,0.829121859
369.5,0.782172325,0.572529829
369.6,0.626666168,0.560828977
369.7,0.470541567,0.54180253
369.8,0.313952598,0.366205807
369.9,0.157053795,0.235277287
370,4.89239739022353e-15,0.105792403
370.1,-0.157053795,-0.120823818
370.2,-0.313952598,-0.350840524
370.3,-0.470541567,-0.514720179
370.4,-0.626666168,-0.72960339
370.5,-0.782172325,-0.965616142
370.6,-0.936906573,-0.899029393
370.7,-1.090716207,-1.254400752
370.8,-1.243449436,-1.270395768
370.9,-1.39495553,-1.493804412
371,-1.545084972,-1.595230467
371.1,-1.693689601,-1.635238321
371.2,-1.840622763,-1.703508094
371.3,-1.985739453,-2.010922923
371.4,-2.128896458,-2.106218206
371.5,-2.269952499,-2.385952883
371.6,-2.408768371,-2.330994672
371.7,-2.545207079,-2.511564925
371.8,-2.679133975,-2.57981735
371.9,-2.810416889,-2.786214256
372,-2.938926261,-2.953299786
372.1,-3.064535268,-2.992445786
372.2,-3.187119949,-3.094700021
372.3,-3.306559327,-3.307840278
372.4,-3.42273553,-3.41620712
372.5,-3.535533906,-3.46734606
372.6,-3.644843137,-3.565280327
372.7,-3.750555348,-3.643624455
372.8,-3.852566214,-3.945286015
372.9,-3.950775062,-3.813879791
373,-4.045084972,-3.991646106
373.1,-4.135402871,-4.204815056
373.2,-4.221639628,-4.290537392
373.3,-4.303710135,-4.262843492
373.4,-4.3815334,-4.447705129
373.5,-4.455032621,-4.41434329
373.6,-4.524135262,-4.549051463
373.7,-4.588773128,-4.5875929
373.8,-4.648882429,-4.556606078
373.9,-4.704403845,-4.565538982
374,-4.755282581,-4.581500366
374.1,-4.801468428,-4.944428625
374.2,-4.842915806,-4.792701403
374.3,-4.87958381,-4.871086725
374.4,-4.911436254,-4.865848191
374.5,-4.938441703,-4.95700777
374.6,-4.960573507,-5.069500964
374.7,-4.977809823,-4.928457689
374.8,-4.990133642,-4.911769219
374.9,-4.997532802,-5.068908965
375,-5,-5.049278639
375.1,-4.997532802,-5.148560408
375.2,-4.990133642,-4.790682314
375.3,-4.977809823,-4.943814171
375.4,-4.960573507,-4.979729614
375.5,-4.938441703,-4.969555932
375.6,-4.911436254,-4.777264798
375.7,-4.87958381,-4.968128902
375.8,-4.842915806,-4.704653764
375.9,-4.801468428,-4.607853328
376,-4.755282581,-4.695851023
376.1,-4.704403845,-4.670250888
376.2,-4.648882429,-4.623363321
376.3,-4.588773128,-4.550551249
376.4,-4.524135262,-4.537065363
376.5,-4.455032621,-4.435872928
376.6,-4.3815334,-4.431993336
376.7,-4.303710135,-4.213882689
376.8,-4.221639628,-4.149749974
376.9,-4.135402871,-4.170789534
377,-4.045084972,-3.992200344
377.1,-3.950775062,-4.021481573
377.2,-3.852566214,-3.967037704
377.3,-3.750555348,-3.548771947
377.4,-3.644843137,-3.598510724
377.5,-3.535533906,-3.583787306
377.6,-3.42273553,-3.722794685
377.7,-3.306559327,-3.369169738
377.8,-3.187119949,-3.232302048
377.9,-3.064535268,-2.991847934
378,-2.938926261,-2.854214536
378.1,-2.810416889,-2.732892404
378.2,-2.679133975,-2.77898375
378.3,-2.545207079,-2.2001079
378.4,-2.408768371,-2.466915424
378.5,-2.269952499,-2.271532759
378.6,-2.128896458,-2.147330212
378.7,-1.985739453,-2.077081783
378.8,-1.840622763,-1.746630478
378.9,-1.693689601,-1.670646654
379,-1.545084972,-1.41658051
379.1,-1.39495553,-1.363906738
379.2,-1.243449436,-1.290577222
379.3,-1.090716207,-1.00040801
379.4,-0.936906573,-0.974026481
379.5,-0.782172325,-0.738570642
379.6,-0.626666168,-0.613848475
379.7,-0.470541567,-0.435931688
379.8,-0.313952598,-0.298288274
379.9,-0.157053795,-0.055683003
380,-5.88E-14,-0.135301417
380.1,0.157053795,0.22394992
380.2,0.313952598,0.447303643
380.3,0.470541567,0.401409521
380.4,0.626666168,0.624878778
380.5,0.782172325,0.688898264
380.6,0.936906573,0.686644486
380.7,1.090716207,1.044659592
380.8,1.243449436,1.426758668
380.9,1.39495553,1.350900425
381,1.545084972,1.476368702
381.1,1.693689601,1.515848985
381.2,1.840622763,1.788618468
381.3,1.985739453,1.925398575
381.4,2.128896458,2.221697694
381.5,2.269952499,2.325787426
381.6,2.408768371,2.386302074
381.7,2.545207079,2.650200935
381.8,2.679133975,2.679702869
381.9,2.810416889,2.91540795
382,2.938926261,2.755199159
382.1,3.064535268,3.104611011
382.2,3.187119949,3.101045966
382.3,3.306559327,3.100668031
382.4,3.42273553,3.460269377
382.5,3.535533906,3.518293283
382.6,3.644843137,3.697878787
382.7,3.750555348,3.617698721
382.8,3.852566214,3.547273851
382.9,3.950775062,4.123788699
383,4.045084972,3.931068057
383.1,4.135402871,4.225973714
383.2,4.221639628,4.234767461
383.3,4.303710135,4.187492038
383.4,4.3815334,4.441673562
383.5,4.455032621,4.552718736
383.6,4.524135262,4.564800495
383.7,4.588773128,4.560274202
383.8,4.648882429,4.562831775
383.9,4.704403845,4.697816627
384,4.755282581,4.746092433
384.1,4.801468428,4.879079123
384.2,4.842915806,4.890298702
384.3,4.87958381,4.848595836
384.4,4.911436254,4.85320629
384.5,4.938441703,5.094701877
384.6,4.960573507,4.944964745
384.7,4.977809823,5.061501953
384.8,4.990133642,4.996407236
384.9,4.997532802,5.053591118
385,5,4.994473548
385.1,4.997532802,4.957935578
385.2,4.990133642,5.011365304
385.3,4.977809823,4.826356642
385.4,4.960573507,4.967169193
385.5,4.938441703,4.829422259
385.6,4.911436254,4.831186997
385.7,4.87958381,4.843297491
385.8,4.842915806,4.8366269
385.9,4.801468428,4.873707963
386,4.755282581,4.770140278
386.1,4.704403845,4.76936133
386.2,4.648882429,4.583742589
386.3,4.588773128,4.636260417
386.4,4.524135262,4.593129091
386.5,4.455032621,4.414723514
386.6,4.3815334,4.349896918
386.7,4.303710135,4.279807187
386.8,4.221639628,4.211937086
386.9,4.135402871,4.057064409
387,4.045084972,3.973674756
387.1,3.950775062,3.847541291
387.2,3.852566214,3.955606723
387.3,3.750555348,3.719216802
387.4,3.644843137,3.740109387
387.5,3.535533906,3.590889197
387.6,3.42273553,3.503903023
387.7,3.306559327,3.268532764
387.8,3.187119949,3.113162466
387.9,3.064535268,2.974591186
388,2.938926261,2.978382558
388.1,2.810416889,2.657301935
388.2,2.679133975,2.724757981
388.3,2.545207079,2.488679375
388.4,2.408768371,2.419514107
388.5,2.269952499,2.232704379
388.6,2.128896458,2.093348764
388.7,1.985739453,2.005570126
388.8,1.840622763,1.915577978
388.9,1.693689601,1.809372607
389,1.545084972,1.654051883
389.1,1.39495553,1.384115155
389.2,1.243449436,1.235625035
389.3,1.090716207,1.075622531
389.4,0.936906573,0.814917551
389.5,0.782172325,0.720841693
389.6,0.626666168,0.833124925
389.7,0.470541567,0.472450483
389.8,0.313952598,0.216566044
389.9,0.157053795,0.042091145
390,4.16441809773759e-14,-0.108783747
390.1,-0.157053795,-0.190112832
390.2,-0.313952598,-0.085035145
390.3,-0.470541567,-0.403990302
390.4,-0.626666168,-0.341587768
390.5,-0.782172325,-0.574801836
390.6,-0.936906573,-0.942765814
390.7,-1.090716207,-1.144293354
390.8,-1.243449436,-1.195932669
390.9,-1.39495553,-1.319814361
391,-1.545084972,-1.625228693
391.1,-1.693689601,-1.778804327
391.2,-1.840622763,-1.823265032
391.3,-1.985739453,-1.957296176
391.4,-2.128896458,-2.129460038
391.5,-2.269952499,-2.186100019
391.6,-2.408768371,-2.408765869
391.7,-2.545207079,-2.485431195
391.8,-2.679133975,-2.5550382
391.9,-2.810416889,-2.877849304
392,-2.938926261,-3.077212555
392.1,-3.064535268,-2.96117365
392.2,-3.187119949,-3.243016252
392.3,-3.306559327,-3.241578313
392.4,-3.42273553,-3.346595722
392.5,-3.535533906,-3.383633112
392.6,-3.644843137,-3.411899575
392.7,-3.750555348,-3.589763852
392.8,-3.852566214,-3.838573632
392.9,-3.950775062,-3.986135567
393,-4.045084972,-3.980269611
393.1,-4.135402871,-4.0523006
393.2,-4.221639628,-4.122473749
393.3,-4.303710135,-4.155079218
393.4,-4.3815334,-4.44636714
393.5,-4.455032621,-4.437207467
393.6,-4.524135262,-4.486280789
393.7,-4.588773128,-4.789659372
393.8,-4.648882429,-4.681181875
393.9,-4.704403845,-4.588135619
394,-4.755282581,-4.922453107
394.1,-4.801468428,-4.837038164
394.2,-4.842915806,-5.007718302
394.3,-4.87958381,-4.903069935
394.4,-4.911436254,-4.861118775
394.5,-4.938441703,-4.840061761
394.6,-4.960573507,-5.098208724
394.7,-4.977809823,-4.890014804
394.8,-4.990133642,-5.144389827
394.9,-4.997532802,-5.015236858
395,-5,-5.060993782
395.1,-4.997532802,-4.887092502
395.2,-4.990133642,-4.9902405
395.3,-4.977809823,-5.157061189
395.4,-4.960573507,-4.996530575
395.5,-4.938441703,-4.990785979
395.6,-4.911436254,-5.018027854
395.7,-4.87958381,-4.957043953
395.8,-4.842915806,-4.657593688
395.9,-4.801468428,-4.824863707
396,-4.755282581,-4.819477327
396.1,-4.704403845,-4.740648037
396.2,-4.648882429,-4.631446309
396.3,-4.588773128,-4.626873189
396.4,-4.524135262,-4.570181475
396.5,-4.455032621,-4.614653587
396.6,-4.3815334,-4.344392306
396.7,-4.303710135,-4.141536635
396.8,-4.221639628,-4.344869145
396.9,-4.135402871,-4.138823037
397,-4.045084972,-4.029990492
397.1,-3.950775062,-3.832345667
397.2,-3.852566214,-3.814879344
397.3,-3.750555348,-3.724250213
397.4,-3.644843137,-3.5843873
397.5,-3.535533906,-3.612265821
397.6,-3.42273553,-3.343801504
397.7,-3.306559327,-3.276155066
397.8,-3.187119949,-3.194826329
397.9,-3.064535268,-2.939581266
398,-2.938926261,-2.943227047
398.1,-2.810416889,-2.749303111
398.2,-2.679133975,-2.75029133
398.3,-2.545207079,-2.764861712
398.4,-2.408768371,-2.401014622
398.5,-2.269952499,-2.181190113
398.6,-2.128896458,-2.103471887
398.7,-1.985739453,-2.023448788
398.8,-1.840622763,-1.889554231
398.9,-1.693689601,-1.734810922
399,-1.545084972,-1.455882461
399.1,-1.39495553,-1.329226485
399.2,-1.243449436,-1.489183486
399.3,-1.090716207,-1.115257735
399.4,-0.936906573,-0.971682664
399.5,-0.782172325,-0.72756811
399.6,-0.626666168,-0.652005459
399.7,-0.470541567,-0.651852257
399.8,-0.313952598,-0.15695221
399.9,-0.157053795,-0.170824342
400,-2.45E-14,0.049782048
400.1,0.157053795,0.10931506
400.2,0.313952598,0.523958995
400.3,0.470541567,0.232097236
400.4,0.626666168,0.62110288
400.5,0.782172325,0.93477776
400.6,0.936906573,0.865949324
400.7,1.090716207,1.034576309
400.8,1.243449436,1.344671095
400.9,1.39495553,1.374468854
401,1.545084972,1.620779284
401.1,1.693689601,1.676592416
401.2,1.840622763,1.79484257
401.3,1.985739453,1.911805837
401.4,2.128896458,2.125090962
401.5,2.269952499,2.120484725
401.6,2.408768371,2.364695206
401.7,2.545207079,2.575728211
401.8,2.679133975,2.582188237
401.9,2.810416889,2.908201927
402,2.938926261,2.783350438
402.1,3.064535268,3.190577746
402.2,3.187119949,3.321660325
402.3,3.306559327,3.191265686
402.4,3.42273553,3.308417354
402.5,3.535533906,3.600234575
402.6,3.644843137,3.517089923
402.7,3.750555348,3.7601401
402.8,3.852566214,3.890164258
402.9,3.950775062,3.748571927
403,4.045084972,4.159623145
403.1,4.135402871,4.102332702
403.2,4.221639628,4.139590475
403.3,4.303710135,4.351585458
403.4,4.3815334,4.38210022
403.5,4.455032621,4.383362204
403.6,4.524135262,4.702224573
403.7,4.588773128,4.645812344
403.8,4.648882429,4.419668141
403.9,4.704403845,4.836948138
404,4.755282581,4.776263472
404.1,4.801468428,4.834836681
404.2,4.842915806,4.882228181
404.3,4.87958381,4.888026996
404.4,4.911436254,4.89902464
404.5,4.938441703,4.881112717
404.6,4.960573507,4.946258331
404.7,4.977809823,4.988558364
404.8,4.990133642,5.04243989
404.9,4.997532802,5.243190088
405,5,5.053818947
405.1,4.997532802,4.887124721
405.2,4.990133642,5.11483076
405.3,4.977809823,4.922591562
405.4,4.960573507,4.948536514
405.5,4.938441703,4.89544434
405.6,4.911436254,4.820120229
405.7,4.87958381,5.034276514
405.8,4.842915806,4.911662973
405.9,4.801468428,4.687454128
406,4.755282581,4.668556559
406.1,4.704403845,4.610230352
406.2,4.648882429,4.539524915
406.3,4.588773128,4.492904776
406.4,4.524135262,4.581437269
406.5,4.455032621,4.444265308
406.6,4.3815334,4.42813907
406.7,4.303710135,4.242455426
406.8,4.221639628,4.204222339
406.9,4.135402871,4.220832127
407,4.045084972,4.038827092
407.1,3.950775062,3.896609721
407.2,3.852566214,3.738096519
407.3,3.750555348,3.615397729
407.4,3.644843137,3.63026829
407.5,3.535533906,3.496163507
407.6,3.42273553,3.384615194
407.7,3.306559327,3.191616122
407.8,3.187119949,3.342987688
407.9,3.064535268,2.868674194
408,2.938926261,2.749253908
408.1,2.810416889,2.852701181
408.2,2.679133975,2.690222306
408.3,2.545207079,2.413024095
408.4,2.408768371,2.345093707
408.5,2.269952499,2.290359665
408.6,2.128896458,1.987567805
408.7,1.985739453,1.851389004
408.8,1.840622763,1.688353955
408.9,1.693689601,1.661174006
409,1.545084972,1.446289465
409.1,1.39495553,1.540893583
409.2,1.243449436,1.264152631
409.3,1.090716207,0.99124557
409.4,0.936906573,0.753967541
409.5,0.782172325,0.689336327
409.6,0.626666168,0.65951683
409.7,0.470541567,0.434017921
409.8,0.313952598,0.442914931
409.9,0.157053795,0.064037544
410,7.83959645645282e-14,0.15150914
410.1,-0.157053795,-0.278611134
410.2,-0.313952598,-0.526362787
410.3,-0.470541567,-0.463439679
410.4,-0.626666168,-0.720772648
410.5,-0.782172325,-0.830577444
410.6,-0.936906573,-0.809887242
410.7,-1.090716207,-0.976591608
410.8,-1.243449436,-1.152433882
410.9,-1.39495553,-1.398049726
411,-1.545084972,-1.716111665
411.1,-1.693689601,-1.649378288
411.2,-1.840622763,-1.76048628
411.3,-1.985739453,-2.111825572
411.4,-2.128896458,-2.119031081
411.5,-2.269952499,-2.271003465
411.6,-2.408768371,-2.435551904
411.7,-2.545207079,-2.492106748
411.8,-2.679133975,-2.566936898
411.9,-2.810416889,-2.759210383
412,-2.938926261,-3.085845479
412.1,-3.064535268,-3.267658266
412.2,-3.187119949,-3.287661435
412.3,-3.306559327,-3.333562542
412.4,-3.42273553,-3.472684324
412.5,-3.535533906,-3.419301552
412.6,-3.644843137,-3.587107098
412.7,-3.750555348,-3.749740178
412.8,-3.852566214,-4.058974451
412.9,-3.950775062,-3.844997737
413,-4.045084972,-3.984191147
413.1,-4.135402871,-4.111435052
413.2,-4.221639628,-4.270460719
413.3,-4.303710135,-4.03263229
413.4,-4.3815334,-4.352221277
413.5,-4.455032621,-4.420494674
413.6,-4.524135262,-4.514352192
413.7,-4.588773128,-4.582762351
413.8,-4.648882429,-4.511425873
413.9,-4.704403845,-4.845127055
414,-4.755282581,-4.638624998
414.1,-4.801468428,-4.894177856
414.2,-4.842915806,-4.878000453
414.3,-4.87958381,-4.892574577
414.4,-4.911436254,-4.946000775
414.5,-4.938441703,-4.967301475
414.6,-4.960573507,-4.896450399
414.7,-4.977809823,-5.089292176
414.8,-4.990133642,-5.030631316
414.9,-4.997532802,-4.897348676
415,-5,-5.029212945
415.1,-4.997532802,-4.993564171
415.2,-4.990133642,-5.219676113
415.3,-4.977809823,-4.78322647
415.4,-4.960573507,-5.042415093
415.5,-4.938441703,-4.930257839
415.6,-4.911436254,-4.985298355
415.7,-4.87958381,-4.946471043
415.8,-4.842915806,-4.913175632
415.9,-4.801468428,-4.926391138
416,-4.755282581,-4.815544456
416.1,-4.704403845,-4.650313463
416.2,-4.648882429,-4.692296887
416.3,-4.588773128,-4.70235536
416.4,-4.524135262,-4.724290092
416.5,-4.455032621,-4.503707786
416.6,-4.3815334,-4.21573159
416.7,-4.303710135,-4.430917422
416.8,-4.221639628,-4.327078148
416.9,-4.135402871,-4.230103978
417,-4.045084972,-3.882525832
417.1,-3.950775062,-3.894376978
417.2,-3.852566214,-3.99223762
417.3,-3.750555348,-3.830363547
417.4,-3.644843137,-3.689143463
417.5,-3.535533906,-3.537976039
417.6,-3.42273553,-3.441471579
417.7,-3.306559327,-3.28183529
417.8,-3.187119949,-3.005079904
417.9,-3.064535268,-3.156862184
418,-2.938926261,-2.758290042
418.1,-2.810416889,-2.852803149
418.2,-2.679133975,-2.468838572
418.3,-2.545207079,-2.559304061
418.4,-2.408768371,-2.544690401
418.5,-2.269952499,-2.380357969
418.6,-2.128896458,-2.144303144
418.7,-1.985739453,-1.917844793
418.8,-1.840622763,-1.721655775
418.9,-1.693689601,-1.68828745
419,-1.545084972,-1.557684124
419.1,-1.39495553,-1.524103984
419.2,-1.243449436,-1.289429514
419.3,-1.090716207,-1.153143916
419.4,-0.936906573,-0.873118098
419.5,-0.782172325,-0.787893216
419.6,-0.626666168,-0.616437542
419.7,-0.470541567,-0.428151986
419.8,-0.313952598,-0.357008001
419.9,-0.157053795,-0.034770748
420,9.80955400591059e-15,0.139721411
420.1,0.157053795,0.247548704
420.2,0.313952598,0.366407743
420.3,0.470541567,0.48276879
420.4,0.626666168,0.746774742
420.5,0.782172325,0.70234852
420.6,0.936906573,0.833877936
420.7,1.090716207,1.131044664
420.8,1.243449436,1.346143881
420.9,1.39495553,1.526443587
421,1.545084972,1.448844179
421.1,1.693689601,1.683850436
421.2,1.840622763,1.853838001
421.3,1.985739453,2.067193705
421.4,2.128896458,2.047795915
421.5,2.269952499,2.320297443
421.6,2.408768371,2.478009845
421.7,2.545207079,2.747280947
421.8,2.679133975,2.660063706
421.9,2.810416889,2.948789723
422,2.938926261,2.973020196
422.1,3.064535268,3.054433933
422.2,3.187119949,3.286548475
422.3,3.306559327,3.327245867
422.4,3.42273553,3.520254622
422.5,3.535533906,3.664195554
422.6,3.644843137,3.582465549
422.7,3.750555348,3.839108508
422.8,3.852566214,3.759370188
422.9,3.950775062,4.012201312
423,4.045084972,3.997677035
423.1,4.135402871,4.175674097
423.2,4.221639628,4.340305281
423.3,4.303710135,4.287715173
423.4,4.3815334,4.471248938
423.5,4.455032621,4.449452985
423.6,4.524135262,4.518411645
423.7,4.588773128,4.583230817
423.8,4.648882429,4.762843523
423.9,4.704403845,4.703205533
424,4.755282581,4.756650745
424.1,4.801468428,4.853811531
424.2,4.842915806,4.753873669
424.3,4.87958381,4.973372586
424.4,4.911436254,4.687297765
424.5,4.938441703,5.100276111
424.6,4.960573507,4.952959506
424.7,4.977809823,4.972170611
424.8,4.990133642,4.996984432
424.9,4.997532802,4.965982024
425,5,5.028200505
425.1,4.997532802,4.807168504
425.2,4.990133642,4.966857265
425.3,4.977809823,4.877317023
425.4,4.960573507,4.825584351
425.5,4.938441703,4.970103133
425.6,4.911436254,4.922855777
425.7,4.87958381,5.045471544
425.8,4.842915806,4.866423961
425.9,4.801468428,4.668540261
426,4.755282581,4.742871741
426.1,4.704403845,4.594578249
426.2,4.648882429,4.466509927
426.3,4.588773128,4.561580871
426.4,4.524135262,4.513401524
426.5,4.455032621,4.30957616
426.6,4.3815334,4.299866122
426.7,4.303710135,4.414096105
426.8,4.221639628,4.18451179
426.9,4.135402871,4.360388026
427,4.045084972,3.970357937
427.1,3.950775062,3.875186515
427.2,3.852566214,4.027756117
427.3,3.750555348,3.761856408
427.4,3.644843137,3.700679216
427.5,3.535533906,3.531071874
427.6,3.42273553,3.535248503
427.7,3.306559327,3.305372895
427.8,3.187119949,3.185151491
427.9,3.064535268,2.844073863
428,2.938926261,3.098972222
428.1,2.810416889,2.636441403
428.2,2.679133975,2.72562289
428.3,2.545207079,2.674469499
428.4,2.408768371,2.404752932
428.5,2.269952499,2.17644077
428.6,2.128896458,2.171129242
428.7,1.985739453,1.919754594
428.8,1.840622763,1.666969561
428.9,1.693689601,1.712661799
429,1.545084972,1.762632158
429.1,1.39495553,1.380864708
429.2,1.243449436,1.251002389
429.3,1.090716207,1.214396871
429.4,0.936906573,0.80328542
429.5,0.782172325,0.922473606
429.6,0.626666168,0.612520529
429.7,0.470541567,0.40099672
429.8,0.313952598,0.329553179
429.9,0.157053795,0.224471756
430,4.40934745756706e-14,0.085925626
430.1,-0.157053795,-0.293026282
430.2,-0.313952598,-0.302235271
430.3,-0.470541567,-0.470436426
430.4,-0.626666168,-0.813745024
430.5,-0.782172325,-0.862900371
430.6,-0.936906573,-0.88606887
430.7,-1.090716207,-1.145577104
430.8,-1.243449436,-1.199545812
430.9,-1.39495553,-1.286621968
431,-1.545084972,-1.612524232
431.1,-1.693689601,-1.794645885
431.2,-1.840622763,-1.834698018
431.3,-1.985739453,-1.940399962
431.4,-2.128896458,-2.169514111
431.5,-2.269952499,-2.257887651
431.6,-2.408768371,-2.324490927
431.7,-2.545207079,-2.551802434
431.8,-2.679133975,-2.786097155
431.9,-2.810416889,-2.705494866
432,-2.938926261,-2.977525169
432.1,-3.064535268,-2.922668416
432.2,-3.187119949,-3.193483609
432.3,-3.306559327,-3.286816469
432.4,-3.42273553,-3.443091757
432.5,-3.535533906,-3.720314871
432.6,-3.644843137,-3.722247334
432.7,-3.750555348,-3.810230684
432.8,-3.852566214,-3.983545838
432.9,-3.950775062,-3.941318878
433,-4.045084972,-4.073172833
433.1,-4.135402871,-4.156580859
433.2,-4.221639628,-4.25866006
433.3,-4.303710135,-4.47884257
433.4,-4.3815334,-4.390423198
433.5,-4.455032621,-4.24139116
433.6,-4.524135262,-4.349935606
433.7,-4.588773128,-4.631301373
433.8,-4.648882429,-4.661704083
433.9,-4.704403845,-4.738160415
434,-4.755282581,-4.851290055
434.1,-4.801468428,-4.601765351
434.2,-4.842915806,-4.811567694
434.3,-4.87958381,-5.095427571
434.4,-4.911436254,-4.896535386
434.5,-4.938441703,-5.032051883
434.6,-4.960573507,-4.991452361
434.7,-4.977809823,-4.963954851
434.8,-4.990133642,-4.991578678
434.9,-4.997532802,-4.805406387
435,-5,-4.969258332
435.1,-4.997532802,-5.031486999
435.2,-4.990133642,-4.915478761
435.3,-4.977809823,-4.99751391
435.4,-4.960573507,-4.881012125
435.5,-4.938441703,-4.949033269
435.6,-4.911436254,-5.14658429
435.7,-4.87958381,-4.928746438
435.8,-4.842915806,-4.944153406
435.9,-4.801468428,-4.905892264
436,-4.755282581,-4.706792595
436.1,-4.704403845,-4.680031684
436.2,-4.648882429,-4.681176715
436.3,-4.588773128,-4.54643927
436.4,-4.524135262,-4.470463348
436.5,-4.455032621,-4.507174204
436.6,-4.3815334,-4.294474794
436.7,-4.303710135,-4.417830079
436.8,-4.221639628,-4.237732557
436.9,-4.135402871,-4.036115189
437,-4.045084972,-4.090670843
437.1,-3.950775062,-3.79710074
437.2,-3.852566214,-3.870678105
437.3,-3.750555348,-3.71459581
437.4,-3.644843137,-3.739257042
437.5,-3.535533906,-3.675395042
437.6,-3.42273553,-3.517473756
437.7,-3.306559327,-3.261811698
437.8,-3.187119949,-3.263709299
437.9,-3.064535268,-3.175567745
438,-2.938926261,-2.969557218
438.1,-2.810416889,-2.86815518
438.2,-2.679133975,-2.875662449
438.3,-2.545207079,-2.596742786
438.4,-2.408768371,-2.289887996
438.5,-2.269952499,-2.152952681
438.6,-2.128896458,-2.220512447
438.7,-1.985739453,-2.226541428
438.8,-1.840622763,-1.818323214
438.9,-1.693689601,-1.645957855
439,-1.545084972,-1.492398053
439.1,-1.39495553,-1.33955181
439.2,-1.243449436,-1.316714977
439.3,-1.090716207,-1.01351252
439.4,-0.936906573,-0.749133479
439.5,-0.782172325,-0.651496193
439.6,-0.626666168,-0.650440013
439.7,-0.470541567,-0.382937836
439.8,-0.313952598,-0.630680142
439.9,-0.157053795,-0.16537316
440,-9.80E-14,-0.035083066
440.1,0.157053795,0.22827597
440.2,0.313952598,0.383575991
440.3,0.470541567,0.486588199
440.4,0.626666168,0.683657621
440.5,0.782172325,0.858441721
440.6,0.936906573,0.955139702
440.7,1.090716207,1.186894256
440.8,1.243449436,1.214512215
440.9,1.39495553,1.426637132
441,1.545084972,1.578074923
441.1,1.693689601,1.741096994
441.2,1.840622763,1.939898336
441.3,1.985739453,2.024820208
441.4,2.128896458,2.108813879
441.5,2.269952499,2.227279754
441.6,2.408768371,2.491385363
441.7,2.545207079,2.416349362
441.8,2.679133975,2.72074733
441.9,2.810416889,2.762957212
442,2.938926261,2.993458591
442.1,3.064535268,3.211607929
442.2,3.187119949,3.208881313
442.3,3.306559327,3.485189439
442.4,3.42273553,3.310110488
442.5,3.535533906,3.653123648
442.6,3.644843137,3.686998463
442.7,3.750555348,3.847471359
442.8,3.852566214,3.842882816
442.9,3.950775062,4.077241874
443,4.045084972,4.089957196
443.1,4.135402871,4.100581937
443.2,4.221639628,4.404875122
443.3,4.303710135,4.223089719
443.4,4.3815334,4.573689921
443.5,4.455032621,4.440849823
443.6,4.524135262,4.541657663
443.7,4.588773128,4.584494272
443.8,4.648882429,4.831968215
443.9,4.704403845,4.61965969
444,4.755282581,4.642423726
444.1,4.801468428,4.93929751
444.2,4.842915806,4.821789782
444.3,4.87958381,5.124844599
444.4,4.911436254,4.844902962
444.5,4.938441703,5.076587451
444.6,4.960573507,4.833491849
444.7,4.977809823,4.752416787
444.8,4.990133642,4.92652178
444.9,4.997532802,4.94087515
445,5,4.988769886
445.1,4.997532802,4.806797279
445.2,4.990133642,4.986831093
445.3,4.977809823,4.806896381
445.4,4.960573507,4.900917155
445.5,4.938441703,4.957093241
445.6,4.911436254,5.039614384
445.7,4.87958381,4.918250462
445.8,4.842915806,4.87288398
445.9,4.801468428,4.805231978
446,4.755282581,4.660511102
446.1,4.704403845,4.634644188
446.2,4.648882429,4.560689637
446.3,4.588773128,4.642464957
446.4,4.524135262,4.552276694
446.5,4.455032621,4.32266148
446.6,4.3815334,4.394161908
446.7,4.303710135,4.415998005
446.8,4.221639628,4.329550566
446.9,4.135402871,4.094340132
447,4.045084972,4.052584125
447.1,3.950775062,3.959662043
447.2,3.852566214,3.940320195
447.3,3.750555348,3.70016041
447.4,3.644843137,3.594311696
447.5,3.535533906,3.736087869
447.6,3.42273553,3.398895934
447.7,3.306559327,3.160795351
447.8,3.187119949,3.286244358
447.9,3.064535268,3.022913213
448,2.938926261,2.844628307
448.1,2.810416889,2.915726032
448.2,2.679133975,2.549072938
448.3,2.545207079,2.54578152
448.4,2.408768371,2.297661915
448.5,2.269952499,2.402982365
448.6,2.128896458,2.100430154
448.7,1.985739453,2.066507367
448.8,1.840622763,1.824752631
448.9,1.693689601,1.580770529
449,1.545084972,1.633968484
449.1,1.39495553,1.494754409
449.2,1.243449436,1.27823711
449.3,1.090716207,1.080035987
449.4,0.936906573,1.054160043
449.5,0.782172325,0.766479863
449.6,0.626666168,0.613354188
449.7,0.470541567,0.463809859
449.8,0.313952598,0.227736084
449.9,0.157053795,0.219038592
450,9.79098458681294e-15,0.103499554
450.1,-0.157053795,-0.156068084
450.2,-0.313952598,-0.200318767
450.3,-0.470541567,-0.495109049
450.4,-0.626666168,-0.70230839
450.5,-0.782172325,-0.810068339
450.6,-0.936906573,-0.8219622
450.7,-1.090716207,-1.068965911
450.8,-1.243449436,-1.29596576
450.9,-1.39495553,-1.315773385
451,-1.545084972,-1.375284844
451.1,-1.693689601,-1.538256838
451.2,-1.840622763,-1.889047664
451.3,-1.985739453,-1.794538387
451.4,-2.128896458,-2.284073528
451.5,-2.269952499,-2.126386906
451.6,-2.408768371,-2.375505196
451.7,-2.545207079,-2.599010767
451.8,-2.679133975,-2.699234749
451.9,-2.810416889,-2.804967687
452,-2.938926261,-2.878857237
452.1,-3.064535268,-2.965341175
452.2,-3.187119949,-3.157754386
452.3,-3.306559327,-3.163164432
452.4,-3.42273553,-3.547066329
452.5,-3.535533906,-3.731240808
452.6,-3.644843137,-3.493240179
452.7,-3.750555348,-3.636056463
452.8,-3.852566214,-3.795315332
452.9,-3.950775062,-4.012231759
453,-4.045084972,-4.19188009
453.1,-4.135402871,-4.15899478
453.2,-4.221639628,-4.195987475
453.3,-4.303710135,-4.321075654
453.4,-4.3815334,-4.199755593
453.5,-4.455032621,-4.372804072
453.6,-4.524135262,-4.537349389
453.7,-4.588773128,-4.72254703
453.8,-4.648882429,-4.690307729
453.9,-4.704403845,-4.568605304
454,-4.755282581,-4.855399922
454.1,-4.801468428,-4.745248486
454.2,-4.842915806,-4.868854881
454.3,-4.87958381,-4.984508667
454.4,-4.911436254,-5.102646262
454.5,-4.938441703,-4.982924606
454.6,-4.960573507,-4.975182686
454.7,-4.977809823,-4.915400863
454.8,-4.990133642,-4.916642448
454.9,-4.997532802,-5.044104893
455,-5,-5.040504316
455.1,-4.997532802,-5.100155842
455.2,-4.990133642,-5.00741499
455.3,-4.977809823,-5.070816151
455.4,-4.960573507,-5.127136364
455.5,-4.938441703,-4.919746814
455.6,-4.911436254,-4.727779623
455.7,-4.87958381,-4.742232605
455.8,-4.842915806,-4.685479428
455.9,-4.801468428,-4.914407443
456,-4.755282581,-4.797818877
456.1,-4.704403845,-4.9240452
456.2,-4.648882429,-4.602783946
456.3,-4.588773128,-4.493202226
456.4,-4.524135262,-4.487226894
456.5,-4.455032621,-4.428937827
456.6,-4.3815334,-4.341625093
456.7,-4.303710135,-4.300068677
456.8,-4.221639628,-4.247170781
456.9,-4.135402871,-4.077144186
457,-4.045084972,-4.040080172
457.1,-3.950775062,-3.982637476
457.2,-3.852566214,-3.797313417
457.3,-3.750555348,-3.815976371
457.4,-3.644843137,-3.627728389
457.5,-3.535533906,-3.589539357
457.6,-3.42273553,-3.40411429
457.7,-3.306559327,-3.252011582
457.8,-3.187119949,-3.190112011
457.9,-3.064535268,-3.107986713
458,-2.938926261,-2.755323794
458.1,-2.810416889,-3.029732378
458.2,-2.679133975,-2.695399403
458.3,-2.545207079,-2.413575
458.4,-2.408768371,-2.548453209
458.5,-2.269952499,-2.107471944
458.6,-2.128896458,-2.018586581
458.7,-1.985739453,-2.088927901
458.8,-1.840622763,-1.917588181
458.9,-1.693689601,-1.913693507
459,-1.545084972,-1.53285058
459.1,-1.39495553,-1.411676664
459.2,-1.243449436,-1.227112757
459.3,-1.090716207,-1.206259592
459.4,-0.936906573,-0.896844269
459.5,-0.782172325,-0.877050301
459.6,-0.626666168,-0.507656283
459.7,-0.470541567,-0.475389537
459.8,-0.313952598,-0.286987199
459.9,-0.157053795,-0.137668206
460,-6.37E-14,-0.05490277
460.1,0.157053795,0.100441152
460.2,0.313952598,0.266752278
460.3,0.470541567,0.513841464
460.4,0.626666168,0.402685389
460.5,0.782172325,0.776110146
460.6,0.936906573,0.909043884
460.7,1.090716207,0.974471991
460.8,1.243449436,1.141608258
460.9,1.39495553,1.477822229
461,1.545084972,1.469471181
461.1,1.693689601,1.601295777
461.2,1.840622763,1.915142976
461.3,1.985739453,1.889970768
461.4,2.128896458,2.046663171
461.5,2.269952499,2.112640424
461.6,2.408768371,2.42215942
461.7,2.545207079,2.524628927
461.8,2.679133975,2.667584325
461.9,2.810416889,2.673284969
462,2.938926261,3.01097355
462.1,3.064535268,2.921765883
462.2,3.187119949,3.04535722
462.3,3.306559327,3.29828139
462.4,3.42273553,3.226670938
462.5,3.535533906,3.525861856
462.6,3.644843137,3.787091124
462.7,3.750555348,3.716111225
462.8,3.852566214,3.751602694
462.9,3.950775062,3.707515911
463,4.045084972,4.043490482
463.1,4.135402871,4.069156046
463.2,4.221639628,4.007374212
463.3,4.303710135,4.149921034
463.4,4.3815334,4.400986681
463.5,4.455032621,4.477609108
463.6,4.524135262,4.523520274
463.7,4.588773128,4.552769365
463.8,4.648882429,4.578013513
463.9,4.704403845,4.659778037
464,4.755282581,4.769993783
464.1,4.801468428,4.81985617
464.2,4.842915806,4.813208236
464.3,4.87958381,5.016809267
464.4,4.911436254,4.811877761
464.5,4.938441703,4.818608987
464.6,4.960573507,4.851847348
464.7,4.977809823,4.889816757
464.8,4.990133642,5.079768789
464.9,4.997532802,5.083817209
465,5,5.066193115
465.1,4.997532802,4.942320082
465.2,4.990133642,5.05089346
465.3,4.977809823,4.862564357
465.4,4.960573507,4.893205185
465.5,4.938441703,4.995004916
465.6,4.911436254,4.914351635
465.7,4.87958381,4.848622279
465.8,4.842915806,4.958093367
465.9,4.801468428,4.824812115
466,4.755282581,4.590789235
466.1,4.704403845,4.629208277
466.2,4.648882429,4.481313799
466.3,4.588773128,4.589422428
466.4,4.524135262,4.659558406
466.5,4.455032621,4.52019548
466.6,4.3815334,4.424354545
466.7,4.303710135,4.336922215
466.8,4.221639628,4.307552742
466.9,4.135402871,4.048507656
467,4.045084972,4.078105184
467.1,3.950775062,4.052071853
467.2,3.852566214,3.868220826
467.3,3.750555348,3.799310821
467.4,3.644843137,3.637828524
467.5,3.535533906,3.317819125
467.6,3.42273553,3.369575995
467.7,3.306559327,3.327646371
467.8,3.187119949,3.34137931
467.9,3.064535268,3.227366945
468,2.938926261,2.795809027
468.1,2.810416889,2.714693617
468.2,2.679133975,2.750833129
468.3,2.545207079,2.482755478
468.4,2.408768371,2.645972564
468.5,2.269952499,2.246506968
468.6,2.128896458,2.339726098
468.7,1.985739453,1.910916546
468.8,1.840622763,1.795035716
468.9,1.693689601,1.528992482
469,1.545084972,1.340458491
469.1,1.39495553,1.343875838
469.2,1.243449436,1.304598004
469.3,1.090716207,1.047650624
469.4,0.936906573,0.926930516
469.5,0.782172325,0.782752489
469.6,0.626666168,0.519415501
469.7,0.470541567,0.397070801
469.8,0.313952598,0.397031054
469.9,0.157053795,0.203810482
470,-2.45E-14,0.061933559
470.1,-0.157053795,-0.308981073
470.2,-0.313952598,-0.343139286
470.3,-0.470541567,-0.507953812
470.4,-0.626666168,-0.605026406
470.5,-0.782172325,-0.943114221
470.6,-0.936906573,-0.826130255
470.7,-1.090716207,-1.030031579
470.8,-1.243449436,-1.187262028
470.9,-1.39495553,-1.417345029
471,-1.545084972,-1.458259649
471.1,-1.693689601,-1.808368284
471.2,-1.840622763,-1.69004011
471.3,-1.985739453,-1.971522744
471.4,-2.128896458,-2.105333239
471.5,-2.269952499,-2.231065229
471.6,-2.408768371,-2.387230916
471.7,-2.545207079,-2.57639132
471.8,-2.679133975,-2.725289102
471.9,-2.810416889,-2.786076676
472,-2.938926261,-3.027768887
472.1,-3.064535268,-2.968650025
472.2,-3.187119949,-3.292428579
472.3,-3.306559327,-3.284728138
472.4,-3.42273553,-3.359027458
472.5,-3.535533906,-3.35753401
472.6,-3.644843137,-3.624841757
472.7,-3.750555348,-3.708322959
472.8,-3.852566214,-3.721847034
472.9,-3.950775062,-3.98195128
473,-4.045084972,-4.12850773
473.1,-4.135402871,-4.185109723
473.2,-4.221639628,-4.065667394
473.3,-4.303710135,-4.203457642
473.4,-4.3815334,-4.352493434
473.5,-4.455032621,-4.550384997
473.6,-4.524135262,-4.485314632
473.7,-4.588773128,-4.637561637
473.8,-4.648882429,-4.594988533
473.9,-4.704403845,-4.795666953
474,-4.755282581,-4.635206415
474.1,-4.801468428,-4.86775421
474.2,-4.842915806,-4.963016931
474.3,-4.87958381,-4.966194721
474.4,-4.911436254,-4.959829143
474.5,-4.938441703,-4.977993506
474.6,-4.960573507,-4.921894735
474.7,-4.977809823,-5.022647502
474.8,-4.990133642,-5.053063393
474.9,-4.997532802,-5.179295201
475,-5,-5.022905174
475.1,-4.997532802,-5.105101691
475.2,-4.990133642,-4.888639313
475.3,-4.977809823,-5.091631006
475.4,-4.960573507,-5.03513667
475.5,-4.938441703,-5.052781707
475.6,-4.911436254,-4.82356107
475.7,-4.87958381,-4.931460588
475.8,-4.842915806,-4.895858397
475.9,-4.801468428,-5.007886256
476,-4.755282581,-4.851819715
476.1,-4.704403845,-4.788107621
476.2,-4.648882429,-4.613090009
476.3,-4.588773128,-4.418355896
476.4,-4.524135262,-4.622136338
476.5,-4.455032621,-4.351366646
476.6,-4.3815334,-4.417606458
476.7,-4.303710135,-4.262519885
476.8,-4.221639628,-4.157952589
476.9,-4.135402871,-3.941462097
477,-4.045084972,-4.005390736
477.1,-3.950775062,-4.012118954
477.2,-3.852566214,-3.880680066
477.3,-3.750555348,-3.781994229
477.4,-3.644843137,-3.680929184
477.5,-3.535533906,-3.477723464
477.6,-3.42273553,-3.219613079
477.7,-3.306559327,-3.261836716
477.8,-3.187119949,-3.203171377
477.9,-3.064535268,-2.955887758
478,-2.938926261,-2.862204859
478.1,-2.810416889,-2.935999436
478.2,-2.679133975,-2.843744601
478.3,-2.545207079,-2.610525257
478.4,-2.408768371,-2.596761181
478.5,-2.269952499,-2.151576205
478.6,-2.128896458,-2.09428509
478.7,-1.985739453,-2.02773668
478.8,-1.840622763,-1.902875873
478.9,-1.693689601,-1.784824308
479,-1.545084972,-1.560647584
479.1,-1.39495553,-1.324778418
479.2,-1.243449436,-1.357713258
479.3,-1.090716207,-1.150333665
479.4,-0.936906573,-1.109342218
479.5,-0.782172325,-0.841300468
479.6,-0.626666168,-0.587229864
479.7,-0.470541567,-0.545305619
479.8,-0.313952598,-0.353088834
479.9,-0.157053795,-0.087381447
480,-2.94E-14,-0.007760557
480.1,0.157053795,0.146261843
480.2,0.313952598,0.146799338
480.3,0.470541567,0.414370751
480.4,0.626666168,0.641562508
480.5,0.782172325,0.697212422
480.6,0.936906573,0.92505046
480.7,1.090716207,1.296418162
480.8,1.243449436,1.157091218
480.9,1.39495553,1.387149608
481,1.545084972,1.474469125
481.1,1.693689601,1.730084079
481.2,1.840622763,1.762272034
481.3,1.985739453,1.90959694
481.4,2.128896458,2.116506284
481.5,2.269952499,2.220087938
481.6,2.408768371,2.530762364
481.7,2.545207079,2.54420677
481.8,2.679133975,2.88604377
481.9,2.810416889,2.76139962
482,2.938926261,3.117511216
482.1,3.064535268,3.005751837
482.2,3.187119949,3.211186986
482.3,3.306559327,3.149969579
482.4,3.42273553,3.208512755
482.5,3.535533906,3.510129578
482.6,3.644843137,3.298635198
482.7,3.750555348,3.562330724
482.8,3.852566214,3.797875895
482.9,3.950775062,4.062958031
483,4.045084972,4.15256115
483.1,4.135402871,4.158425776
483.2,4.221639628,4.141702699
483.3,4.303710135,4.376768609
483.4,4.3815334,4.267387173
483.5,4.455032621,4.383836491
483.6,4.524135262,4.384146353
483.7,4.588773128,4.564616388
483.8,4.648882429,4.688018723
483.9,4.704403845,4.741425675
484,4.755282581,4.714638915
484.1,4.801468428,4.839747847
484.2,4.842915806,4.883088233
484.3,4.87958381,4.880345253
484.4,4.911436254,4.930847265
484.5,4.938441703,4.929101607
484.6,4.960573507,4.883162116
484.7,4.977809823,5.081272457
484.8,4.990133642,5.095873546
484.9,4.997532802,4.899700056
485,5,4.815083703
485.1,4.997532802,5.16391203
485.2,4.990133642,4.876254571
485.3,4.977809823,5.037844796
485.4,4.960573507,4.972675963
485.5,4.938441703,4.800926508
485.6,4.911436254,5.003364699
485.7,4.87958381,4.718359531
485.8,4.842915806,4.800336731
485.9,4.801468428,4.71679532
486,4.755282581,4.769419122
486.1,4.704403845,4.695168008
486.2,4.648882429,4.651989705
486.3,4.588773128,4.569691798
486.4,4.524135262,4.625511263
486.5,4.455032621,4.414546146
486.6,4.3815334,4.326813856
486.7,4.303710135,4.356873736
486.8,4.221639628,4.224987211
486.9,4.135402871,4.263332088
487,4.045084972,4.023325022
487.1,3.950775062,3.947233334
487.2,3.852566214,3.943722558
487.3,3.750555348,3.754114686
487.4,3.644843137,3.838459483
487.5,3.535533906,3.579995683
487.6,3.42273553,3.244786355
487.7,3.306559327,3.242979161
487.8,3.187119949,3.288330697
487.9,3.064535268,2.851739682
488,2.938926261,2.930682605
488.1,2.810416889,2.987105342
488.2,2.679133975,2.51717288
488.3,2.545207079,2.576635457
488.4,2.408768371,2.396162749
488.5,2.269952499,2.41007043
488.6,2.128896458,2.078532243
488.7,1.985739453,1.978334761
488.8,1.840622763,1.87146364
488.9,1.693689601,1.903967898
489,1.545084972,1.402784867
489.1,1.39495553,1.437599407
489.2,1.243449436,1.349446573
489.3,1.090716207,1.110286578
489.4,0.936906573,0.912941888
489.5,0.782172325,0.586198097
489.6,0.626666168,0.507952077
489.7,0.470541567,0.568792806
489.8,0.313952598,0.210110435
489.9,0.157053795,0.144879641
490,8.32945517611177e-14,-0.174845817
490.1,-0.157053795,-0.266386811
490.2,-0.313952598,-0.359441054
490.3,-0.470541567,-0.373668241
490.4,-0.626666168,-0.614956822
490.5,-0.782172325,-0.766680815
490.6,-0.936906573,-0.936207146
490.7,-1.090716207,-0.942058062
490.8,-1.243449436,-1.153449275
490.9,-1.39495553,-1.576862533
491,-1.545084972,-1.487535414
491.1,-1.693689601,-1.895867218
491.2,-1.840622763,-1.817013041
491.3,-1.985739453,-2.186178938
491.4,-2.128896458,-2.045740352
491.5,-2.269952499,-2.214234233
491.6,-2.408768371,-2.532471612
491.7,-2.545207079,-2.583521346
491.8,-2.679133975,-2.615734497
491.9,-2.810416889,-2.70156559
492,-2.938926261,-2.900405496
492.1,-3.064535268,-3.058970501
492.2,-3.187119949,-3.105401085
492.3,-3.306559327,-3.427690056
492.4,-3.42273553,-3.512696679
492.5,-3.535533906,-3.61588192
492.6,-3.644843137,-3.592714724
492.7,-3.750555348,-3.673185025
492.8,-3.852566214,-3.90292271
492.9,-3.950775062,-3.939488869
493,-4.045084972,-4.098638223
493.1,-4.135402871,-4.187494153
493.2,-4.221639628,-4.115235027
493.3,-4.303710135,-4.387226239
493.4,-4.3815334,-4.619659963
493.5,-4.455032621,-4.409245956
493.6,-4.524135262,-4.512420606
493.7,-4.588773128,-4.621764615
493.8,-4.648882429,-4.609301871
493.9,-4.704403845,-4.709171274
494,-4.755282581,-4.593099408
494.1,-4.801468428,-4.754136621
494.2,-4.842915806,-4.866018422
494.3,-4.87958381,-4.821888189
494.4,-4.911436254,-5.005244243
494.5,-4.938441703,-5.136548963
494.6,-4.960573507,-4.981948532
494.7,-4.977809823,-5.012752741
494.8,-4.990133642,-4.937698621
494.9,-4.997532802,-4.963989812
495,-5,-4.903397302
495.1,-4.997532802,-4.892239599
495.2,-4.990133642,-5.216200895
495.3,-4.977809823,-4.848163029
495.4,-4.960573507,-4.892337343
495.5,-4.938441703,-5.069603866
495.6,-4.911436254,-4.975817856
495.7,-4.87958381,-4.653093829
495.8,-4.842915806,-4.852969452
495.9,-4.801468428,-4.699289566
496,-4.755282581,-4.592352543
496.1,-4.704403845,-4.686342106
496.2,-4.648882429,-4.546182708
496.3,-4.588773128,-4.629248056
496.4,-4.524135262,-4.50068339
496.5,-4.455032621,-4.56101676
496.6,-4.3815334,-4.322891986
496.7,-4.303710135,-4.432928418
496.8,-4.221639628,-4.349337521
496.9,-4.135402871,-4.121144698
497,-4.045084972,-4.1608246
497.1,-3.950775062,-4.043702823
497.2,-3.852566214,-4.013651145
497.3,-3.750555348,-3.524264561
497.4,-3.644843137,-3.463300421
497.5,-3.535533906,-3.446897994
497.6,-3.42273553,-3.169892664
497.7,-3.306559327,-3.227327419
497.8,-3.187119949,-3.105769207
497.9,-3.064535268,-3.02741573
498,-2.938926261,-3.058831118
498.1,-2.810416889,-2.980536801
498.2,-2.679133975,-2.638881266
498.3,-2.545207079,-2.636669411
498.4,-2.408768371,-2.398712659
498.5,-2.269952499,-2.382570541
498.6,-2.128896458,-2.300804438
498.7,-1.985739453,-1.881016653
498.8,-1.840622763,-1.826517623
498.9,-1.693689601,-1.723203775
499,-1.545084972,-1.583249946
499.1,-1.39495553,-1.335700583
499.2,-1.243449436,-1.239437049
499.3,-1.090716207,-1.010698367
499.4,-0.936906573,-0.981336995
499.5,-0.782172325,-0.734701149
499.6,-0.626666168,-0.780651246
499.7,-0.470541567,-0.522767811
499.8,-0.313952598,-0.204389097
499.9,-0.157053795,-0.244641993
