Time_s,Mag_X_uT,Mag_Y_uT,Mag_Z_uT,Total_Mag_uT
0,24.9730878053135,-0.0356764208458788,39.9969175240201,47.1530465480457
0.1,25.0310256170248,0.783911333729557,39.9641570838149,47.1624915779386
0.2,24.9994675338804,1.63682745620825,39.9637052594477,47.1672589744512
0.3,24.905918627696,2.36294632535792,40.0394343146739,47.2127588503894
0.4,24.7530628280312,3.13633196508412,39.9308222126916,47.0852552307541
0.5,24.6660478132941,3.88020366895834,40.0218503658375,47.1722206594707
0.6,24.4923088943588,4.66818893863675,40.1100075550595,47.2279354726673
0.7,24.443788477926,5.50859055314914,39.871308889554,47.0910250217815
0.8,24.2234091096467,6.22181677286066,40.0245199901099,47.195834067077
0.9,24.0451011387075,6.97777781193529,39.9343663802442,47.1339568692783
1,23.7468379093902,7.62411551368325,39.9014307947678,47.0549001436671
1.1,23.6142387057057,8.37085829030407,39.974429694587,47.1768859461271
1.2,23.3352582596653,9.27715849016305,40.0803437258145,47.2972927436266
1.3,22.9376739745856,9.89976481463884,39.9475853430761,47.1163645190489
1.4,22.5651462438975,10.6641220030598,40.0217618148094,47.1662033861743
1.5,22.2411178106958,11.3356519516607,40.0001355211491,47.1505585157667
1.6,21.9083754674165,12.0686400187563,40.0383533481368,47.2090958010623
1.7,21.5155731445756,12.8259967264236,39.9525693380233,47.155422556429
1.8,21.0751475868274,13.4053034628342,40.0217315292385,47.1762970286528
1.9,20.6923119026175,14.0322719338816,40.028143139011,47.1945830647836
2,20.2049719670842,14.7111857499983,40.0328880332763,47.1941945862671
2.1,19.689782568248,15.3803856636637,40.1174965598041,47.2615840929376
2.2,19.2485859279216,15.9270003766838,40.0234382601481,47.1810662383477
2.3,18.7495373979669,16.5937144088172,39.8691352517733,47.0791297311595
2.4,18.2742348449772,17.1283525180234,39.9924499911583,47.1881783442247
2.5,17.6376030647481,17.7560218523558,39.9938659112655,47.1791337819934
2.6,17.1182676489798,18.2382973270245,39.9753122431492,47.156083018295
2.7,16.5464868726882,18.7078632146165,39.9892928845877,47.1477880636428
2.8,15.8289263657463,19.2191034890496,39.9798595826852,47.0990235680767
2.9,15.3428752053519,19.7092986188088,39.9857666107407,47.1457506363087
3,14.6467063368444,20.3012218262367,40.0940548077301,47.2673126492409
3.1,14.0357686037099,20.7128022747583,39.9368410688458,47.1272135069364
3.2,13.5196046559551,21.1291917579873,40.0231868804411,47.2342877840435
3.3,12.8029891963629,21.4833429624168,39.9966634769607,47.1718522690412
3.4,12.0851923973381,21.8792002180263,40.0072341793833,47.1734042034828
3.5,11.3417831321943,22.3090308299969,40.0569387812096,47.23226911459
3.6,10.6015962016727,22.6180423170216,39.9699183702487,47.1334706424452
3.7,9.94861496419014,22.8914595124142,39.9882535263263,47.1386707322125
3.8,9.19187337498976,23.2766108223257,39.9646148671093,47.1535957164693
3.9,8.40271462394613,23.3540501836733,39.981694717846,47.0590393606164
4,7.72433501607641,23.7511279444126,40.086200068097,47.230126677492
4.1,6.930774633931,24.0038722753551,40.0607223608304,47.2131655082504
4.2,6.27267920276423,24.1638427753028,39.8651332136425,47.0368647785096
4.3,5.43037412186684,24.5092792396188,39.9237754246072,47.1603814244915
4.4,4.71776132421217,24.5277625052605,39.9933719428787,47.152287375992
4.5,3.88435472009487,24.587861734914,39.8853308440276,47.0158566105555
4.6,3.13537630560113,24.7653244259708,40.0219852747841,47.168964201436
4.7,2.36046052841972,24.9783839957653,39.9774787359658,47.1984136071408
4.8,1.55370873915472,24.9337422834476,40.0040949555101,47.1638964496465
4.9,0.892559710508406,25.0019097782734,39.8796273672527,47.0773494830441
5,0.0400203278625709,24.9413205232129,39.9692992678732,47.1128003310469
5.1,-0.72545539773516,24.9720331215958,40.0228008787093,47.180009685639
5.2,-1.46488566910007,24.9885768382768,39.9964511474983,47.1835878968547
5.3,-2.33332208219509,24.9094632978779,40.101091205607,47.2654553517471
5.4,-3.08106492903289,24.7388514767407,40.0605171570017,47.1842004104296
5.5,-3.9794529431715,24.697480923404,39.9873026268381,47.1676370094915
5.6,-4.73245322242465,24.6309028351314,39.9498425457222,47.1706201719261
5.7,-5.5870280328956,24.3781861618864,40.0693755210856,47.2341581637032
5.8,-6.25738143821632,24.2414157940621,40.0895553786382,47.2649289920215
5.9,-6.99732844831187,23.8920335870707,40.0370190443876,47.1461002448763
6,-7.76225393657175,23.8186656487539,39.9511169126627,47.1558391085579
6.1,-8.41271280835666,23.5582543580876,39.9924360368422,47.1716018951779
6.2,-9.24578131863046,23.3112764191814,40.0737712837092,47.2737477399714
6.3,-9.96663485879554,22.9827257693934,39.9734339185757,47.1743035289598
6.4,-10.6395833890772,22.6102885440792,40.0566991531806,47.2119161842438
6.5,-11.3922436402747,22.3371421353585,39.9438049227871,47.1618350538257
6.6,-12.0158067202103,21.8679662801267,40.0447536966356,47.1823045112298
6.7,-12.7434102832087,21.5011798522899,39.939838540501,47.1156655829884
6.8,-13.3271269895539,21.1437197895696,40.0571874557047,47.2149072560457
6.9,-14.0150333121821,20.7468752250545,40.0045419954811,47.193403888825
7,-14.730275325356,20.3933541681492,39.9963749234715,47.2501842579186
7.1,-15.2824401770854,19.7388372555371,39.9806263018775,47.1341187830764
7.2,-15.8867184583643,19.2948227700991,40.043884157861,47.203714552491
7.3,-16.4858182436905,18.7816683347257,39.9564728320054,47.1280488644971
7.4,-17.226823446621,18.1645581094438,40.0113917284333,47.1977339013067
7.5,-17.7033537995075,17.6653922870146,39.9727695977546,47.1518518164433
7.6,-18.323689312628,17.09170888385,40.0641413879519,47.2548360250017
7.7,-18.6688675979016,16.4769368337027,39.8998801662294,47.0320794999464
7.8,-19.2448963452644,16.0616928507694,39.9074104301674,47.1269075986772
7.9,-19.7665420054907,15.3310233484992,39.9837121688717,47.1641145212144
8,-20.2827682586928,14.72204798681,39.9811902828664,47.1871270750461
8.1,-20.7120584814266,14.1175880899242,39.9681915447496,47.1778761218921
8.2,-21.1404703076882,13.3823939822745,39.9985945553347,47.1793971976022
8.3,-21.4794568519917,12.779428879067,40.0438014843672,47.2036747134278
8.4,-21.8918838151144,12.0321121510515,40.0370379005462,47.1910023589214
8.5,-22.2114422323806,11.4351575956693,40.0102894974936,47.1692088226358
8.6,-22.6244017914468,10.5803825668132,39.9485160632233,47.1136072417996
8.7,-23.0590463356994,10.0008065983452,40.010279830452,47.2499549485554
8.8,-23.1951336607693,9.15186067721835,39.9705569833561,47.1106803703352
8.9,-23.4708403396969,8.44850874707886,40.0741570096916,47.2037679252242
9,-23.7698344684262,7.76904534936192,39.9022532468468,47.0909005060672
9.1,-23.977239366457,6.95860927584408,39.9825514143088,47.137402010379
9.2,-24.2149197440783,6.22649047783865,39.9825217631298,47.1564796016614
9.3,-24.3935167649428,5.44754713227714,40.049313363445,47.2087590474833
9.4,-24.5629299394846,4.71303526910837,39.9250384779241,47.1121950892081
9.5,-24.7602877712776,3.83932808168602,40.0195530062342,47.2162780559214
9.6,-24.8422060872038,3.08660260338105,39.9476952451197,47.1431932977313
9.7,-25.0058911388219,2.32917977770958,40.0460253049141,47.2694807757111
9.8,-24.9302771255769,1.56638744310552,40.1249068990933,47.2650022833057
9.9,-25.0183449162237,0.724246062778971,39.9843336723793,47.1719095853745
10,-24.9983619997798,-0.0118239531313497,39.9987398083362,47.1679703690214
10.1,-24.9524585981732,-0.813845217557826,40.0143501884667,47.1639242974643
10.2,-24.9939018005385,-1.67449457028523,39.9980196264474,47.1947098022495
10.3,-24.903483842108,-2.33876267219194,40.0078584194958,47.1834934444811
10.4,-24.7772291939722,-3.06176541656362,40.0219836677235,47.1703791663393
10.5,-24.7670858245481,-3.92508406703083,39.9188698670146,47.1416057918421
10.6,-24.6298206244358,-4.67221377986422,40.0477847942966,47.2470391932334
10.7,-24.4379258188035,-5.41824309867588,39.9920989490711,47.1798426762318
10.8,-24.2967894759765,-6.22279508048479,39.9246719106766,47.1490889056066
10.9,-23.9316536353763,-6.95141524189664,40.0521560619928,47.1722527001109
11,-23.7399601359393,-7.74049554608437,39.9744852045793,47.1323715287707
11.1,-23.5115788450778,-8.46793283224728,39.9636339233848,47.1337698747095
11.2,-23.1901314225983,-9.33642081668303,40.0268526742452,47.1921591376079
11.3,-22.9124343535082,-9.91250755723716,40.0652746706066,47.2066064074432
11.4,-22.6643813008102,-10.6096997473135,40.0239203975704,47.2033273453018
11.5,-22.1792717244474,-11.4215750373863,40.0962683233427,47.2237567757904
11.6,-21.9027928991037,-12.0706540670159,40.0493026965451,47.2163072768941
11.7,-21.4932018585344,-12.6680172740207,39.9379773381049,47.0901095947501
11.8,-21.0569602936112,-13.4080552260387,40.040556370605,47.1849306052136
11.9,-20.7234093048847,-14.0516296126729,39.9831543403177,47.1758478354252
12,-20.2698853681417,-14.6339044978354,40.0221144352769,47.1888658219264
12.1,-19.803036733831,-15.2944244054521,40.0087659626291,47.1887808237083
12.2,-19.2644000150471,-15.9224374663848,39.9591318512331,47.1314474752782
12.3,-18.7093387605077,-16.4746124559825,40.0662773477093,47.1885451453402
12.4,-18.2699562558206,-17.0611651737625,40.0003105877303,47.1688404117686
12.5,-17.6759533214982,-17.6894506649122,39.9970262202048,47.1711574705338
12.6,-17.1261902766011,-18.2271605375587,40.084709020812,47.2474303209756
12.7,-16.5856748548536,-18.7698102288604,39.9988404425799,47.1942541329908
12.8,-15.9786655474261,-19.1674107613603,39.9806683705681,47.1291972277118
12.9,-15.3403540633966,-19.7165210087087,40.0014227788522,47.1612286503405
13,-14.6531559430563,-20.3240441624865,40.0673592162005,47.2564812990797
13.1,-14.0705216277763,-20.535069633864,40.0161857190614,47.1271024278788
13.2,-13.3925908310508,-21.1109478585165,40.06707529085,47.2271545936826
13.3,-12.6981336118001,-21.5527644055406,40.0380743837827,47.2102917922054
13.4,-12.0526608674374,-21.9052435632504,39.9649065284617,47.1412779141536
13.5,-11.2973504267723,-22.291565894011,40.0461000102737,47.2041752677151
13.6,-10.5937931343774,-22.5301772577682,40.0160678038512,47.1287918657253
13.7,-9.97613575373459,-22.9747343960193,39.9316335416325,47.1370031127118
13.8,-9.20364901570089,-23.2147042606912,39.9677287603849,47.1280064439317
13.9,-8.48602292876605,-23.5183728815354,40.0576030732193,47.2201017800054
14,-7.80956853543497,-23.8754427835807,40.0611322322882,47.2855204534599
14.1,-7.02724415677279,-23.9501944218757,40.0428089219856,47.1849607358869
14.2,-6.18275754088647,-24.2128537063396,40.0593220106993,47.2148075858717
14.3,-5.45320926084116,-24.430168517615,40.0091248396327,47.194286682552
14.4,-4.7073815832157,-24.5641323673465,40.0217861962715,47.1942730706872
14.5,-3.93904403099273,-24.6272679495837,40.0126604129677,47.1490337956375
14.6,-3.06049483155884,-24.8369421437582,39.8968796347856,47.0956614589811
14.7,-2.40162281060819,-24.9180929987218,40.0307531949201,47.2137729075954
14.8,-1.62622398910128,-25.0086278854387,40.0007292347306,47.2031186732964
14.9,-0.786796100899267,-25.0271576292479,40.0207941628561,47.2084911062545
15,0.0792388963827938,-24.9136464415379,40.0004669635922,47.124658249393
15.1,0.741350099317083,-24.9905106128664,39.9990428424393,47.1698913394216
15.2,1.58182386923832,-24.9598176757131,39.9006230640862,47.0909161735086
15.3,2.38708163327787,-24.9120078388922,39.9616778110703,47.1512670748597
15.4,3.10496645654112,-24.825070496864,39.9533430368993,47.1401586939911
15.5,3.96030915242519,-24.5943938245094,39.9450076730729,47.0762349193274
15.6,4.66485753397723,-24.5616734448193,40.064369825171,47.224892034925
15.7,5.49624404226367,-24.3265905431637,39.9232771359708,47.0729196386031
15.8,6.23550935071925,-24.2164189995759,39.9617048704475,47.1407931857184
15.9,6.98269013956496,-24.0266277468122,40.0049747467396,47.1851121324972
16,7.6370987971738,-23.7195183708931,40.0105066558557,47.1357769920387
16.1,8.49835212922118,-23.5264234962454,39.9181220754307,47.1080785159607
16.2,9.17523196308201,-23.2174316670435,40.0485419192605,47.1923693476918
16.3,9.86878579349212,-22.8506054519517,40.0805092721384,47.1804019278404
16.4,10.5371156942126,-22.691579413751,39.9822820839594,47.1648329169636
16.5,11.3610232013153,-22.3084161305772,39.9749977626984,47.167136064887
16.6,12.0623590515251,-21.8429769057119,40.043228997381,47.1813134040169
16.7,12.6320060915467,-21.5574738294596,40.0531366652732,47.207478353877
16.8,13.3983169261323,-21.1736591986945,40.0263880655189,47.2223515073853
16.9,14.0170759490655,-20.709289511945,39.9619837268666,47.1414173910562
17,14.7055055723434,-20.2533785021744,39.9852933572116,47.1728197138228
17.1,15.2336909316343,-19.7426656155316,40.0095107406286,47.1444496702605
17.2,15.9615854024345,-19.2986110856816,39.964133930327,47.1629155078089
17.3,16.5150209901841,-18.7572778104654,39.992225891277,47.1588753142409
17.4,17.2129074612087,-18.1955607099948,40.0203711979677,47.2122094763883
17.5,17.6101752907061,-17.688187331498,39.9825427350667,47.1337879700433
17.6,18.1924586371617,-17.1692893196132,40.0330387628525,47.2058708170231
17.7,18.7133793837496,-16.4861427894152,40.0433455369449,47.1747071408429
17.8,19.331236964219,-15.9744341099226,39.9642683238849,47.1807377047298
17.9,19.8259910695823,-15.2771296491999,40.0778140444407,47.2513681367047
18,20.1998079068788,-14.6293529554391,39.9473799992511,47.0939845009337
18.1,20.6921337886158,-14.066419678842,40.0399556874612,47.2146864308252
18.2,21.2104888165264,-13.3838689043997,39.9146040940475,47.1400933672251
18.3,21.5272138365208,-12.7285753718595,39.8368929026241,47.0363221637868
18.4,21.9109828174637,-12.0610780444153,40.0262853454595,47.198138630425
18.5,22.1742077810268,-11.2509993974279,39.9903204148477,47.0904045962578
18.6,22.4994777671057,-10.5608098942165,40.0746558048513,47.1564973602956
18.7,23.0089536622488,-9.95357187161103,39.972786880371,47.1837814573864
18.8,23.3415804341584,-9.1709987567385,39.9713180042245,47.1873167106928
18.9,23.5350465980696,-8.44211220672893,40.0001044405389,47.1717715603127
19,23.7578275857065,-7.60156940282018,39.9961529080744,47.1371453996115
19.1,23.9783970542922,-6.97425389015978,39.9654094564411,47.1257646690076
19.2,24.266497391429,-6.22491135837875,40.0519326376321,47.2416101025074
19.3,24.4907632729141,-5.50800471434811,40.0457201647092,47.2630437565483
19.4,24.6103802459864,-4.63288130731848,40.0447004180497,47.2304185523597
19.5,24.7610357429057,-3.96401480401803,40.0426032085252,47.2465064967064
19.6,24.8356894588495,-3.1234407695976,39.9737343435454,47.1642533122908
19.7,24.7765201474624,-2.41409122804842,40.0240066476084,47.1341160435067
19.8,24.8787973594204,-1.61889924250564,39.9815316905244,47.1179187690723
19.9,25.0615564753645,-0.803672108434042,40.0488913404527,47.2508327908107
20,25.0178915839659,0.0845669325086147,39.9985958494753,47.1782759413992
20.1,24.9228470512154,0.795905466115172,40.0525679445649,47.1803981501138
20.2,24.8417629226656,1.50932404375548,40.0812860877063,47.1794525044488
20.3,24.9394653107556,2.28429746699179,40.0499153218748,47.2354809671017
20.4,24.7453683173425,3.12551278219356,40.0369753085316,47.1705572912655
20.5,24.6513641459627,3.91153807823008,39.9953731000904,47.1446683497692
20.6,24.564564670568,4.6679433811625,39.9780922972111,47.1535300543722
20.7,24.4257033554423,5.43882548955316,39.9781997753998,47.1640993171252
20.8,24.2701079940719,6.11891134497201,39.9550735132518,47.1475038314956
20.9,23.9810483968851,6.94549458073077,40.0033777059968,47.1550718912966
21,23.7850780762799,7.81617591391064,40.0007458652593,47.1898528795014
21.1,23.4818559668442,8.52867229528383,40.0011047543976,47.1616813985703
21.2,23.2277622207126,9.18464830321335,39.9353477447435,47.1032769744237
21.3,22.9760852485459,9.93771828434379,39.9637991975776,47.1568021005638
21.4,22.650848794399,10.7323439257862,39.9927484431501,47.198136459877
21.5,22.3436979559811,11.2624097490281,39.9892379609057,47.1722573595653
21.6,21.9266462231536,12.1287418950478,40.0179427302245,47.2156746738999
21.7,21.5295532208446,12.810247287979,40.0034321659856,47.2006216328447
21.8,21.0449847401216,13.3278405378708,40.0126999239655,47.1332034909593
21.9,20.6534144109854,13.9932049766021,40.0806565653668,47.2105109383492
22,20.1995139622538,14.8218407802738,40.0574588288045,47.2472997773253
22.1,19.7102857861136,15.3306499552133,39.9625125449004,47.1224638863555
22.2,19.4117295533621,15.9130762317763,40.0315456320478,47.2500358211707
22.3,18.7365805345021,16.5233131693863,39.9834133123351,47.1460779739366
22.4,18.3234064131335,17.1527554745119,39.9745590962157,47.2009493324668
22.5,17.6963938728458,17.7016193435528,39.9309124744188,47.1273535701575
22.6,17.151413448178,18.341444158704,39.9963098681773,47.2258865471941
22.7,16.5332731493054,18.6920657419497,39.9711143334411,47.1214645760076
22.8,15.949857824558,19.2669342045007,39.9496636496462,47.1337283055779
22.9,15.3209058502076,19.7619618378003,40.021482837068,47.1909353608014
23,14.6623789798848,20.2183571547345,40.0375773163506,47.188716032002
23.1,14.0862384670839,20.6566050537965,39.9817980750659,47.1557167670626
23.2,13.359128347716,21.1485167160787,39.9219736536489,47.1114641027388
23.3,12.6274008689138,21.5403467060591,40.026911656599,47.1761745554539
23.4,12.0520950526339,21.9072839762352,39.8892686855829,47.0779761952844
23.5,11.2317737983043,22.2816889614519,40.0961754811019,47.2263665111183
23.6,10.7100273938115,22.5895795759059,40.020379283083,47.1871227153574
23.7,9.98110701787578,22.9472444910672,39.9844423825025,47.1694197513046
23.8,9.30445379145951,23.2674784621287,39.9882458454993,47.1911879501155
23.9,8.44214587197059,23.5231376213825,39.8946776085087,47.0764604867972
24,7.58864420191539,23.8673124184223,39.9545761857139,47.1551087484893
24.1,7.02813704223208,24.0168528257237,39.9298449463655,47.1232049777778
24.2,6.20552968002474,24.1845893441912,40.0134280665896,47.1643656375974
24.3,5.53136447400434,24.4581124535241,39.9481233638469,47.1661723910966
24.4,4.8304752989382,24.5448196140593,40.0057995862309,47.1831078038956
24.5,3.93514048293652,24.6634115734376,40.0132893204937,47.168130377478
24.6,3.10857905695726,24.7954076393584,39.9653205093296,47.1349376489325
24.7,2.34146171429886,24.8816766823466,39.900760209287,47.0813226530795
24.8,1.60954358685246,24.965022732531,39.9521039055442,47.1382392233011
24.9,0.757531785202588,24.98568142822,39.969369085253,47.1424288291478
25,-0.0436478111545716,25.0459413891146,40.0381851917583,47.2266594059744
25.1,-0.777538612499927,25.0040715184764,39.9884968990248,47.1687189039338
25.2,-1.46954668751092,24.9307765895941,40.0614387403356,47.2082838363427
25.3,-2.30016175922952,24.9488133987517,39.9866026137455,47.187524015506
25.4,-3.12860521445837,24.7772524993114,39.9885941846873,47.1464534919667
25.5,-3.95192008498418,24.6361181260135,40.0023080999236,47.1459504305322
25.6,-4.66321037422682,24.5576646813542,40.0140775996546,47.1799833801084
25.7,-5.39018832061036,24.3770347052182,39.9750050975861,47.1306162033035
25.8,-6.25723161540233,24.1669385120182,39.9175922645787,47.0808669921616
25.9,-6.97260912583818,24.0216093157939,40.0052004985718,47.1812574977956
26,-7.67893285276044,23.7781463788799,39.9669325768423,47.1351456407477
26.1,-8.41280906963274,23.5095007244063,39.9879031964937,47.1434447490327
26.2,-9.18628494580116,23.2771308492638,40.0183064369875,47.1982785889892
26.3,-9.88948558712138,22.9575929329991,39.999276296666,47.1677337033718
26.4,-10.6674077616763,22.6869107913737,40.0197089616771,47.2235811325968
26.5,-11.374182004874,22.1887846417196,40.0103956947853,47.1438855400136
26.6,-12.0004974228354,21.9152010344285,40.0251929033485,47.1837264501772
26.7,-12.6915837169767,21.5720763320978,40.0562759981115,47.2327854499368
26.8,-13.3318303354122,21.1302733780522,40.0058709539435,47.1666817139707
26.9,-14.023130257462,20.7169172725709,40.0617086288226,47.2311268313278
27,-14.6943067164992,20.2081822708829,40.0270997372656,47.1854002202883
27.1,-15.3224081186371,19.7194599148042,39.9943476641987,47.1506217877394
27.2,-15.9061582853869,19.2580922403025,39.9804998130161,47.1414929062961
27.3,-16.5226815686326,18.7350378752195,40.0625267775369,47.2123575158581
27.4,-17.0861909788211,18.2959307936879,40.0119528839971,47.1978323587362
27.5,-17.660376994084,17.6565616300009,39.9165558180261,47.0847588136626
27.6,-18.1289480939816,17.193823425891,40.0933549219118,47.2415434960522
27.7,-18.7606735689114,16.6072266946159,39.9733795305018,47.1766247450488
27.8,-19.2837465788867,15.8961657876905,40.041403457396,47.2002644029292
27.9,-19.8121191395539,15.293888895325,40.060151728847,47.235991138968
28,-20.2108489595301,14.7845058815556,40.0616661234685,47.2440167895888
28.1,-20.7348260879546,14.1095718644341,39.9466228555183,47.1672101004116
28.2,-21.1112976703686,13.3817603712926,40.0207766060993,47.1849654033667
28.3,-21.5047995929264,12.7095868448786,39.9909608759299,47.1515318423441
28.4,-21.9561671549308,12.0463078900324,39.9963545117209,47.1899902960784
28.5,-22.2537994195858,11.3710350407979,40.0106677843652,47.1739924434751
28.6,-22.6724875656991,10.6260361681401,39.9953643175558,47.1866877832871
28.7,-22.9683820110309,9.95372313918187,39.9116055274703,47.1122004614148
28.8,-23.2057917712686,9.16802584829896,40.0074335606561,47.1503574726307
28.9,-23.5444416271695,8.36823618908304,40.0222826287005,47.182106939634
29,-23.8226163012829,7.71560244232174,40.0323715113429,47.2190463405212
29.1,-24.0023700772208,6.94509551011129,40.0499415944478,47.2053592581087
29.2,-24.1837953121674,6.20646878811517,39.9834305204672,47.1386351807484
29.3,-24.4825646919552,5.4510747204365,40.0798058854164,47.2810853229514
29.4,-24.5391412115738,4.64966345586319,40.055858359781,47.2044554104079
29.5,-24.7869483605578,3.90205482969444,39.9790970086009,47.2011338692835
29.6,-24.8471161319773,3.09400978199736,39.9545450130003,47.1520704084447
29.7,-24.8846979579475,2.42691425963484,39.9895482215769,47.1625070606697
29.8,-24.9428680667418,1.55106592587251,39.9854673333259,47.1528373564705
29.9,-24.9757928751692,0.77655439076782,40.0063191956456,47.1688333759598
30,-24.9809078310033,0.0137726451882614,40.0151321262924,47.1726270715494
30.1,-24.843583719704,-0.682606270738132,40.016861617719,47.1064625830731
30.2,-24.9474976025748,-1.60527585336396,40.0013127607237,47.1705370944311
30.3,-24.8987714901615,-2.34880588229729,39.9234726627784,47.1099711340137
30.4,-24.7624964346165,-3.11901270799062,40.0156759052694,47.1610409989279
30.5,-24.7247765605312,-3.97375021304259,39.9684258517816,47.165456976406
30.6,-24.5694872766381,-4.67947122935206,40.0590375586571,47.2258789875754
30.7,-24.444438143507,-5.51991723374607,39.9871701302287,47.1908234452738
30.8,-24.2606412377899,-6.18532546864073,40.04485156972,47.227397786271
30.9,-23.9749261326116,-6.9471160522165,39.8882363953249,47.0545524602718
31,-23.7288898196726,-7.76476039270433,39.957604874609,47.1164716775954
31.1,-23.4848907640876,-8.40400641818557,39.8226783879848,46.9895002321892
31.2,-23.2500288123541,-9.3064475125881,40.0324714973735,47.2204678001804
31.3,-23.0284685606227,-9.88075565085184,40.0566663154822,47.2490868990006
31.4,-22.6701906131957,-10.6492870507068,39.9910716070665,47.1871875132276
31.5,-22.3021647049967,-11.4269368255322,40.0519006112771,47.2452767831783
31.6,-21.9039796446113,-12.1123280100832,40.0099648790096,47.1941744679889
31.7,-21.4979051706535,-12.6891222885904,40.0164635612264,47.164511098157
31.8,-21.0648497919747,-13.4239090970772,40.0507067946968,47.2015714458727
31.9,-20.7164423019143,-14.0974702338483,39.9799443681438,47.1837429664355
32,-20.1540387498902,-14.7105010671787,39.9846892197996,47.1313005505205
32.1,-19.710333277358,-15.3093189947137,40.0462852109805,47.186623583232
32.2,-19.2550702440389,-15.9247981199299,40.0583234314698,47.2125640206465
32.3,-18.7306542578101,-16.5599541813896,40.0868377726752,47.2443018154373
32.4,-18.2289160004647,-17.1547599595143,40.0939496426476,47.2663089924284
32.5,-17.7193613769502,-17.7074561340078,39.956444267219,47.1598050125755
32.6,-17.1267839607915,-18.2830570759195,40.0314157365357,47.2240526718357
32.7,-16.5118000522866,-18.7702146038191,39.988032242762,47.159338628614
32.8,-15.9970949261996,-19.2569922075297,40.1215297735853,47.291393998606
32.9,-15.3509866536697,-19.7978321165428,39.9990693680657,47.196742451861
33,-14.7286382819031,-20.2369410780185,40.0100677399447,47.1939836249208
33.1,-14.107709248213,-20.7028258798624,40.0044708929363,47.2016117422679
33.2,-13.2837748192179,-20.9940513938229,39.9836194481524,47.0733331255482
33.3,-12.7067885305082,-21.4548476095428,39.94764312211,47.0912640700929
33.4,-12.0448965652011,-21.8644111661935,40.0415669466739,47.1853694746128
33.5,-11.432760174156,-22.3060906066216,40.0729756958403,47.2664052416723
33.6,-10.6463081186739,-22.7050718750861,39.9456297663297,47.1647909233069
33.7,-9.93207480094572,-22.9675506788787,40.0457407760328,47.2209259580925
33.8,-9.25130620021238,-23.2708322078604,40.021427243207,47.2105172248705
33.9,-8.48045196810243,-23.5211770821076,39.9837218280488,47.1578397314163
34,-7.73135844253901,-23.7559336064571,39.9624004671736,47.1286721219702
34.1,-6.942444802758,-23.9347561654885,40.0146909326973,47.1406998567058
34.2,-6.1842475121543,-24.2016424405956,40.0250767874792,47.1801990877278
34.3,-5.50442955906215,-24.4231674500461,40.0046329070997,47.1928014330096
34.4,-4.68923641268641,-24.5391681230218,40.0205789480167,47.1784532349083
34.5,-3.87712469118547,-24.7121594288756,39.9747729958947,47.1561808841903
34.6,-3.13284718747987,-24.881203462526,39.9956897857193,47.2074593542081
34.7,-2.29528760054008,-24.8153940872788,39.9687798904916,47.1017568123601
34.8,-1.53982794563625,-25.0537747133123,39.918612183043,47.154621153263
34.9,-0.844139107145478,-24.9972052467578,40.0202059063155,47.1931109566284
35,-0.118563564840388,-25.0162704337557,40.050950437911,47.2218855480561
35.1,0.824590141653937,-24.9419063001387,39.9746579941957,47.1248545943595
35.2,1.45703372107093,-24.9122969066668,39.9592482617521,47.1114317981803
35.3,2.36801048583529,-24.9059713330703,40.0436478082266,47.2166137232864
35.4,3.22871531327686,-24.7295738806645,40.0172095061002,47.1524493907639
35.5,3.92497584751116,-24.7375518888324,40.0299017264059,47.220175148785
35.6,4.66589268929269,-24.5744887363046,40.0680747176432,47.2348035120016
35.7,5.46553923042716,-24.3400469966835,40.0090514844093,47.1490636976199
35.8,6.20810914169986,-24.1697384252208,40.0279818908166,47.1694414733776
35.9,6.98492028512431,-23.9780461979702,39.903518777813,47.0746919449592
36,7.80351699965671,-23.7494723405219,39.9740566326828,47.1471899235796
36.1,8.44312357164168,-23.5045044076683,39.9760686698356,47.1363355532812
36.2,9.2868062145895,-23.1834765881554,40.0015372941212,47.1576223136181
36.3,9.96969006913527,-22.9906330141123,40.044073950212,47.2386683236758
36.4,10.609577713616,-22.584892157026,40.0961581116908,47.2265009112835
36.5,11.3055280631328,-22.263832283941,39.9020340231084,47.0708562906501
36.6,11.9908503794076,-21.9125171355772,39.9497620026691,47.1160522975791
36.7,12.7005055000611,-21.5446376128547,39.995926034273,47.1714781320806
36.8,13.4187198863344,-21.0926329376235,39.983398265733,47.1554169158269
36.9,13.973934669317,-20.6402515163325,40.0191303696882,47.1468093124647
37,14.6703591909295,-20.2141654290131,40.0186740806637,47.1733632249894
37.1,15.3874501495193,-19.7282537640175,40.0629155369984,47.2336195945863
37.2,15.8752288906672,-19.260129129503,40.0183886970186,47.1640424510227
37.3,16.5679635545707,-18.7735862489651,40.0657759066245,47.2462840442797
37.4,17.0803326730564,-18.2630736013976,40.0015547163769,47.1741666732931
37.5,17.6050127023801,-17.6786157804393,39.9556131069946,47.1054237526763
37.6,18.2493980117193,-17.164084529259,40.0041503213003,47.2014657446872
37.7,18.7876678186531,-16.5590356127674,40.0096613518787,47.2011771461366
37.8,19.2835600095698,-15.9348465436558,40.0333220022971,47.2063755392441
37.9,19.7866538541832,-15.3333273260945,39.9664655750148,47.158678609491
38,20.3158197881873,-14.7296546507281,39.975266312235,47.1986988859855
38.1,20.6416032452189,-14.0579605975566,39.9687572743719,47.1296467072812
38.2,21.0627887771519,-13.4393136508143,40.0874236463466,47.2361911787725
38.3,21.5601462282829,-12.6635298436894,39.984974363479,47.1593370217927
38.4,21.9590293979991,-12.0100537733446,40.0498394877503,47.2274285424835
38.5,22.3727297769498,-11.3249070336163,40.0517616384443,47.2539539862563
38.6,22.613383773275,-10.7138452173811,39.9782492872891,47.1636726845572
38.7,22.9297423046519,-9.89567040681534,40.0100696242116,47.1646376673491
38.8,23.290879396157,-9.12576896707716,40.0597387751405,47.2284595664446
38.9,23.484349567406,-8.42108225482999,39.997244620206,47.1403105436879
39,23.847299604873,-7.78080196495419,40.0707727874077,47.2747438855301
39.1,24.0460906608115,-6.96715182807588,39.9664206419966,47.1600515224108
39.2,24.2012428247588,-6.16591686942168,39.919321950062,47.0879066221494
39.3,24.4482749129395,-5.4376170918736,40.058252661639,47.2435120642
39.4,24.5845078225634,-4.66805295054676,40.0510388510769,47.225781690484
39.5,24.6395284243531,-3.91992890075647,40.0567852921268,47.1912942342233
39.6,24.86715015181,-3.13016286661435,40.040053371251,47.2374740033464
39.7,24.8898555345032,-2.45623650129248,40.0858855651516,47.2484521209018
39.8,24.9946595253524,-1.55985197472215,40.0106155991354,47.2018591116188
39.9,24.9662476532334,-0.884308488776184,39.9798001079575,47.1431855102955
40,25.0300784901424,-0.0099774854698675,40.0418072742549,47.2213008986567
40.1,24.9810038711655,0.760738641970002,39.9890660346758,47.1567034473174
40.2,24.8090987042388,1.57487645142023,40.0044540896222,47.0991290934619
40.3,24.9821946776708,2.30061100078587,39.9892815645025,47.2074729458699
40.4,24.7502743571193,3.20827793344203,40.0146465865817,47.1597399218859
40.5,24.6405839129244,3.9416267366613,39.9942628944814,47.1405967439311
40.6,24.6413461374493,4.65855546181952,39.9104903935825,47.1353935160477
40.7,24.465884196819,5.38677946071429,40.0596971482325,47.2480287218275
40.8,24.2258045068751,6.16330161767572,39.9891839487109,47.1594181868226
40.9,24.0167449339913,7.03448078062255,40.0125212934966,47.1941714339796
41,23.77261134639,7.73062876053672,39.934523295695,47.1133295587794
41.1,23.4863592168107,8.46473897415838,39.9444640034344,47.1043637010774
41.2,23.2164569956652,9.10207668888708,39.983168194717,47.1222390636203
41.3,22.9615864272875,9.95005129442775,40.0283908913745,47.2070974470176
41.4,22.691112051599,10.6755578292459,39.9408938765535,47.1606732857145
41.5,22.3367937920841,11.4159389985821,40.0454248615334,47.253487410668
41.6,21.930950247265,12.0665227198481,39.9435699406707,47.1386924818866
41.7,21.408972871211,12.674299271899,39.9800748449616,47.0891533799732
41.8,21.1064776224947,13.3273960775155,39.9665393647489,47.1214086443717
41.9,20.5153395614361,14.0050843907927,39.9015465971911,47.0016485557907
42,20.2284802815699,14.6596792071033,40.0388091509754,47.1932606119271
42.1,19.7421923281695,15.2311710985236,40.0723071200972,47.196742778314
42.2,19.3255483030268,15.915103307422,40.0189480498,47.2046982143846
42.3,18.7240329708933,16.5173849829745,39.911982675797,47.0784428213594
42.4,18.1101551409517,17.2121723598751,39.9631287761219,47.1305448531235
42.5,17.610032213843,17.7110896080949,39.9990969593247,47.1563748314055
42.6,17.1730957130713,18.2731646731723,40.0584651768381,47.2599661009943
42.7,16.5607698286278,18.7853586128924,39.97793692627,47.173978382288
42.8,15.844970468485,19.1982419175928,40.0609950622262,47.1648058116356
42.9,15.2638498585531,19.8171141187631,39.9953274956787,47.1733965915868
43,14.7155892591094,20.172843064613,39.9727592052223,47.1308141562503
43.1,13.9939396557114,20.6900408243248,39.9953685480383,47.1544021454342
43.2,13.4753672505415,21.0854902399898,39.9014751660362,47.0989505363281
43.3,12.7442387916801,21.5919415850805,40.0359669428602,47.2388210356978
43.4,11.9784252768854,21.8571973662034,39.9114576910634,47.0546937493449
43.5,11.3055083245955,22.2370750049752,40.0119448077931,47.1514342364712
43.6,10.7262903298373,22.6991652336929,39.9639762824353,47.1956015625344
43.7,9.89912616842656,22.7562127178373,40.0478124569304,47.1133229431268
43.8,9.17172292085477,23.290867213375,39.9328039644178,47.1297552438862
43.9,8.50202873118187,23.5827473808439,40.0922798181772,47.2844727959778
44,7.83943843043158,23.797221366673,40.0208739627578,47.2168920241677
44.1,7.0575264696221,24.0677893750055,40.0238338761433,47.2331921789556
44.2,6.24967954651451,24.2500836346598,39.9955417985234,47.1886470931256
44.3,5.42961831384123,24.4209420738232,40.0194240310064,47.195523798137
44.4,4.62171221164548,24.4973191583144,39.9889562447317,47.1231948328491
44.5,3.94764923732162,24.7088933790737,39.9861905298776,47.169998723882
44.6,3.14459125037831,24.902911755148,39.9966721238776,47.2205172462312
44.7,2.34440175771874,24.9728576679929,39.9623760252047,47.1818962875305
44.8,1.62038610992002,24.9403482297295,40.0311736192404,47.1925998679789
44.9,0.729754656765455,24.9404082945372,39.9469514452875,47.0989961414195
45,-0.000813850494449356,24.9896850024698,40.0201586106419,47.1815371984206
45.1,-0.852425779236497,25.0087715309964,40.0156675801805,47.195539355814
45.2,-1.57498672705755,24.9849763916391,40.0075403536075,47.1946280166154
45.3,-2.4417684508354,24.8799611479558,40.0121486420501,47.1799400046757
45.4,-3.21237009763189,24.6988504419454,39.929749953526,47.0609972923317
45.5,-3.99590249779998,24.6814278002864,40.0067401251096,47.1771064232508
45.6,-4.65444559651274,24.5506341097767,39.9568953540941,47.1269666469322
45.7,-5.40736936664664,24.5175255193669,40.0375993627143,47.2584179145829
45.8,-6.2082970912781,24.2307670856415,40.0653497427209,47.232459986102
45.9,-6.91156868737803,23.981709058062,40.0514394102136,47.1912062771856
46,-7.74421383835922,23.7831995046064,39.9404927768116,47.1259630130217
46.1,-8.48373128314454,23.4673631574036,39.9393457283458,47.0939716657494
46.2,-9.14450729767979,23.3658166010323,39.9487980780344,47.1750979546408
46.3,-9.96816303170086,22.8987409061309,39.9361015990345,47.1021105709828
46.4,-10.5441160859207,22.6166079977766,39.9272617124487,47.0837081081432
46.5,-11.5033308654013,22.2431554406947,40.0222716884606,47.2108760357479
46.6,-11.9668472164854,21.9446386571652,39.9798570365505,47.1504142798266
46.7,-12.7823176614919,21.5496920674598,40.00352102903,47.2023152792495
46.8,-13.3734788290318,21.1341265358167,40.0439362730287,47.2124779339198
46.9,-14.0447904223431,20.662711182647,40.0447752903821,47.1994470251741
47,-14.5659226113274,20.2020818846001,39.9902246277747,47.1116575782592
47.1,-15.3697096668479,19.6846945190875,39.9746327201348,47.1347688512701
47.2,-15.925307304703,19.2748310655811,39.992992528545,47.1653896066191
47.3,-16.5005195112332,18.7355135492629,39.8958595883122,47.0634276735718
47.4,-17.1115348365577,18.2964457486751,40.0218636110222,47.2156130786862
47.5,-17.6642762472081,17.7981836434198,39.9937016583507,47.2048532322656
47.6,-18.2010572621226,17.0972444908051,40.060764047392,47.2065574967954
47.7,-18.7693881307303,16.5265759263383,40.0226439085133,47.1935341766081
47.8,-19.2384526212803,15.8348836020923,40.0238246241383,47.1462420082114
47.9,-19.7425702745315,15.3567974554364,39.9682505318909,47.1493516361796
48,-20.1452681751484,14.7441736264773,39.9562489720052,47.1139503511351
48.1,-20.7947244708496,14.0095227776223,40.0583698648262,47.2584414734816
48.2,-21.1715900432997,13.3888718801018,39.9988004369583,47.1953615472849
48.3,-21.4907649258079,12.8186295218449,39.9581123779479,47.1468024867367
48.4,-21.8548157110794,12.0923696638818,39.9587191648156,47.1227929047697
48.5,-22.2786334737228,11.3125777886971,39.9418080560649,47.1132673083638
48.6,-22.6056277783851,10.653858150904,40.0157244152312,47.178144317366
48.7,-22.9647123213371,9.89017710655376,39.9448466055591,47.1251990504276
48.8,-23.3007678608637,9.15888501455468,40.0018667217335,47.1906802116586
48.9,-23.5269109935453,8.54148210355085,39.9911315794386,47.1779934124741
49,-23.7919325889622,7.74028468807445,40.0032512228258,47.1829224589435
49.1,-23.9978646634269,7.02580932035161,40.0847608500937,47.2445505579141
49.2,-24.2694888629314,6.14673941370947,40.034754286473,47.218344378708
49.3,-24.34486761108,5.51310772325663,39.9923553648261,47.1429254861828
49.4,-24.4861323535575,4.67352661510721,39.9458035453747,47.0858763276602
49.5,-24.6821136946595,3.8859111713489,39.9855646479222,47.1503173083796
49.6,-24.7986999130386,3.14117717881983,40.013082944175,47.1793314719816
49.7,-24.9154814221247,2.27562308523604,40.0113871011614,47.1897316445144
49.8,-24.8965554676084,1.6219927262333,40.0175813948994,47.1579914251345
49.9,-24.9666016097983,0.801592432162167,39.9296014926571,47.0993293129752
50,-25.0288188952816,-0.0746173449830448,40.0071427653099,47.191300207611
50.1,-24.9594017566121,-0.815783410809098,39.963132215244,47.1241888532247
50.2,-24.8625289305514,-1.61294667639993,40.0384640131746,47.1574547907082
50.3,-24.826328558321,-2.47634497522486,39.9908708249459,47.1354285379854
50.4,-24.7649222613838,-3.12138191466995,40.0203692462329,47.1664536961858
50.5,-24.6625968232273,-3.88279950316919,39.8776554289365,47.0483497750544
50.6,-24.5630122753285,-4.76091780571428,39.9709953550646,47.156000467229
50.7,-24.2935874147957,-5.48936161056663,40.0411553655104,47.1551227691841
50.8,-24.1548519174589,-6.20994645248332,39.9698590232032,47.1127364566294
50.9,-24.0495326848443,-6.84983062328052,40.0330218671189,47.2010915312373
51,-23.8421400911004,-7.75333222811322,40.0236315647175,47.2276707915117
51.1,-23.5480048353186,-8.48591897591815,40.0071302134557,47.1920525142363
51.2,-23.1977805870917,-9.16790733415031,39.9591266396107,47.1054068112659
51.3,-22.7820780423089,-9.99595028956235,39.9981563596054,47.104082777236
51.4,-22.6016081213895,-10.7123909469359,40.0380709552984,47.2084222919424
51.5,-22.2912934041554,-11.3234569544443,39.9957906481474,47.1676341212884
51.6,-21.8020596130093,-12.0152928235906,40.0413165916087,47.1487444095309
51.7,-21.4617678003631,-12.7102575308898,39.9985728802393,47.1385612431484
51.8,-21.0863185650731,-13.3500799862554,39.9673837360322,47.1195206784875
51.9,-20.6786733367313,-14.0086946648714,39.9087685162115,47.080365989034
52,-20.232700885285,-14.7503536867968,39.9566541336889,47.1536777840101
52.1,-19.7623752934809,-15.3398142799674,40.0230923517653,47.1986154540809
52.2,-19.293342138254,-16.0067447099011,40.042394736081,47.2423782558817
52.3,-18.6833761932425,-16.577368023762,39.9545201484812,47.1194371450769
52.4,-18.1742493431675,-17.0774851400803,40.0555972853308,47.1846872595537
52.5,-17.6683113094626,-17.614771955855,40.0003624141182,47.1431692702735
52.6,-17.0606524638149,-18.1923904240572,40.0510825941237,47.1817565250989
52.7,-16.4418621471321,-18.7327217919574,40.026886996962,47.1529572695895
52.8,-15.8891886476998,-19.3028351597401,40.041239447353,47.2055782462893
52.9,-15.3499909017558,-19.803002896058,39.9262844724118,47.1369211569574
53,-14.6996327412812,-20.1714749144329,39.9701524913848,47.1230378173638
53.1,-14.0930082504088,-20.6673116326957,39.8775188994304,47.0740604286849
53.2,-13.3435725812564,-21.0834365930512,40.0508325124803,47.1871954321002
53.3,-12.7152133666037,-21.4995660622187,39.9757987359619,47.1378030502069
53.4,-12.1092665716705,-21.870301585414,40.0407374623357,47.2038672660242
53.5,-11.3146574650858,-22.2019534454837,39.9786209004215,47.1087925916943
53.6,-10.6375763138277,-22.7033100642587,40.061839983745,47.2604416038357
53.7,-9.944766142153,-22.9058627454945,39.9315309736901,47.0967524107588
53.8,-9.22002138354945,-23.1453707172326,39.9674955013343,47.0968966769618
53.9,-8.44210564256134,-23.5474718380087,39.9704983020084,47.1528717275293
54,-7.72238919645677,-23.7706771932472,39.9899012024809,47.1579535954572
54.1,-6.91357749572775,-24.0337523958995,39.9938211872366,47.16910579154
54.2,-6.21481915662537,-24.1912489136306,40.0503872863056,47.200360411059
54.3,-5.37609245766688,-24.5312264075351,39.9271701405674,47.1684465994477
54.4,-4.66907187721485,-24.5490482486657,39.9793530315746,47.1466294758511
54.5,-3.90644090433956,-24.7630439395261,40.0533885219928,47.2519053349566
54.6,-3.05293461016901,-24.7584417880835,39.8790964778265,47.0387413245261
54.7,-2.36914129217851,-24.9225957812702,40.0756358585425,47.2525681884634
54.8,-1.62471793246712,-24.9972787653912,40.0890100806637,47.2718984522762
54.9,-0.851290989436973,-24.987993100846,39.9733928801169,47.1486652399068
55,0.0539280334003322,-24.9374303777499,39.9806361321722,47.1203735937127
55.1,0.806824129320776,-24.998478217992,39.9847243468363,47.163047605976
55.2,1.61420587617585,-25.0435539577364,40.0445186783582,47.2583191790198
55.3,2.2800856057295,-24.8091929339547,40.0200811225601,47.1412954580157
55.4,3.06955129254891,-24.8028029246991,40.017785717992,47.1807625185327
55.5,3.7580456613023,-24.6502366288145,40.0333111284662,47.1637898493914
55.6,4.65865773234653,-24.629098187176,39.9575598335167,47.1688685175909
55.7,5.46962265238709,-24.3818152968739,40.0370175065377,47.1948350982307
55.8,6.19959022182576,-24.2811878319975,40.0573868660673,47.2504523151798
55.9,6.97016713209418,-24.0645543536749,40.0137980238164,47.2100628932124
56,7.80509620642268,-23.7529339707279,40.0351141881218,47.2009720987315
56.1,8.4437952769585,-23.5008499005259,40.039309982673,47.1882821112913
56.2,9.20514870277225,-23.2054600444519,39.9414588237895,47.1014678273116
56.3,10.0015687297216,-22.9928153823238,39.9870305909046,47.1981308076804
56.4,10.6321695821378,-22.634496513372,39.9994911481366,47.1733267275803
56.5,11.3690900600267,-22.2839325969208,39.938573988337,47.1266331600187
56.6,12.113095520409,-21.9595797846795,40.0355806147973,47.2419087524011
56.7,12.8224613261422,-21.5275235522034,39.9178503288377,47.1305056160718
56.8,13.3438610213875,-21.0936022197817,40.0359868129132,47.1792212912448
56.9,14.1495512208059,-20.7133728441014,40.0009651404692,47.2157900124312
57,14.6929965963469,-20.1789831028515,39.9399280467226,47.0985494513664
57.1,15.3070421099552,-19.8103689523151,40.0412195050228,47.2234636132528
57.2,15.9332813591043,-19.2234411893374,40.0275352773536,47.1764106986541
57.3,16.6169931615826,-18.8634437265556,40.007344906098,47.2497790195097
57.4,17.1127377952311,-18.2083826180024,39.9728059588772,47.1403882953668
57.5,17.6602147513914,-17.6065875444521,39.9760838336774,47.1164768282065
57.6,18.2466414454632,-17.1484786887615,39.959914339783,47.1572369782306
57.7,18.7198698658711,-16.4570374011196,39.9602663752425,47.096608122001
57.8,19.1948087020744,-15.9444875527483,40.0014353180806,47.1463910807134
57.9,19.6993956525463,-15.2790517453179,40.0264611838224,47.1554154494656
58,20.1626299508271,-14.6667602473221,40.0124403369037,47.144892452955
58.1,20.6294068785247,-14.0816105129708,40.0530676415226,47.2028856140715
58.2,21.0391720665806,-13.4166938634083,40.0314340922065,47.1717092222688
58.3,21.532103729053,-12.7694444260229,39.9986882896467,47.1867064631587
58.4,21.8468690492406,-12.0948229424134,40.0484978528934,47.1958961090496
58.5,22.2537459859443,-11.4093769775077,39.9938274851119,47.1689445539193
58.6,22.7157366207623,-10.7062562876714,40.0581045994326,47.2787516546305
58.7,22.9397970036245,-9.94073776418255,39.9661391331757,47.1417525244459
58.8,23.2960790132954,-9.1799814093316,39.9721959964911,47.1673171682604
58.9,23.4655120470159,-8.51893324989135,40.030004351053,47.1763047269503
59,23.7440849255718,-7.77919778649856,40.0163472722353,47.1763238941565
59.1,23.9052568798082,-6.94624811288134,40.0724496896054,47.175342006829
59.2,24.172428329922,-6.28643483626889,40.1378231556401,47.2744159349358
59.3,24.3697294985674,-5.51867392342243,39.9131755184441,47.0892881414928
59.4,24.5407274290507,-4.70870120598871,40.0001481644388,47.1638741302206
59.5,24.6253882820295,-3.86537176978385,39.9707667588766,47.1064012874246
59.6,24.7422878688694,-3.10350761209882,40.0097119189395,47.1443487209325
59.7,24.8839755086286,-2.36474038759656,40.0427052490035,47.2040514985031
59.8,24.8779520363196,-1.54939520397587,39.9743536323814,47.109044474986
59.9,24.9763365777951,-0.781324105161277,40.0043828726558,47.1675577619474
60,25.0004257193729,0.0183330779459683,40.0430767267212,47.2066691897841
60.1,25.0111204725874,0.796537905684528,39.9431272017251,47.1343190317062
60.2,24.916697677225,1.5750203455678,40.0514631976175,47.1957860035967
60.3,24.9342092336896,2.33465894156933,40.0147250825141,47.2053349306203
60.4,24.8270990103101,3.08976424079879,40.0659911271305,47.2357399998217
60.5,24.6271413461327,3.9045470242777,39.9870992629003,47.1244064769864
60.6,24.591176473413,4.7453580004482,39.927036084788,47.1318638864932
60.7,24.4537843289477,5.45958417769894,40.0009239148024,47.2003023447718
60.8,24.2364176797044,6.26404046792594,39.9083914222198,47.1096789506998
60.9,24.0497918097728,7.03703490709007,40.0467252610768,47.240369923543
61,23.6716661646804,7.69306258057765,39.9533475599388,47.0722951652671
61.1,23.4754051286058,8.47393619503709,40.0458075103839,47.1865334576344
61.2,23.2103059441796,9.22893356315348,40.0057678358591,47.1630467301698
61.3,22.9422041011823,10.0192332697637,39.9804493013869,47.171666185063
61.4,22.6449671182607,10.6954992917124,39.9140298500102,47.1202506333916
61.5,22.2542302672955,11.3655264747085,40.0477765255304,47.2043468493732
61.6,21.9003144649629,11.9807913863524,40.0293948623429,47.175370575682
61.7,21.5341926262306,12.7602913477282,39.9558165634571,47.1488469063152
61.8,21.0673047673057,13.3543845259483,40.082341374258,47.2097977783001
61.9,20.6558677889816,14.1177118350751,39.9785283683577,47.1620333750962
62,20.2656698835247,14.7853567062855,39.9886397668839,47.2058837346121
62.1,19.8446829063103,15.3057119100352,40.006014465431,47.2075994955608
62.2,19.2651965847178,15.9554798621678,39.8826933649201,47.0781729373614
62.3,18.7543420933764,16.5255661233372,40.0302799226518,47.1936753573828
62.4,18.1306903014451,17.109317083328,39.9820859182974,47.1170654460026
62.5,17.6709025605877,17.6460615744926,39.9313062225309,47.0972770235616
62.6,17.1181166927207,18.2441499463268,39.9845099341278,47.1660891005607
62.7,16.5129242557726,18.816222202027,40.010213312328,47.1968648824361
62.8,15.8894914847021,19.3832744103811,40.002324568011,47.2056483628289
62.9,15.3108702906646,19.6620700529314,40.0397750391422,47.1614602510254
63,14.6153147146534,20.2659389353953,39.9196770776184,47.094546638893
63.1,14.0114330797135,20.7188363941467,39.9768692694307,47.1565532567835
63.2,13.3747369815621,21.071251443394,40.0634983448446,47.2013254723219
63.3,12.6983696926845,21.4142221969819,39.9533287920063,47.0753224812742
63.4,12.0033104475277,21.8812148651721,40.0335955094239,47.1757967085636
63.5,11.3992172396502,22.3034580663017,39.9226823265585,47.1296823619608
63.6,10.6584728028891,22.5910945691374,40.0764161260286,47.2237199490706
63.7,9.95174412825463,22.9906937624846,39.9790026924104,47.1797612028119
63.8,9.25558981278294,23.1557848495006,40.0179183709372,47.1517773315264
63.9,8.46821409233994,23.5071808996448,39.9584451119531,47.1272271572103
64,7.65568695726861,23.7950200259967,39.9336859509841,47.1116948799033
64.1,6.9821920290999,23.9808327698242,39.976012545463,47.1371713714401
64.2,6.23147701809155,24.2951226509925,39.8936726723583,47.123130305011
64.3,5.4951936195377,24.3262202746867,39.9595581294088,47.1033802573275
64.4,4.67323841460343,24.6051176753958,40.0026666724557,47.1960201077103
64.5,3.86142780598856,24.6696376339793,40.0142351020243,47.1660964729198
64.6,3.10609704933412,24.8119442167609,40.0618719758433,47.2253533698203
64.7,2.31832034168027,24.8667782835339,40.0238823260803,47.1767148905157
64.8,1.59503282429157,24.8694573533368,40.012943605685,47.1388342532114
64.9,0.792974125291434,25.0928825620632,39.9918936664289,47.2189911186573
65,-0.0220940821302131,24.9780318625979,39.9952672504744,47.1542571388235
65.1,-0.724659515561765,24.9968123529221,39.9772943115265,47.1545312742169
65.2,-1.54114102573578,25.0594127976268,40.0308283115254,47.2526877619664
65.3,-2.36022773447581,24.8564612989064,39.9740243117364,47.131061551146
65.4,-3.17516739954144,24.83332350042,39.9294254406909,47.1289153292893
65.5,-3.9562374144771,24.7421769428223,40.0329532581947,47.2277935216376
65.6,-4.72302148393981,24.5868376583871,39.9647992188629,47.1593542638326
65.7,-5.53199377880461,24.3985181334726,40.0433393751362,47.2160954610868
65.8,-6.23998505324987,24.2670043217374,40.0629758401912,47.2532215344917
65.9,-7.02157793741479,23.8817007482963,39.9321162062357,47.0554151195234
66,-7.74557434361808,23.8371996311679,39.9751209041704,47.1827966474191
66.1,-8.37779501037792,23.5513697027508,39.9996616919633,47.1680760640401
66.2,-9.22834616027773,23.1775242725906,40.0196522981204,47.1585896133768
66.3,-9.92769624715441,22.9122499391772,39.96665505506,47.1260423369207
66.4,-10.6616069308749,22.5796049545952,40.0656428306743,47.209788790983
66.5,-11.1371038702129,22.2269113461264,40.0177499883944,47.1114740242557
66.6,-11.9222689164064,21.9396193703816,39.9941186882768,47.1488804096588
66.7,-12.7155755084864,21.5049427443941,39.9284117055573,47.1001749920335
66.8,-13.2978998747105,21.0778470567447,40.0348812090048,47.1582600510713
66.9,-14.0889268670258,20.6554363535298,39.9776761936289,47.1525132422628
67,-14.7595088655494,20.2928712266763,40.0880708280714,47.2937326428266
67.1,-15.2851794773785,19.7741390903782,39.9826414379463,47.1515101007028
67.2,-15.8517095617683,19.2465953734123,40.0081570786445,47.1419214959255
67.3,-16.5237323155071,18.66840847519,40.0414322936943,47.1684163902243
67.4,-17.1029245473562,18.2662114208339,40.018523804276,47.1979528710363
67.5,-17.7276606778835,17.6969559120726,39.9847998777939,47.183009896903
67.6,-18.1969620694183,17.1047534188097,39.9508533644666,47.1144638367375
67.7,-18.8459939941629,16.4952519766813,40.0385505734109,47.2265853034265
67.8,-19.2971275134134,15.8544493660116,39.9797377707233,47.1393903989451
67.9,-19.7613559482547,15.2475051829725,39.981002163293,47.13255920486
68,-20.2239042058145,14.7117867420767,40.0688593537226,47.233001814184
68.1,-20.7179706907276,14.0987609781334,39.9294168770078,47.1419951083772
68.2,-21.1827861975824,13.3952777291209,39.928477419244,47.1426262055038
68.3,-21.4956132743376,12.7777619155517,40.0199182152329,47.1903215030829
68.4,-21.9230007156374,12.0403423637893,39.9437168188667,47.1284236732029
68.5,-22.2625799132249,11.3860383894128,39.9537601844382,47.133504935168
68.6,-22.7133248930125,10.7192513934579,39.9552040164779,47.1933873135851
68.7,-22.94618916405,9.88630070499126,40.0402710798868,47.1962906056472
68.8,-23.2388397142685,9.17487011469628,39.9431407153883,47.1134418515175
68.9,-23.5809044426727,8.4896217576699,40.1085696642845,47.2951381479907
69,-23.8002895672617,7.68959711498937,39.9105248265877,47.1002513709856
69.1,-24.0667358862138,6.951402266486,40.0441159966235,47.2341083925411
69.2,-24.2855140291114,6.22138875274347,39.9731586453669,47.1841634635881
69.3,-24.3487634607268,5.52747498320342,39.9786473585136,47.1349923769247
69.4,-24.5906914060303,4.6758837720753,40.104640933999,47.2752389451556
69.5,-24.669728792768,3.95080133915631,40.0944633823217,47.2416166514922
69.6,-24.824061563812,3.15695697442172,39.9911391013887,47.1751164968239
69.7,-24.8851424160438,2.43776832200581,40.0279516198793,47.1958678100313
69.8,-24.9363718114322,1.55236321327487,40.0128248545737,47.172646984314
69.9,-24.9925864230484,0.796701853479347,40.0648786479075,47.2277313771097
70,-25.0189108615608,0.0334022582672612,39.9748300544179,47.1586053047498
70.1,-24.9994918052325,-0.79271256871997,40.0047733824183,47.1803441818215
70.2,-24.8514088256989,-1.63268178380202,39.9963524788517,47.1165192054945
70.3,-24.822381901979,-2.37251953440883,39.9611932521389,47.1028285601155
70.4,-24.7386456791028,-3.22029552719652,40.0519605158353,47.186125444676
70.5,-24.7929161952239,-3.86800273349487,39.9684235035848,47.1924254088687
70.6,-24.4775486518369,-4.72286475136446,39.9099575269239,47.0559300116744
70.7,-24.3535900103202,-5.4903115686074,40.005671211235,47.1560663814592
70.8,-24.2571056660973,-6.19494044817367,40.0309081333622,47.2150195216979
70.9,-24.1224930048445,-7.00648066709613,39.9736213474449,47.2109716457527
71,-23.7290931479629,-7.72395801264422,39.9852737836169,47.1333375495157
71.1,-23.5176654005659,-8.56612138942829,40.0619707290899,47.2379140124736
71.2,-23.1721602379124,-9.15773733972019,39.9769424910424,47.1059348087574
71.3,-23.0243878058966,-9.86000635581641,40.0443313317509,47.232304950956
71.4,-22.5605869237073,-10.5773246200519,40.0051690212291,47.1303875103656
71.5,-22.3394868193588,-11.3615682772056,40.1068755794877,47.2937561821687
71.6,-21.9828504384097,-12.0331273055029,40.0289919812853,47.2267092351958
71.7,-21.5511319101048,-12.7935051411261,39.9918878072734,47.196145507788
71.8,-21.0744268406815,-13.5328104383939,40.0076514290577,47.2004300604743
71.9,-20.6475426164104,-14.1373595510843,40.0395648791211,47.2160217180828
72,-20.2195449716882,-14.6822660666035,40.0151710880343,47.1764014409462
72.1,-19.7710714417162,-15.3297377811671,40.0450697663031,47.2176210643958
72.2,-19.1988792960284,-15.9337923413735,39.9804273986407,47.1266090396865
72.3,-18.7729774904171,-16.6330320394546,39.9620871825721,47.1810433401883
72.4,-18.1781636986566,-17.129339128604,39.9275990849353,47.0964230396025
72.5,-17.6895085001609,-17.6584223488894,39.960968315922,47.1340384390638
72.6,-17.1445836027145,-18.2380323398508,39.923828183396,47.1219123907045
72.7,-16.5393703512698,-18.7264684117195,40.0408371335326,47.196398476427
72.8,-15.9675920409642,-19.3489211095567,40.03865235582,47.2486870310776
72.9,-15.2871564468612,-19.7118885915668,40.010608344488,47.1498089516083
73,-14.6941759295742,-20.2169920344711,40.0217197532197,47.1845697784392
73.1,-14.086543280317,-20.7142333226895,40.0330032587388,47.2244800251867
73.2,-13.3415576753591,-21.1459659351063,39.9966258614844,47.1686242839154
73.3,-12.7445765003401,-21.5100901325541,40.0836994042749,47.2420487025689
73.4,-12.0409637810662,-21.8522014934259,39.9712628615347,47.1190553134519
73.5,-11.3067456929844,-22.2895898224838,40.0868385760929,47.2400565161191
73.6,-10.6244711304915,-22.6691912366841,40.0311770308963,47.2151114856987
73.7,-9.98314158602914,-22.9259758826477,39.939873417295,47.1217250818346
73.8,-9.1480177968245,-23.2171479072065,40.0108651598966,47.1549734110788
73.9,-8.44304552164876,-23.5251398289267,40.0085535145069,47.1741621650491
74,-7.75683955153562,-23.7787355347401,39.9414244546685,47.126576482144
74.1,-7.00824276024777,-24.0255864711632,40.0141328424156,47.1961343650133
74.2,-6.14635716528527,-24.1820029831198,39.9806850246872,47.1275094793064
74.3,-5.43522710039814,-24.4250342338767,39.9275853911332,47.1204421257397
74.4,-4.67781641769484,-24.480409543781,40.0387547192809,47.1622126001276
74.5,-3.8452064174057,-24.6950644667665,40.0336863487814,47.1945745195655
74.6,-3.02046745762713,-24.8040594157375,40.0704865878612,47.222965626377
74.7,-2.42359493409719,-24.881305026601,40.0643335534175,47.2239766994568
74.8,-1.60606320644602,-24.8514459919352,39.9894541607964,47.1097681058993
74.9,-0.838173634963303,-24.9115547677385,40.0013717261148,47.1317073312563
75,0.0213031242834793,-25.0010518856358,40.0423728675578,47.2064050111411
75.1,0.738095466259369,-24.9707403522159,40.0626380101144,47.213320397792
75.2,1.58335734655431,-24.9520070122049,39.9635087403608,47.14012839678
75.3,2.3928264205491,-24.9106073745824,40.0881933743634,47.2580916465089
75.4,3.21036238077214,-24.8066002750756,40.0668447851142,47.2337368292802
75.5,3.89867579426944,-24.7202584927853,40.0168198539359,47.1978466047054
75.6,4.73605560162755,-24.463950680205,40.1067880832461,47.2172590892316
75.7,5.40189751577344,-24.4221913348209,39.9950221535312,47.1722982631435
75.8,6.26787349572015,-24.1460588666297,40.1129633443034,47.237360480985
75.9,6.91053950492214,-23.9983976014427,40.0118550272844,47.1659536785852
76,7.70958524344718,-23.7528448781592,39.9154516154289,47.0837405278671
76.1,8.51633371653956,-23.5112345411063,40.0274435655571,47.196422830679
76.2,9.15007463206224,-23.2985699480261,39.9970063387771,47.1837656769736
76.3,9.89130593023069,-22.9549405897069,39.997978964292,47.16572433145
76.4,10.6907863818483,-22.7281257840632,40.0151862943203,47.244848918032
76.5,11.358016533381,-22.2571137159942,39.948060035302,47.1193288483966
76.6,12.068079172645,-21.9127780441461,39.9977263443412,47.1765459656178
76.7,12.7580887519195,-21.4852714885792,40.0638417351215,47.217551123673
76.8,13.4040172460241,-21.1250007857036,39.9262659743557,47.117300975148
76.9,14.0094643504576,-20.726705341034,39.9777741505675,47.160193295984
77,14.660139525103,-20.2471961353456,40.0162837429081,47.1823230334367
77.1,15.2305268649451,-19.639528473627,40.0223797031436,47.1112609081186
77.2,15.98732421911,-19.2064271942454,40.0504359602781,47.2071901500516
77.3,16.5416219572658,-18.7595430131321,40.0192754592131,47.1920344901449
77.4,17.0997197257225,-18.2219114087377,39.9609861661887,47.1308697719496
77.5,17.6732284646299,-17.6979368152711,40.0280286542544,47.1996085770438
77.6,18.3023358798698,-17.001047284263,40.0820056407759,47.228998333741
77.7,18.6637214862007,-16.5112704057249,40.0183035146705,47.1425621526633
77.8,19.2702795640439,-15.9737219493602,40.0218783903142,47.2043876909867
77.9,19.754323128243,-15.3059113572061,40.0349854019422,47.1943244560552
78,20.2378067349477,-14.7501295025608,40.0586408011881,47.2422463968641
78.1,20.5820199616598,-13.9959899399931,39.9805894045902,47.0951675784361
78.2,21.1715576983188,-13.4910998909344,40.0258009901932,47.2473213690148
78.3,21.5518952736542,-12.6825978693067,39.9300393918123,47.1141223459886
78.4,21.9246726908203,-12.0737760924312,39.9763358207472,47.1653979881747
78.5,22.3171379698629,-11.3170942658201,39.9912278139267,47.1744588930571
78.6,22.6391614372975,-10.559123699356,39.9309178986417,47.1010077186294
78.7,22.9814733022595,-9.92373443368453,39.9033907605489,47.1052992182602
78.8,23.1720221414007,-9.18722445358429,39.9409482899621,47.0810689511562
78.9,23.5320941015841,-8.43860177492472,40.0365871100745,47.200611861968
79,23.7834648789595,-7.79097933411827,40.0255266269522,47.2058824978224
79.1,24.0021240934093,-6.98261702300481,40.0834774106138,47.2392216575651
79.2,24.232824352736,-6.25200956460994,39.9776523102423,47.1649242970362
79.3,24.4971632575051,-5.40268877628634,40.013990390612,47.2273171020571
79.4,24.6665113272163,-4.70219592134542,40.0482407694213,47.2695358160406
79.5,24.6881551613309,-3.82586139144418,39.9560285060064,47.1235231559493
79.6,24.7613465461135,-3.09350745920646,40.0170332708914,47.1599090645913
79.7,24.9340283441032,-2.41886360009877,40.0281379664336,47.2208481461342
79.8,24.9835564845507,-1.61632668124084,39.9531364359083,47.1491645485212
79.9,24.9023832790996,-0.797279772125226,40.0708949404395,47.1851774325577
80,25.0527171890031,-0.00898763037498677,40.0183046462527,47.2133818539825
80.1,25.0324641454272,0.715313673528076,39.9153264947719,47.120793966442
80.2,24.9526618359247,1.50697524112227,39.9573564710989,47.1327555234556
80.3,24.9048561243014,2.38198386620396,39.9684090424105,47.1529365691306
80.4,24.7893935023826,3.22270731624911,39.9802161940497,47.1520684550013
80.5,24.6024291491788,3.89200651407255,40.000975897249,47.1222379294345
80.6,24.5405148903794,4.66623715960154,40.0052778668135,47.1638940028867
80.7,24.4622458268859,5.2656013905195,39.9699456816886,47.1563843683543
80.8,24.1291547276479,6.10600338450641,40.1225983816493,47.2156995722557
80.9,23.9939566556546,6.91301719457756,39.9613434688942,47.1212132119377
81,23.7622134470229,7.7836515533564,39.934504678747,47.1167983137947
81.1,23.5308679098252,8.47437212843428,39.9571470439896,47.1390531030889
81.2,23.3549650166758,9.1655870143703,40.0011669809687,47.2181716724344
81.3,22.9211034288349,9.95056006063737,39.9850895278017,47.1508007616203
81.4,22.5975922387099,10.5964911258097,39.9543968419768,47.1093475456043
81.5,22.3371725536675,11.3266392647202,39.9618404659427,47.1613266156802
81.6,21.899565879537,12.0668820184842,40.0201735023372,47.1891397942087
81.7,21.5045214024144,12.7510323797229,40.0447014573056,47.2081707154637
81.8,21.0959796796793,13.3727745834262,39.9816639864595,47.1423897764074
81.9,20.6376484571503,14.0907093179113,40.015747364364,47.1775440230985
82,20.1712538749754,14.6798875983423,40.0313357197872,47.1687017236958
82.1,19.7537238858998,15.3370811974048,39.9839328013209,47.1609006410681
82.2,19.2587009426998,15.9344700852107,40.0839633599936,47.2390624117597
82.3,18.8030209569874,16.6068178516174,40.0046302344508,47.2198097884865
82.4,18.1952705991002,17.1909304025146,39.9897132325052,47.1781000539083
82.5,17.6869741115181,17.625421714996,40.0277880106281,47.1774136306426
82.6,17.1274707545506,18.2693945107548,40.0908886368322,47.2694444850843
82.7,16.4827825742524,18.8244023984966,40.0588554496874,47.2308389401411
82.8,15.961153365436,19.2929829065187,39.9315488715445,47.132856920271
82.9,15.2233978885352,19.7057007514407,39.9827751764951,47.1029595268933
83,14.7623154368891,20.3163077664077,39.9952760027128,47.2260565879768
83.1,13.9945141032916,20.7079178508937,39.9463191392092,47.1208308445229
83.2,13.3755897476836,21.050579557184,40.033940432793,47.1672522770628
83.3,12.6598209694164,21.5620609957741,40.0109540795461,47.1812461441907
83.4,12.0920608811561,21.8329554513753,40.0146226815278,47.1600032701479
83.5,11.3613150852021,22.2286931593021,40.1788098636532,47.3025479450657
83.6,10.58556359079,22.631870240737,40.0212745889272,47.1800606914672
83.7,9.96405320694997,22.9525619828877,40.0343089686982,47.2106804917111
83.8,9.14057474815064,23.2642635782265,39.9582699629497,47.1321483172122
83.9,8.51939889236675,23.3662622923642,40.0286817710793,47.1259772878309
84,7.68174442201278,23.8502458016445,39.945321495565,47.1537075058582
84.1,6.9202942617646,23.9371117900502,40.0516180663978,47.169989434548
84.2,6.15573023834866,24.1749254229425,40.0014989577554,47.1427614044771
84.3,5.44723434032088,24.3046313478259,39.9482058288971,47.0770285368567
84.4,4.69552623499165,24.5596892707917,40.0244475361887,47.193036607941
84.5,3.85948195548541,24.7174795617077,40.0209795020984,47.1966968881884
84.6,3.1869241717219,24.8313633309897,39.9316721107548,47.1305795435698
84.7,2.34528085141141,24.9299091112448,39.8674369461928,47.0787981922392
84.8,1.57365780603386,24.8116058962393,39.9906555316366,47.0886898935488
84.9,0.776334212964719,24.9982941946197,40.0065692800119,47.1809600687329
85,-0.0152362696591442,24.9921345281003,40.0828624080658,47.2360336950353
85.1,-0.772960599742671,24.9874357435919,40.0588517039707,47.2194982286937
85.2,-1.59636652676086,24.8716962893307,40.007794500806,47.1356901213421
85.3,-2.39255143099893,24.9044412671393,40.0716456114277,47.2407904166116
85.4,-3.10844838529902,24.8035321508288,39.9951204133224,47.1644709012772
85.5,-3.82007336713832,24.7192342552258,40.070309084483,47.2362485049464
85.6,-4.69897769045544,24.5553690880846,39.9612143247601,47.1375136456821
85.7,-5.51074775528874,24.3203707991335,39.9767017251375,47.116721633093
85.8,-6.19445058670357,24.2383562430764,40.0068378877646,47.1849150599561
85.9,-6.99445290069321,23.9302884873992,39.8815050029328,47.0331321492533
86,-7.87482798090893,23.8146646054827,40.0400271876023,47.2478035805313
86.1,-8.54657388334613,23.5416086069262,40.0603724855494,47.2449436937558
86.2,-9.15200966823298,23.2199635074639,39.9746689787124,47.1264272591613
86.3,-9.90674930943737,23.0270535547858,39.9919012252503,47.1989516928627
86.4,-10.7216414710673,22.6244665156658,40.0487482694941,47.2305231699364
86.5,-11.3804440238164,22.2030579753701,40.0652264209722,47.1986510167466
86.6,-12.070604132135,21.9220360183712,39.9572817479512,47.1472110733035
86.7,-12.6994104951017,21.5059780517299,39.9508731173814,47.1153306443423
86.8,-13.477794072561,21.1329280980714,40.0488817926251,47.2457883403407
86.9,-14.101947638556,20.732996691957,40.0084312456797,47.216487054519
87,-14.6448530104338,20.3550248355764,39.9510945699965,47.168726006698
87.1,-15.4017289087686,19.754064374221,39.9788843903736,47.1778285827032
87.2,-15.9105706723521,19.2538308569841,40.0735229496672,47.220159925468
87.3,-16.5841780812346,18.8127550775312,40.0245968263339,47.2326483202864
87.4,-17.2009081572663,18.1662842874386,40.1032220774063,47.2668334801107
87.5,-17.7662565890088,17.6863677270724,40.0220155094899,47.2250908099241
87.6,-18.1858866091184,17.1238532559974,40.035531611846,47.1889458828629
87.7,-18.6753159575754,16.4868875287772,39.9712983659641,47.0987216340607
87.8,-19.1659324477653,15.9258388204259,40.0193626352269,47.1435541135401
87.9,-19.782262362694,15.2188958885363,39.9158473365494,47.0768261976876
88,-20.2107464707722,14.6101656115517,40.0150716596238,47.1501555885834
88.1,-20.7177570643435,14.0354574241561,39.9972047243657,47.1804610897909
88.2,-21.1336821416116,13.4499318640259,39.9942516435036,47.1918780356695
88.3,-21.4897986459713,12.6973994976518,40.0766009419199,47.2140799222568
88.4,-21.9945490979612,12.0528262830801,40.0775457524973,47.2783299723694
88.5,-22.3579839920191,11.280104143866,39.956104390743,47.155174432588
88.6,-22.6881805342801,10.680119873621,40.0219803150544,47.2289890301455
88.7,-22.9829036396373,9.89228120948496,39.9812170506579,47.1653347712937
88.8,-23.3212186504689,9.25833002976811,39.9908819896197,47.2108732877372
88.9,-23.5070776595547,8.44849991183498,40.0584868628198,47.208497334604
89,-23.7915623507983,7.74139671771776,39.9818662749602,47.1647886994294
89.1,-23.9064633889071,6.94239705187473,40.0905834539462,47.190790947693
89.2,-24.1586633650413,6.26134169432749,39.981270856687,47.1311726431062
89.3,-24.4177339592187,5.53454567422596,40.0470938378972,47.2295103974688
89.4,-24.6109576710155,4.63449369007986,40.0116084839864,47.2028238850571
89.5,-24.7078528718766,3.96198010077217,39.9583420064273,47.1470505520741
89.6,-24.7982676975866,3.13863972162169,39.9559853358348,47.1305198810787
89.7,-24.9411739140629,2.3088564890317,40.0125590057481,47.2059090865429
89.8,-24.9348617556446,1.55922335626988,40.0401960758008,47.1952943632776
89.9,-25.0066275905227,0.758004548994776,39.9781242995661,47.1609628491504
90,-24.9932319753928,0.0292763995514091,40.0057083696615,47.1711692015554
90.1,-25.0026868414796,-0.725100049320239,39.9539503225048,47.137864458923
90.2,-24.9721022320271,-1.63603177474208,39.9811647213038,47.1675314419443
90.3,-24.7507673667891,-2.35227763666693,39.9974917522775,47.0949364772731
90.4,-24.747418738163,-3.10227763677429,39.9422677579037,47.0897400118294
90.5,-24.7211408642929,-3.84566251255731,40.0604758091578,47.2309818641199
90.6,-24.4962855185684,-4.68277505044942,40.0222206478067,47.1569139359443
90.7,-24.4020921992945,-5.39533351336342,40.0558764102605,47.2127627068927
90.8,-24.1558652972487,-6.21157270484568,40.0318374849793,47.1660627586213
90.9,-23.9784941424151,-6.99264086879507,40.0749848009633,47.2214952585708
91,-23.7877434192048,-7.65073237621158,40.0071990971609,47.1695497378362
91.1,-23.5966360431349,-8.46933664666262,40.0115710554847,47.2171231029039
91.2,-23.2908441725432,-9.20923266853067,40.0547271107575,47.2403911132208
91.3,-22.9359086592026,-9.92991742387475,40.0134320389884,47.177684445159
91.4,-22.6023318171995,-10.6230892266321,39.9418692469688,47.1069883057039
91.5,-22.3002227083763,-11.2956027972054,40.0224531632908,47.18778796048
91.6,-21.9728344423143,-12.0601993783547,40.0723369790418,47.2656963710142
91.7,-21.4716237749305,-12.771143347487,40.0490586608266,47.2023286454445
91.8,-21.0672930397337,-13.3972610936179,40.0111841817698,47.1615553227423
91.9,-20.6705621534335,-14.0332394522804,40.0212227559055,47.179468205373
92,-20.2876271404753,-14.7613349495161,40.0526247388127,47.2620098276714
92.1,-19.7966401029558,-15.2719849191348,39.934351033991,47.115739145664
92.2,-19.3699141743782,-15.9377489573491,40.0436661280119,47.2514615003805
92.3,-18.6869040643602,-16.5599900322205,39.9591414010398,47.1186442386253
92.4,-18.3083198335405,-17.2374460487576,40.0282482996326,47.2713949799251
92.5,-17.6659216298599,-17.7320785214046,40.0243190225491,47.2065409550456
92.6,-17.1286085892963,-18.1890542658054,39.9554068713438,47.1239372882228
92.7,-16.5253507133458,-18.7937735159198,39.9810354313439,47.1675347387283
92.8,-15.9123515264859,-19.2938400565957,40.0214242754924,47.1928977312363
92.9,-15.2579647408452,-19.759569454644,39.9636128143511,47.1204459045237
93,-14.7176072193653,-20.2450877630557,39.9610261107516,47.1524670470329
93.1,-14.0943244085927,-20.7650811578442,40.06729185418,47.2781815698801
93.2,-13.4365427705542,-21.1508381521843,39.9634525531994,47.1696531271606
93.3,-12.6807169114056,-21.5133635550894,39.9985706125941,47.154120115758
93.4,-11.9694711535184,-21.9040437124308,40.0689306240108,47.2077808417509
93.5,-11.3390125518197,-22.2922343934471,39.9521426237272,47.1348132501801
93.6,-10.6265497433751,-22.6304886314078,39.9755879604548,47.1498696491174
93.7,-9.90347029193767,-22.8858720017538,40.0218675764458,47.1549758287555
93.8,-9.25722391637131,-23.2585732647081,40.0847787729659,47.25935795401
93.9,-8.37428909609339,-23.5454820374845,40.0134850112288,47.1762379274385
94,-7.73658858034514,-23.81579950438,40.0593224052739,47.2418926426962
94.1,-6.99912456632459,-24.0121881813852,40.0307329988894,47.2020392608365
94.2,-6.2145839853121,-24.1629577198157,39.9778777993041,47.1243068194769
94.3,-5.5118773932844,-24.4181402371309,39.8779218320669,47.0837022193798
94.4,-4.78111449771509,-24.5187094878724,39.9545467954724,47.1210354345333
94.5,-3.88776171762198,-24.7436156697104,39.9655147005145,47.1657033538183
94.6,-3.1640947315517,-24.8152043372431,40.0111486462135,47.1878996964132
94.7,-2.33121712668537,-24.8568038029333,40.0184879381729,47.1675168463102
94.8,-1.58659089352646,-24.9824586019209,39.8969541402369,47.099973016216
94.9,-0.810422220459479,-24.9700665537593,40.0398213716045,47.194791061563
95,-0.0301709043048768,-25.0763978708226,39.9845000481093,47.1973186161726
95.1,0.747894330046194,-24.9468093021865,39.9959261384613,47.1442122424569
95.2,1.61275059515219,-25.0166928752179,40.0237535769922,47.2264410821622
95.3,2.31742416897772,-24.8110752613194,39.981080600874,47.1110041966354
95.4,3.15207605293672,-24.859551698914,39.9931372498642,47.1951684094987
95.5,3.90760220680168,-24.6561890223138,39.9385597615736,47.0986790466512
95.6,4.73129598584391,-24.5899705567275,39.9923948481176,47.185203818296
95.7,5.49089455852559,-24.3664213183247,40.0404837946716,47.1922954879958
95.8,6.25232606536142,-24.2322724450935,40.0793470294554,47.2509118154174
95.9,6.94227615488415,-23.9601855617434,39.9901372475319,47.1327568410791
96,7.64991198147376,-23.8187115326513,39.9909596755824,47.1712733363644
96.1,8.44660249265698,-23.5724720116549,40.0462962567427,47.2304178924135
96.2,9.22483722910658,-23.2451551000792,40.0148655174862,47.1871202756934
96.3,9.82562732693255,-22.9783353277198,39.9918940572676,47.1582276711987
96.4,10.6434440753916,-22.6457431164124,40.0352245309461,47.2115641164725
96.5,11.3584877944067,-22.2002445468936,40.0200771033303,47.1537132607186
96.6,12.014644968064,-21.8124580549888,39.9120066446243,47.0436318167487
96.7,12.7665322583784,-21.5337954086314,40.0209303657257,47.2055458388448
96.8,13.345582546183,-21.0866349597764,39.9847306367315,47.1331033512098
96.9,13.997702149816,-20.6732734892359,40.0015065267995,47.1533713179587
97,14.7262976051785,-20.2850517982089,40.0042918114673,47.2090090019833
97.1,15.3218070617583,-19.722937293649,40.0608567950359,47.2083072592031
97.2,15.9679514664674,-19.2396110950477,39.9930463894485,47.165473268406
97.3,16.5232294267455,-18.7268575142855,39.9909926682345,47.1486139524802
97.4,17.0962359943129,-18.1968585712419,39.958511562713,47.1178267043641
97.5,17.6996163626014,-17.7226130453085,40.0634518472011,47.2487841795957
97.6,18.2176950584784,-17.1443297758261,39.958338187511,47.1431993760869
97.7,18.7597394300876,-16.5993122680387,39.9862559341763,47.1843793526003
97.8,19.2458960307013,-15.8861554639732,39.9668936412566,47.1182240410396
97.9,19.6649332601,-15.3207504248544,40.0334815134718,47.1605198846912
98,20.3478799719797,-14.7107044963592,39.9924799910808,47.2211764145102
98.1,20.599493759162,-14.1112102035816,39.9809464161445,47.1374741885269
98.2,21.1934982389306,-13.4354201629769,39.9823154122604,47.2044534793567
98.3,21.5100398961678,-12.7384786638433,40.0602247423135,47.2204644344863
98.4,21.8848250910441,-11.9816438259889,40.0162818803614,47.1572706331376
98.5,22.287289745815,-11.3458479112293,40.0702531223805,47.234274995286
98.6,22.6972834112668,-10.6959498267691,40.0667453788933,47.2748781299878
98.7,22.9854720038961,-10.0132337887382,40.0086471640959,47.2153430788227
98.8,23.3073831154655,-9.27436161411392,40.0750951837053,47.2785484656993
98.9,23.5533200092842,-8.48562829219304,39.9378951490122,47.1359760682486
99,23.8108619646138,-7.69105667335511,39.9723203314702,47.15820069651
99.1,24.1199428982165,-6.94302547344013,40.0541313751339,47.2684957276467
99.2,24.1512431509895,-6.16904939174246,39.9885194769496,47.1213476684863
99.3,24.3960081665917,-5.45858486686497,39.949545945746,47.1267183716886
99.4,24.5041321023949,-4.72913967540039,39.9680710585239,47.1196769545408
99.5,24.6660784359894,-3.98946510190227,40.0141460605243,47.174814701943
99.6,24.8377213980562,-3.10271836194328,39.9931947650154,47.1804503263105
99.7,25.0553534369838,-2.29481440774059,40.0387691547237,47.2878414018171
99.8,24.8983270888384,-1.5946228229531,40.0402519277051,47.1772327315238
99.9,24.9978206899994,-0.784671342990336,40.0214611994047,47.1934752365337
100,25.0506114349753,-0.00173513509358379,39.947275867934,47.1520729718815
100.1,24.9497129195233,0.830979340308836,40.104997661432,47.2397029928651
100.2,24.9899371943777,1.61193026815148,39.9623924844881,47.160238477478
100.3,24.869047649714,2.36756141603556,39.9280845088593,47.0991168771672
100.4,24.8369859788796,3.1371316069536,39.9153787777692,47.1163976785917
100.5,24.7582082392825,3.82221729387331,40.0117010046595,47.2071439249138
100.6,24.6524801454832,4.61683050694847,39.9579529694336,47.1773028771337
100.7,24.3927195160359,5.3948591194863,39.9145258108698,47.0879882880305
100.8,24.236913330706,6.17034199702631,39.9714477881492,47.1510098135889
100.9,24.0576903927672,7.02384814975397,39.9876123401344,47.19233042063
101,23.7478988240326,7.80703316541445,40.0113478404397,47.1786013083371
101.1,23.581453413775,8.4012618814953,40.0653688620696,47.2429881396298
101.2,23.1603927755799,9.25448575344864,40.0172705756801,47.1532739521564
101.3,22.9564493574564,9.83779841059719,39.9790363501728,47.1392001645918
101.4,22.5762457684333,10.6363625162059,39.9515368612194,47.1056724625201
101.5,22.2179331478677,11.3000559308214,40.1153369664263,47.2288902826728
101.6,21.8043282872241,12.0124395063572,39.9122676894812,47.0395211186055
101.7,21.5497601949277,12.7105283716071,40.039598939852,47.2135486826452
101.8,21.085227988291,13.3940626958744,39.9819505430138,47.143866239875
101.9,20.7079050359749,14.0427206756642,40.0781203657927,47.2469159523524
102,20.1529771372224,14.7753892319387,39.9907810196935,47.1563058457061
102.1,19.7138543553493,15.2420901542634,39.9896262531464,47.1182297384033
102.2,19.2691646204983,15.8927632104621,40.021760002267,47.1764973404633
102.3,18.8062160366121,16.4671524372953,40.0221809290921,47.1870303932111
102.4,18.1880000349606,17.1282070394587,39.9727849610154,47.1381200218875
102.5,17.697513015676,17.6191371869306,40.0056554525721,47.1602420513489
102.6,17.1682727064601,18.2548312965484,40.0536233852643,47.2470231832379
102.7,16.5607314601771,18.7556930190129,39.9491562481177,47.1377654546338
102.8,15.8983633423804,19.2637378168402,39.9411402421913,47.1077937871081
102.9,15.2525405067827,19.7688222686719,39.9905246492599,47.1453962495221
103,14.822288707155,20.1705550900313,39.9554097549626,47.1485556920379
103.1,14.0559643961065,20.6393529929818,40.0228064488874,47.173912951107
103.2,13.513362614007,21.0724818001579,39.9633987593684,47.1564809835924
103.3,12.7457796645394,21.5330325697606,39.9946017050078,47.1772673694606
103.4,12.0632249243006,21.8631601493881,39.9839792894364,47.1406169572497
103.5,11.3445657176142,22.244724051018,40.0095575135752,47.1623961632495
103.6,10.6414604856062,22.6840262490018,39.9306218355239,47.1408558291397
103.7,9.95013196368881,22.8921864074393,39.9445971842387,47.1023159602461
103.8,9.24571916830206,23.2567739804965,39.9468957695203,47.1393184140366
103.9,8.53432931416375,23.5594742555489,40.1254182111392,47.3067943392837
104,7.74520699798108,23.7617018838807,39.8812302681907,47.0650532302306
104.1,6.96442023874932,23.9668625163427,40.0311640283736,47.1742275146687
104.2,6.20485116506125,24.1884481381318,39.9063827785976,47.0754775629903
104.3,5.50083867233867,24.4129331979804,39.9217052478635,47.1168025583809
104.4,4.67891025455531,24.5713927664872,40.0010563857549,47.1776435998186
104.5,3.89355983801442,24.8027835022754,39.997832898457,47.2246176717804
104.6,3.08387862728893,24.7728140434954,40.0394352020656,47.1843087723224
104.7,2.31291112888503,24.8220642765689,40.1010714620343,47.2184324733829
104.8,1.52459800362232,24.9759011390238,40.0556171227943,47.2289371028698
104.9,0.73272927649029,24.9046087220145,40.0188485883015,47.141114434458
105,-0.123859897153261,24.9256550369015,39.9961966468704,47.127479950745
105.1,-0.757598619757078,24.9920394477012,39.9742323568233,47.1499230533986
105.2,-1.58542799769432,25.0168765490102,40.0931462056939,47.2844378931952
105.3,-2.33789569481585,24.9059621335395,40.0242038138174,47.1986185921488
105.4,-3.21382961308842,24.7179396673489,40.0029661793611,47.1332424656714
105.5,-3.81385819210706,24.8111718949271,39.9494273873523,47.1815272504659
105.6,-4.65251098212727,24.520764422282,39.9814876314746,47.1320814256874
105.7,-5.5231935933912,24.3780895868611,40.0858329069638,47.2405643406187
105.8,-6.24382387861643,24.1938189121221,39.9667697426132,47.1345827799377
105.9,-6.88216946267095,23.9230539649355,39.9949327799683,47.109143651698
106,-7.6490572149317,23.7755559761638,39.9200944249329,47.0892671120347
106.1,-8.47669567009742,23.450343052574,40.0222647204522,47.1545823024742
106.2,-9.1639950745065,23.2336314659811,39.8944109106092,47.0674458487726
106.3,-9.99583766411534,22.9038481820501,40.0375946832924,47.1965255095897
106.4,-10.6127186242592,22.6417301374588,39.931849890625,47.1150758876882
106.5,-11.2491690094287,22.3095095726851,40.1017868301029,47.2484002665004
106.6,-12.0278902874078,21.8530365985515,40.0289402522865,47.1650443767911
106.7,-12.7018228957491,21.4964959343997,39.9482878573293,47.1094613115527
106.8,-13.3946366403584,21.1034473445764,40.0097060713677,47.1757179115462
106.9,-14.0678299405817,20.6036894484126,39.9829519502422,47.1280415971121
107,-14.7380030878621,20.264234655555,39.9452144600289,47.1536647510131
107.1,-15.3374880484902,19.7824942715733,40.0724267104759,47.2481216738705
107.2,-16.0263483073839,19.1950586527668,39.9750164873136,47.1518404721782
107.3,-16.4703007426573,18.734996135593,39.9765545863309,47.1210759994735
107.4,-17.1459879128069,18.2011703866927,39.9486431477326,47.1292010784866
107.5,-17.7562172090755,17.689895341741,39.9770517197312,47.1845346589291
107.6,-18.1756616661735,17.0054983537284,40.080518042099,47.1803939977708
107.7,-18.6925457613137,16.5655728841237,39.9790782964791,47.1397515209194
107.8,-19.1896901493859,15.9717178759485,40.0363057253361,47.1831088004056
107.9,-19.6755263663112,15.3057497189848,40.0640236036728,47.1859968588909
108,-20.261893060963,14.7066403359878,39.9188664173033,47.1205419793587
108.1,-20.6932271169763,14.0638560040973,39.9448237851071,47.1337526772695
108.2,-21.0688993280893,13.3520259690453,40.0714935294276,47.2006325175223
108.3,-21.4418917565428,12.6893087362123,39.9895930121565,47.1162480210397
108.4,-21.9939709313361,12.0750676222484,39.8545651429691,47.0948869639316
108.5,-22.2285877126456,11.3683198051856,40.017792635351,47.1674944670343
108.6,-22.6692143520705,10.6656002036158,40.0122216969432,47.2083275722496
108.7,-22.9998122932827,9.97837389338783,39.9694042512321,47.1816975879513
108.8,-23.2425285836748,9.27584352190966,39.9176806278656,47.1134549222849
108.9,-23.4988438804696,8.51189823539085,40.1257246561947,47.2728447892983
109,-23.7575768947437,7.68317393803342,40.0307672999806,47.179613736199
109.1,-24.067310994672,6.98351530006094,40.0047575086495,47.2057789659942
109.2,-24.1634615677752,6.25433682980877,40.0350040606074,47.1782911332204
109.3,-24.4246445076104,5.48940717490364,39.997094489601,47.185425907425
109.4,-24.6128119619111,4.6945260831899,40.0255093432007,47.2215044868415
109.5,-24.6701533489469,3.87824826470274,39.9739108271919,47.1335424372443
109.6,-24.6969600898544,3.14331636310566,39.930753688158,47.0561937001153
109.7,-24.8698596205347,2.3689385614856,40.0166136904095,47.1746876905472
109.8,-24.9121090851688,1.50194693908999,39.9868374515856,47.1361452927445
109.9,-24.9460511705251,0.776307746332684,40.0531219700155,47.1928035007925
110,-24.9898380246525,-0.038108125408417,39.9869985974225,47.1535100873504
110.1,-25.0356456095855,-0.805403911348868,40.0439796046438,47.2329601986399
110.2,-24.9607707798634,-1.60850585241332,40.0724754772574,47.2380213374515
110.3,-24.8926924461762,-2.36613874023735,39.9833057407553,47.1583448364834
110.4,-24.8487825393217,-3.13068781233701,40.0425808610489,47.2299849870657
110.5,-24.6791470004117,-3.87989480481081,39.9942832971926,47.155663252895
110.6,-24.557839860913,-4.65409067467936,40.047604701716,47.2076127439981
110.7,-24.5208554606997,-5.33758480358345,39.9951183878492,47.2162224126204
110.8,-24.2367788268053,-6.28675177676333,40.059676686434,47.2411091320234
110.9,-23.9619645249994,-7.031509300372,39.9936031351199,47.1498267087804
111,-23.9226171721805,-7.67001420951199,39.9351941829284,47.1798735137031
111.1,-23.4998204096013,-8.50205720389624,39.9596882528967,47.1307035938414
111.2,-23.2455977189366,-9.13310172878762,39.9909166290603,47.1491757439244
111.3,-22.9469123652502,-9.84203251799107,40.0340854952336,47.182140610864
111.4,-22.5971195203085,-10.6444295959628,40.004291005494,47.1622411563611
111.5,-22.2210442973482,-11.2358467725437,40.0371842785905,47.1486498992135
111.6,-21.9356419605239,-12.0948283841261,39.9721378076519,47.1723336583603
111.7,-21.4897537704833,-12.7754963046024,39.9977386037384,47.1682299472632
111.8,-21.0926443967137,-13.3578974908988,39.9217653349053,47.0858834522495
111.9,-20.723354903996,-14.0798933684104,40.0453381734144,47.2369552910208
112,-20.165743736005,-14.6155512566069,40.1579694039582,47.2539317476332
112.1,-19.6830634447229,-15.3858595924675,39.9145874409389,47.0884481858181
112.2,-19.2455815053212,-15.9244344638793,39.9600068126168,47.1251754897182
112.3,-18.7208742258016,-16.5061331386601,40.0526107646994,47.1925332233604
112.4,-18.1904650877083,-17.0817058541404,40.0161528744416,47.1589883889083
112.5,-17.6515687283593,-17.720707370359,40.0513560348474,47.2198313053742
112.6,-17.0772426516314,-18.2476699672298,39.9794602586627,47.1483501131231
112.7,-16.4798641189359,-18.6733560117975,40.052439182228,47.1643724708386
112.8,-15.9215016561905,-19.3119669923306,40.0212968836247,47.2032889568955
112.9,-15.3000077546261,-19.6830530114635,39.974345495126,47.1111569684656
113,-14.6698965359899,-20.2156773422386,40.0111115039787,47.1674518981677
113.1,-14.1349297561203,-20.6604422117689,39.8932002304851,47.096895186688
113.2,-13.2839084223291,-21.0795572269124,39.9933221340987,47.1198023253206
113.3,-12.6709507148333,-21.560704125229,40.0861367646391,47.2473842144383
113.4,-12.1580780491432,-21.901657783963,39.9952627774991,47.1923989661057
113.5,-11.340438445807,-22.2467875849586,40.0780230339658,47.2204725972168
113.6,-10.7265672432916,-22.6315634017574,40.0160331891165,47.2073068393559
113.7,-9.94614657941914,-22.9105878146924,39.9531097046,47.1176383200795
113.8,-9.14103816765837,-23.2501327536674,40.0199457157413,47.1775720754748
113.9,-8.40054158086565,-23.594049133273,40.0013748022376,47.1948963281438
114,-7.72458974436139,-23.8088568301426,39.9879370468648,47.175905497838
114.1,-7.02349690876669,-23.9190898932698,39.9188106050212,47.0634020260895
114.2,-6.23243588066695,-24.2804557873362,39.9936659153971,47.2003930449717
114.3,-5.43909498359436,-24.3275694325627,39.9050061348065,47.0512901348695
114.4,-4.60534744680135,-24.5120766760561,39.925290090715,47.0752580121061
114.5,-3.90026475243935,-24.7201040476765,39.9939001976197,47.1784660865976
114.6,-3.16521375652642,-24.882863614878,39.9634471297638,47.1831811803163
114.7,-2.34820875852545,-24.8593933018543,40.071537434986,47.2147395641804
114.8,-1.56091919559775,-24.9583658435045,39.9787470638449,47.1556646767733
114.9,-0.761914329611796,-24.9331159879991,40.0303237962247,47.1663821969343
115,-0.0456588223799284,-25.0025089558782,40.0034267704811,47.174163396907
115.1,0.795929073151583,-24.9902813203677,40.042118537284,47.2071914067604
115.2,1.5756275649267,-24.9251311654168,39.9733503720385,47.1339952242788
115.3,2.45849228304695,-24.9084906236792,40.0639829626722,47.2398118147078
115.4,3.11191645170811,-24.8116766810166,40.0057253361343,47.1779756178234
115.5,3.92350848226958,-24.6968528742783,40.0232146133872,47.193073312653
115.6,4.77245422878592,-24.5744318199611,39.9769243026544,47.1681406813957
115.7,5.36915317467117,-24.3934636032235,39.9322185662431,47.10043473257
115.8,6.25856783697971,-24.1432189283327,40.0327679538155,47.1665898877109
115.9,7.01392175671452,-24.041336194902,39.935325294454,47.1382132756374
116,7.60481158847153,-23.772754564028,39.9964226954638,47.1454223365522
116.1,8.44998318709068,-23.4882125007751,39.961729645668,47.1172811038279
116.2,9.24648438341896,-23.2726573066747,40.0277388369087,47.2158228559294
116.3,9.8449133499429,-22.9720392260135,40.0404843696165,47.2003950579112
116.4,10.656765404731,-22.5778988364938,39.9895545060438,47.1433201456396
116.5,11.3402550657296,-22.2383775950008,40.0566427579742,47.1983204367868
116.6,12.0521580339907,-21.8982647422247,40.0019142930869,47.1692872440142
116.7,12.6204518503319,-21.5080150990399,39.9994115883476,47.1362222268726
116.8,13.5238232577803,-21.1969883529536,40.0539174385521,47.2918852755658
116.9,14.1406303363989,-20.6541433466389,40.0979416605317,47.2693980192851
117,14.7625196461849,-20.2241883600473,40.0217343653202,47.2089928163578
117.1,15.3677877923791,-19.7507287932636,39.983620407293,47.1693766163084
117.2,15.8723485718117,-19.2827150245401,40.0053565667144,47.1612457631547
117.3,16.5674250887949,-18.8130947321762,39.920092515304,47.1383696568421
117.4,17.0829328878889,-18.2810709926315,39.9899945493379,47.1722780533846
117.5,17.5714164081702,-17.6227634424705,39.9974241988554,47.107434747413
117.6,18.2009211043857,-17.1308255189649,40.0639406087014,47.2213727998969
117.7,18.7502648901686,-16.5407784941747,40.0552225973193,47.2185413155219
117.8,19.2926716553279,-15.9836187655173,39.9824620393097,47.1834771839309
117.9,19.7578205939615,-15.4682453734068,39.934685350116,47.1637274138491
118,20.1918900486633,-14.6655111764913,40.0808677907413,47.2150993291763
118.1,20.8142676477047,-14.0477686662878,39.9630987307367,47.1976991216143
118.2,21.0968989838802,-13.3944500837885,40.0140722658817,47.176439237
118.3,21.4652989039096,-12.7452768215499,39.9251240744347,47.0873302561435
118.4,21.9735661737678,-12.0234160492431,39.985718418638,47.1832366560493
118.5,22.2982137210734,-11.3960239220744,40.0878117912691,47.2663976900649
118.6,22.5568777297986,-10.7084725508325,39.9478055027579,47.1095667754989
118.7,22.8568589210497,-9.93856458009711,39.991866081868,47.1228226909169
118.8,23.2635143250611,-9.2425677907645,39.9713017814834,47.1627090424799
118.9,23.5350668457231,-8.48793513655189,40.0666624968177,47.2364462883149
119,23.7224300185967,-7.69838135483387,40.0322534035295,47.1656662630358
119.1,24.1396420511024,-6.94784378309491,39.957019156411,47.1970150693393
119.2,24.1968031032393,-6.14657640095619,39.9486927950198,47.1080007843741
119.3,24.3844597231972,-5.47197575034919,40.0172176579525,47.1796789273579
119.4,24.6702687942133,-4.78617374031272,39.9811074350877,47.2230724666155
119.5,24.6734407916433,-3.94242181494821,40.0461274727479,47.2018399623286
119.6,24.8435161280017,-3.04159389634496,39.9121236456627,47.1108183004629
119.7,24.8680138981982,-2.34180261003311,39.9587346681142,47.1232705887663
119.8,24.9181281009843,-1.48773989097529,40.0336769887632,47.1786156142896
119.9,25.0462811422303,-0.831826552537536,39.9335320717514,47.1454676315205
120,24.9888300347639,0.000611234832665486,40.0489054278805,47.2054705818218
120.1,25.0653523399546,0.744023236183586,39.9007988182349,47.1264172713703
120.2,24.896215346049,1.58425549963081,39.974365631543,47.1198611170411
120.3,24.8602661533407,2.41363080788555,40.1108520465541,47.2518666170159
120.4,24.6912388664238,3.20115275926004,40.0213234846552,47.1339685281255
120.5,24.7218407203713,3.92244808618076,39.9561746498239,47.1492407175282
120.6,24.5354529565768,4.67362051218902,40.0364791076221,47.1884608756358
120.7,24.4521395820481,5.50747944620274,40.0477917481389,47.2447360442686
120.8,24.210245310035,6.23494265179883,39.9689444395398,47.1436847038319
120.9,24.0499471798765,6.87423073533656,40.0264409969336,47.1992689184748
121,23.7446103412967,7.71675317234772,40.0144206521956,47.1646971782265
121.1,23.5492010251156,8.42660896950426,39.9875194595966,47.1653932473572
121.2,23.2693328386482,9.19774966157204,40.0038879785219,47.1844413232886
121.3,22.9834548594499,9.92374976739555,40.0123639588014,47.1986151946627
121.4,22.6754961507694,10.662280563882,39.9177481591216,47.1305524113769
121.5,22.2858230410769,11.3243182800566,39.9818885954191,47.1534676220395
121.6,21.9347423148363,11.992068053908,39.9828383233728,47.1547450106647
121.7,21.4749243949261,12.7262704890282,39.983482165431,47.1360709478531
121.8,20.9881024551591,13.481178419908,40.072091170214,47.2018549107086
121.9,20.8023682347437,14.0807299734633,39.9965578160632,47.230605732863
122,20.236745157732,14.6786783653379,40.0834204721219,47.2405551393815
122.1,19.7976051759061,15.3980998829585,39.938544388243,47.1607249579382
122.2,19.2624333531181,16.012685564957,39.9818272269168,47.1804402913806
122.3,18.6878667043486,16.4867835285476,40.0245115402332,47.1488273142711
122.4,18.244555619736,17.0236904492327,40.0058597832837,47.1501714023681
122.5,17.6662494100234,17.7182354711775,40.0140078175738,47.1927225115706
122.6,17.082214905807,18.3156491269731,39.9320271714793,47.1363115130398
122.7,16.5320242579508,18.7809002960407,39.9919552110041,47.174002624266
122.8,15.8565166015223,19.2933402513721,39.9663442056727,47.127176511604
122.9,15.3328317612821,19.7633764349294,40.0473696108321,47.2173547615186
123,14.6552990418938,20.2311184512465,40.0275374990762,47.1834685248515
123.1,14.0943718915297,20.5916964347516,39.9613956450998,47.1124444598442
123.2,13.3345196636902,21.0454664736878,40.0056019983612,47.129282458019
123.3,12.7220416801638,21.5105176202462,40.0266508500775,47.1877684477318
123.4,11.971821336416,21.9276587889845,40.1069950690704,47.2516431412457
123.5,11.2694603020853,22.294910853366,39.9483186367693,47.1161537836511
123.6,10.629851207174,22.6481647673396,39.9752601223666,47.1588223545297
123.7,9.92251135176623,22.8941009595667,39.9709756109404,47.1197939465269
123.8,9.22274278065522,23.253599442271,40.046139494808,47.2173925567405
123.9,8.43031621811514,23.4472792661218,39.9838828743516,47.1121643127418
124,7.76528984076214,23.7593173089516,40.0226848057693,47.1870764548986
124.1,7.07643578695043,24.0519716767874,40.0169505522036,47.2221305796903
124.2,6.28858739476444,24.2312849080121,39.9730568704811,47.1651012432451
124.3,5.36282661336962,24.468630490681,39.922619030983,47.1305558811643
124.4,4.68058412968083,24.5206303761323,40.0566416452312,47.1985563522063
124.5,3.87599188562053,24.6917900821344,40.048729439561,47.2081406145248
124.6,3.11342562890516,24.778299452208,40.0359913056957,47.1862071236898
124.7,2.43382622867889,24.8735411189325,39.9253229889167,47.1025261920839
124.8,1.55516289492332,25.0018731807169,39.9385163174339,47.1444299977456
124.9,0.785101276835473,25.0175909947414,39.9162588380344,47.1147955829165
125,0.0120432211280523,25.0820368343198,40.0092479214283,47.2212731301864
125.1,-0.759491436112866,24.9376094736335,40.0323037971719,47.1703989893031
125.2,-1.55727625491296,25.0587234373288,39.9570257901305,47.1903447713173
125.3,-2.48667203564875,24.8081267914777,40.0566358339262,47.1822081620465
125.4,-3.1450360203839,24.8641200556422,40.0162883695495,47.2167242890254
125.5,-3.90803330049586,24.6842837885564,40.0190587682985,47.1816877096645
125.6,-4.78454410666368,24.5314511519718,40.0353106696588,47.1965047259465
125.7,-5.46423450558209,24.3993577411388,39.9660988654994,47.1431392191795
125.8,-6.32159091435928,24.3038502536541,40.0848062051446,47.3014940286726
125.9,-7.0292921755533,23.9612490019958,39.952141204138,47.1139680882466
126,-7.7381238143251,23.7614691380693,39.9887542991291,47.1549196390086
126.1,-8.58406502269486,23.5569188912097,40.0452230847287,47.2465288869624
126.2,-9.19633773647252,23.2357373182246,40.0734091075415,47.2265839753967
126.3,-9.89264526176899,22.9074289177348,40.0010307183862,47.1454895873354
126.4,-10.5776485401143,22.6023055951215,40.0189755764918,47.1621593339967
126.5,-11.3662287938314,22.2512048978181,40.026216508611,47.1847992937621
126.6,-12.1054910160736,21.9906726613299,40.0484024801903,47.2652847029753
126.7,-12.837661044945,21.575018954155,39.9707937419017,47.2011793955903
126.8,-13.3844210336356,21.1087776842024,40.020914169524,47.1847093102322
126.9,-14.0005980107672,20.797114855443,39.9972388245655,47.2050404571261
127,-14.7747249086049,20.2224255480889,39.994088844858,47.1886229265418
127.1,-15.2464897670857,19.6982346179306,39.986764993078,47.1106916940575
127.2,-16.0135188493371,19.2225263047918,40.0005226085602,47.1802936874542
127.3,-16.5278818503464,18.7478435913614,40.0366949617374,47.1973459131376
127.4,-17.0571072593123,18.1562769537714,40.0114061540356,47.1328751860199
127.5,-17.574134973126,17.7379805360519,40.0748954803713,47.2174059147016
127.6,-18.1863451542889,17.1700811559492,39.9378127036625,47.1230699395279
127.7,-18.6890008633766,16.4973777626434,40.0512106052342,47.1756472903073
127.8,-19.290753157156,15.9443357227536,40.0460454512713,47.2233073311843
127.9,-19.7061777981473,15.3669248161694,40.0367949948592,47.1955588501543
128,-20.302606074362,14.743328276453,40.0169268846673,47.2325732876241
128.1,-20.6125959346674,14.1101618292176,40.0068092027079,47.1648233389509
128.2,-21.1000603668337,13.3967147471432,40.0454598040059,47.2051201080412
128.3,-21.4514838529605,12.7742087856664,40.0489482764793,47.1939066792074
128.4,-21.9148588415203,12.0553141338824,39.9537279245272,47.1369495404348
128.5,-22.2672785111082,11.3567582421033,40.0436661893096,47.2049028379649
128.6,-22.6182501757054,10.534408720583,39.9891767979888,47.1348413499388
128.7,-22.9106438178712,9.83912945264379,39.9796920032281,47.1177444410089
128.8,-23.3268849564974,9.20883309390828,40.0263723489809,47.234062414156
128.9,-23.5968757378364,8.42348888206054,39.9961435071173,47.1959659820096
129,-23.8223061638647,7.67256928580507,40.0244647003968,47.2051730741843
129.1,-24.0584636764602,7.01556368601813,39.9700384209488,47.1766020361392
129.2,-24.1496452336743,6.17072225590967,39.9151773870057,47.0585227552676
129.3,-24.4328990183724,5.46190128583993,39.9995555662398,47.1885935962807
129.4,-24.4863672598456,4.69986060805175,39.9016877970737,47.051201476416
129.5,-24.7250973985733,3.99344035008269,40.0553959978057,47.2410071414617
129.6,-24.8790239159728,3.13108729788061,39.9647040966411,47.1799439615031
129.7,-24.8476851452887,2.3016980836074,39.9888909290894,47.1361503401167
129.8,-24.9416641112218,1.57867637935802,39.9460199604636,47.1196703981416
129.9,-24.9878298041326,0.805210031027065,39.9886948662203,47.1607434061216
130,-24.9975777425814,-0.0275902985665494,40.0712191477916,47.229040411714
130.1,-24.9477150432671,-0.715440062411189,39.9709230826767,47.1229777544269
130.2,-24.9846836049312,-1.58927871594293,40.0410710734483,47.2233797433476
130.3,-24.8091040338487,-2.3300549881646,40.0695778058211,47.1857167450803
130.4,-24.7302921824781,-3.14330904842771,40.0216553463188,47.1508286233041
130.5,-24.6816757675912,-3.99742917990781,40.0475417717043,47.2119705233883
130.6,-24.598474461254,-4.73377584437383,39.9396984144891,47.1452340009685
130.7,-24.3791240487812,-5.49805986563829,39.9890940589944,47.1561024187867
130.8,-24.2745180847481,-6.17179022290636,40.0507692067137,47.2377744697162
130.9,-24.0548068980564,-6.84952376125877,40.0431768772205,47.2123471676552
131,-23.8317775418276,-7.760566820308,40.021710862598,47.2220007893039
131.1,-23.5255515736311,-8.40866033327753,40.0178281610794,47.1760926335967
131.2,-23.1378296260064,-9.30646189198179,39.9892522450695,47.1286503930338
131.3,-22.9121889559438,-9.92376598276804,39.8928812125783,47.0626338561124
131.4,-22.5649090674726,-10.6925075535465,40.0450299890853,47.1922585371022
131.5,-22.2883428301435,-11.2286273072101,40.0284150448518,47.1712445068089
131.6,-21.9384512315076,-11.9913363263625,39.9920198316675,47.1640693700794
131.7,-21.5452911784681,-12.709563676829,40.0492500077981,47.219434632442
131.8,-21.0326648732675,-13.348773253173,39.9753983299552,47.1019661020046
131.9,-20.7514089094672,-14.0204402173023,39.9549790294057,47.1550004225969
132,-20.1680741521181,-14.6184456350662,40.0765763885351,47.1866733603547
132.1,-19.740536431224,-15.2838493243067,40.0336460058663,47.1802674990679
132.2,-19.2658232237107,-15.8491781352908,40.0013359823532,47.1431360054097
132.3,-18.7221203140961,-16.5297789600714,39.9291174158467,47.0965582514559
132.4,-18.2265243477682,-17.1753575288501,39.9683462059179,47.1663841573607
132.5,-17.6135467515036,-17.6719615293698,40.0411366475403,47.1786803279821
132.6,-17.0281483497946,-18.2981007946951,39.9902923654169,47.1593237057844
132.7,-16.5470627955285,-18.7363456026691,40.0412201425715,47.2033393332262
132.8,-16.0125780485747,-19.2651076072698,40.0277575891823,47.2204235950899
132.9,-15.3119475890419,-19.7370292369094,40.0589271751735,47.2093603906475
133,-14.6412885332615,-20.3737746868865,39.969678409546,47.1914527967593
133.1,-14.0908794493314,-20.7012247680097,40.0515026310926,47.2357539747135
133.2,-13.3774536782482,-21.1091803210083,39.9594036817366,47.1307511433725
133.3,-12.696143479285,-21.4496881544502,39.9722176599574,47.1068929757075
133.4,-12.0188159091587,-21.934112296583,39.9661501901295,47.1471142183416
133.5,-11.4268893647839,-22.2821125454563,39.9740335912584,47.1697964973186
133.6,-10.6148205220349,-22.5960423287988,40.0943520083,47.2314789796525
133.7,-9.85816118276324,-22.9371534087717,39.9413404975824,47.1020915580899
133.8,-9.26001697542543,-23.2831794338649,39.9367295840372,47.146545247804
133.9,-8.50310884761855,-23.531593565764,40.0610937679499,47.2327215995778
134,-7.65176676145654,-23.8144538723915,39.9508360047661,47.1354117972009
134.1,-7.01904923938661,-23.940179119074,40.0759118273875,47.2067573264127
134.2,-6.19382861210194,-24.3060394951611,39.9784899631138,47.1956219213946
134.3,-5.45468362430001,-24.4157045631909,39.9370544544838,47.1258795276929
134.4,-4.70346668891568,-24.5990317741425,40.0801995928764,47.2615844267183
134.5,-3.8599078476372,-24.7362536511264,39.9573671964786,47.1526491997993
134.6,-3.14264342284744,-24.7205670120243,40.0114523164119,47.1370232147475
134.7,-2.35021691618015,-24.9407993583074,39.9850689924205,47.1844543733746
134.8,-1.59563801435801,-25.0860799201853,39.907190959883,47.1639836818663
134.9,-0.778306431501576,-24.9935009486806,39.9223858655325,47.1070880417107
135,-0.0610604302685401,-25.0259672064888,39.9359198253479,47.1294011768982
135.1,0.772077277279444,-24.9517062398007,39.9370776008399,47.0972813960096
135.2,1.63396209840681,-24.9059937563501,40.0298961390622,47.1738374741178
135.3,2.29615952146225,-24.8411179564256,39.9978714721206,47.1400383132357
135.4,3.13859307701722,-24.7574896130125,39.9771473646838,47.1270237746791
135.5,3.88122379659132,-24.6439762581887,39.986218686404,47.1305330843003
135.6,4.73149260023739,-24.6024535068982,40.0498326667098,47.2404152968265
135.7,5.40334481026233,-24.3301557861901,40.02825019107,47.153085043057
135.8,6.26768500858149,-24.1977373120656,40.0190360858324,47.184082227269
135.9,6.96981670843525,-23.9852882069912,40.0735191325162,47.2203275188319
136,7.66094923673373,-23.7744421182393,39.992109269374,47.1517024618928
136.1,8.40698034733546,-23.5694682636037,39.9722034061312,47.1590309265429
136.2,9.16197266997155,-23.1744581730096,40.021637519855,47.1458240418867
136.3,9.93156031540276,-22.9207116930011,40.0256342133645,47.1809952098747
136.4,10.6142624647135,-22.5435725964144,39.9958420027556,47.1226337399452
136.5,11.3787904709045,-22.3439602852188,39.9918091186147,47.202481188894
136.6,12.0337888750989,-21.956195082888,40.1080994376998,47.2815631902405
136.7,12.6834316162123,-21.5614382949784,40.0497396440522,47.2201938207338
136.8,13.4283641158118,-21.0235335891908,39.9841174479338,47.1279065468945
136.9,14.0749031739475,-20.7355649760937,40.05552130816,47.2494586371342
137,14.6515602921706,-20.3358928704841,39.9893160890287,47.1949378546383
137.1,15.2783334825015,-19.6551523477478,39.9463898888415,47.0687428445571
137.2,15.8553608577377,-19.2393417970711,39.9766383298259,47.113441318453
137.3,16.5633772829316,-18.7702839419872,39.9818552053751,47.1722139817832
137.4,17.1398351635114,-18.1443461233434,39.9434889978366,47.1006747191197
137.5,17.6723072892918,-17.6718472657177,40.0347386099375,47.1951790575694
137.6,18.2905721725109,-17.0813893437843,39.9812150178362,47.1679599581563
137.7,18.7970344051275,-16.4799956736119,40.0124015115288,47.179561618879
137.8,19.2830279352977,-15.9867931602182,39.8797350298979,47.0935875460337
137.9,19.8142204695202,-15.4344752587041,39.9329268990905,47.1748344994914
138,20.178044360909,-14.7540664714883,40.0551206687207,47.2149197125409
138.1,20.6572446372431,-14.0260887299377,40.0065332577926,47.1590460502528
138.2,21.0317493727309,-13.3711282665101,40.0421659200346,47.1645693753734
138.3,21.4820319456397,-12.7338271518486,40.0728812533516,47.2171987986566
138.4,21.9109895132489,-12.0249992187984,39.9731583539199,47.1438803711507
138.5,22.3014076747139,-11.4440796855105,40.0574725762587,47.2537919464652
138.6,22.538143212752,-10.5942960467892,40.0305482583965,47.1450082413116
138.7,22.9041646738142,-9.86983650139946,40.0159845205514,47.1518127871937
138.8,23.2398133870021,-9.23942967244143,39.9825804879403,47.1599695653983
138.9,23.5534945198789,-8.47007674117757,40.0141942916543,47.1979347949639
139,23.7622265118875,-7.80452488151331,40.0940178904412,47.2555212438444
139.1,24.0085635536935,-6.9637663013177,40.0129378687372,47.1798724235084
139.2,24.1277273228327,-6.21694625687968,39.9766594193242,47.105529875531
139.3,24.3500603395417,-5.52527806196861,39.927980945425,47.0924388684597
139.4,24.6302518805503,-4.69632287894065,39.9024239611385,47.1265126468855
139.5,24.7799458000628,-3.93118487960259,40.0551850640513,47.2643394000917
139.6,24.8457655282136,-3.13003808472978,39.9354239303289,47.1375358667581
139.7,24.9508991500324,-2.3425743325713,39.9735195230202,47.1796278700456
139.8,24.9456400894996,-1.62472778853521,39.9846907260782,47.1561257136526
139.9,24.990122315375,-0.773167843154838,40.0196491557562,47.1876712754604
140,24.9985875777661,0.0248988118937108,40.0044575304764,47.1729437616709
140.1,25.0143101248934,0.763452217989121,39.9802602181388,47.1669352133843
140.2,24.9205951135009,1.68021902242867,39.917429880482,47.0877946503929
140.3,24.8493579725481,2.30846482637725,39.9738072727345,47.1245675776466
140.4,24.7860946105472,3.1027689674111,40.0005124294973,47.1595022867131
140.5,24.7481413261371,3.8674066511736,39.973416697125,47.1731001286325
140.6,24.4978767587788,4.69892048055063,40.0984835410208,47.2240849743049
140.7,24.4138557235942,5.41979845845036,39.9970575213087,47.1717624960693
140.8,24.2605719122489,6.18544077793548,39.9097937295399,47.1129139691143
140.9,23.9265646882835,6.9906161011737,40.0174351008488,47.1459894721412
141,23.7919639306592,7.73638084398898,39.9752186863739,47.1585331118817
141.1,23.5159805062009,8.4540700986341,40.030530575304,47.1902110457348
141.2,23.3524385888037,9.18695866786125,39.9791703750424,47.2024433846968
141.3,22.9079989841696,9.938787927866,40.008269093609,47.1616106468008
141.4,22.6560838615813,10.5726062581114,40.0643977332792,47.2253544694209
141.5,22.3815980537877,11.3102929210277,40.1045507790172,47.299404336498
141.6,21.9663841326941,12.1121496097673,39.9864478291864,47.2032012688833
141.7,21.5260343255754,12.595873276179,39.9845355202453,47.1252507488837
141.8,21.107890573801,13.4418969583299,39.9970901911639,47.1804499986384
141.9,20.7034990511379,14.078633892611,40.0410969596571,47.2242760767734
142,20.3127165224674,14.6641925697135,40.121533428,47.3009771659939
142.1,19.7685164531467,15.288575229426,39.9330843987139,47.1082371236598
142.2,19.2255734319701,15.946228307969,39.9454743037608,47.1120556587203
142.3,18.8452188391347,16.6029604900276,39.9985089357843,47.2300887910907
142.4,18.2736994231031,17.2272047588107,39.9355403903804,47.1757571288434
142.5,17.7079797178406,17.7350627292002,39.9716154393826,47.1787561994804
142.6,17.035980612934,18.1604671554768,39.9559546349525,47.0797781806563
142.7,16.568312514238,18.7770421290189,40.0181491184788,47.2073993093584
142.8,15.91600649903,19.2515336718442,40.0768587592151,47.2238861128709
142.9,15.3479918841748,19.7481254009319,40.0098533118129,47.1840828432684
143,14.6442752779571,20.172725721834,40.0145495838717,47.1440117073744
143.1,14.0664481794061,20.643151473805,39.9386491734165,47.1073281449035
143.2,13.4817918490323,21.1457785916837,40.0311952788487,47.2376889693226
143.3,12.8389461167501,21.5141601787948,39.9877775724543,47.1881338979592
143.4,12.0098245963265,21.8699266536774,39.9667090272968,47.115468894455
143.5,11.4252139475498,22.254906475811,39.9823526677408,47.1635971999802
143.6,10.6653050337008,22.674130447291,39.9637789872125,47.169572331551
143.7,9.93653066192063,22.9774191534766,40.0306670053031,47.2138828464605
143.8,9.2217752106805,23.1863702966781,39.9487304442915,47.1014858542877
143.9,8.53713734455693,23.5033745819724,39.9825039029337,47.1581588818779
144,7.70564165036003,23.7249889884109,39.9228868481829,47.0753535306619
144.1,6.92923346834803,24.1130169946476,40.0749049180946,47.2805442992925
144.2,6.24128867235518,24.2263921915807,39.9995856311065,47.1787941089232
144.3,5.53089791001466,24.4033583123274,40.0029464002303,47.1842182229455
144.4,4.74777029326063,24.5837950013415,40.0214097483731,47.2082359093487
144.5,3.94734572464413,24.6784471802259,39.9911657537274,47.1582509412633
144.6,3.1179943673996,24.851274929721,39.9316357684803,47.1364327209251
144.7,2.39489614802564,24.8925300221219,40.0403397691597,47.208075445752
144.8,1.52483109390569,24.9078092369998,39.9580206903507,47.1101633232385
144.9,0.793342427543367,24.9056222410133,39.9665493220304,47.0982428136092
145,-0.0615719676469037,25.0092573369081,40.0322644617145,47.2022133123388
145.1,-0.816430681865377,25.079941294799,39.9597893674763,47.1853237850704
145.2,-1.59298738772869,24.9315962379916,39.9630710930055,47.1292812482464
145.3,-2.36986710441663,24.915857336814,39.9937323622406,47.1796020032344
145.4,-3.10725359494646,24.8484098005823,39.9889701270759,47.1827958724909
145.5,-3.92896670588264,24.6766511405491,40.0239321288779,47.1835674143586
145.6,-4.69330568862635,24.4708470984141,40.0299528344948,47.1513159936468
145.7,-5.49603738872415,24.334613564712,40.0326282924754,47.169812087029
145.8,-6.23551413349488,24.2565796540765,40.0568588883396,47.2420917934836
145.9,-6.98500834895597,23.9562065042431,39.9695559955593,47.1195880520095
146,-7.79778657307879,23.7582907076066,39.9631602747829,47.1414470708571
146.1,-8.45876077642311,23.52218969431,39.9894432060774,47.1593003533762
146.2,-9.17284749747571,23.2715622764089,39.9766807091727,47.1576265573223
146.3,-9.90415265974958,22.8826362101546,39.9691851805383,47.1088425227161
146.4,-10.6501119756634,22.603684593908,39.8775776993936,47.0592461210995
146.5,-11.3691255379898,22.2720232296512,39.9711006000511,47.1485834084133
146.6,-11.9412772179741,21.916132615722,39.9370598683958,47.0943703786159
146.7,-12.7216509280827,21.616718010306,39.9246413985752,47.1497602398772
146.8,-13.4010608871952,21.069821262249,40.0017666191391,47.1557751879609
146.9,-14.1564548399057,20.6977775829517,40.0506370384969,47.2531135238415
147,-14.7070554903175,20.2499818555009,40.0484047171491,47.2253530080185
147.1,-15.3333611557219,19.7651412882124,39.9519878925449,47.1373960994968
147.2,-15.9516171270911,19.2914536068708,39.9727510451754,47.1639173241041
147.3,-16.524068817309,18.7333172049386,40.001879469913,47.1607080619604
147.4,-17.1086320120721,18.1654690132016,40.0388582530202,47.178381956141
147.5,-17.6630565329107,17.722103143208,40.0241865697928,47.2016103165653
147.6,-18.1811822058261,17.1205634939395,40.1131209301444,47.2517888709819
147.7,-18.6893747841732,16.5420068349657,40.0014509403316,47.1491972071964
147.8,-19.2202148430034,15.9119268596355,40.0133615933938,47.1558605159664
147.9,-19.6820739010378,15.3934367157079,39.9141396887273,47.0901313871352
148,-20.3325431156534,14.7043375587257,40.0155441434658,47.2321249330211
148.1,-20.7202486978712,13.9948270694342,39.9549745946043,47.1336810111461
148.2,-21.2309914244125,13.3862828549722,39.9901133582527,47.2139463712016
148.3,-21.5086035081207,12.7531654647107,40.0246405016599,47.1935917421734
148.4,-21.7939441515755,12.0945642246433,39.9531465891137,47.090427985284
148.5,-22.3219128027329,11.3487299016283,39.8891143058081,47.0978014524537
148.6,-22.563705711948,10.6735904701478,39.8600670170778,47.0305357356873
148.7,-22.9876259404251,9.89302641235686,39.925334777143,47.1204337314443
148.8,-23.1791788108597,9.19305062363204,39.8940091591824,47.0459188124475
148.9,-23.5366639269601,8.54702296444898,39.8856638777365,47.094504279515
149,-23.8133895169777,7.76420868992035,39.9767661690956,47.175229625371
149.1,-24.0098202003071,7.02076291611858,39.9886149896648,47.1683358490319
149.2,-24.2529168470065,6.268263498657,40.1158976414638,47.2946122349767
149.3,-24.4378038934427,5.41265751871175,39.980852982307,47.1696059527963
149.4,-24.6083705078219,4.73689187864962,39.9795397489651,47.184463992498
149.5,-24.6438191036093,3.88608860374185,40.0041461368602,47.1460625374677
149.6,-24.7962842067054,3.08783207701317,40.0479956650809,47.2041563232082
149.7,-24.9027377250094,2.30870712211339,40.0185689251825,47.1907017705383
149.8,-24.9291115307517,1.55683286649309,39.975444881998,47.1372519754866
149.9,-24.9581021926011,0.763078910175773,40.0189995026086,47.1700061020694
150,-25.0715754483721,-0.0116038172601533,40.0414244966544,47.2429857844873
150.1,-25.0068858776494,-0.857549037227563,40.0443689827228,47.218970963729
150.2,-25.0102679875904,-1.60330474162762,40.0124746743414,47.2131572813175
150.3,-24.9153387403232,-2.34335729502457,40.0737581241714,47.2458624447876
150.4,-24.7602692073672,-3.14599348285404,40.0742890777562,47.2114059449941
150.5,-24.7608846041395,-3.93151682307054,40.0144476793258,47.2198502114429
150.6,-24.5547392943224,-4.63166682199081,39.992576724716,47.1571177283384
150.7,-24.3731874304349,-5.40619586918978,40.0199299585708,47.1685701838
150.8,-24.2989072164835,-6.19992675028983,40.073116313801,47.2729376570111
150.9,-24.000809845547,-7.01981010877172,39.9083472545934,47.0955707874799
151,-23.8394528251714,-7.69215751849257,40.0978634201388,47.2792496678298
151.1,-23.4568493842501,-8.54273239021679,39.9462368058323,47.1052427514591
151.2,-23.245605821924,-9.24579661596109,39.9956724703006,47.1751710271785
151.3,-22.876539768602,-9.95659206874845,40.0764189222574,47.2079352549989
151.4,-22.6140432391309,-10.5707647066284,39.9818300490058,47.1347297878302
151.5,-22.3474455451212,-11.3636918226206,39.9956792293644,47.2037728497401
151.6,-21.8971031827506,-12.141995191284,39.8563117831541,47.0684264021772
151.7,-21.4686756451115,-12.7874231639068,39.9779295763253,47.145064199102
151.8,-21.0427813447276,-13.3335426968503,39.9620315297154,47.0908268302089
151.9,-20.7353435207497,-14.030997006938,39.9842547132711,47.1758833823803
152,-20.2774576255023,-14.7537579690766,39.9766407624547,47.1908939162471
152.1,-19.7433869544762,-15.3195391972968,40.1229762311611,47.2688357302993
152.2,-19.2744005995719,-15.9325155221728,40.0828288966228,47.243843426345
152.3,-18.6667892741521,-16.4953207335075,39.9387517940095,47.0706758265735
152.4,-18.1408748814014,-17.1679762317099,40.0207642303311,47.1751239419142
152.5,-17.7016879935047,-17.6627877074185,39.9124213882364,47.0990998692
152.6,-17.1429096984222,-18.2541331960949,39.9098176629025,47.1156691298676
152.7,-16.4992133038824,-18.7219101990242,39.8824446235571,47.0461831639766
152.8,-15.9803932106767,-19.3290082130823,40.0553986363341,47.2590571804483
152.9,-15.2481237777285,-19.7690307095186,40.0901366660739,47.2285815141563
153,-14.7087703342673,-20.2532764317175,39.9562981515152,47.1492194308513
153.1,-14.0154094032237,-20.6725821337167,39.9445614191689,47.110034385309
153.2,-13.4795368515137,-21.2003084158822,39.9426126740602,47.1864736750887
153.3,-12.7149889371278,-21.455688050039,40.0016213094247,47.1396563495586
153.4,-12.0506318942602,-21.9470199326688,40.0088271037013,47.1974115729855
153.5,-11.3419592852732,-22.2545958274743,39.9419967837681,47.1091305687928
153.6,-10.680122758777,-22.5854507985514,40.0427746637114,47.1973665863372
153.7,-9.87230182602203,-22.9345327304804,39.9859566943058,47.1416150303366
153.8,-9.14888169453298,-23.1971389848188,40.0599909567211,47.1869915209069
153.9,-8.51387682822381,-23.5010811888974,40.0265712630256,47.1901824828785
154,-7.7639776164376,-23.8015385043572,39.9837745079563,47.1751503177896
154.1,-7.0324723409793,-23.9661373806776,40.0283752868981,47.1815878949078
154.2,-6.20222238495456,-24.2391565128409,40.06923295024,47.2392601570667
154.3,-5.44275069569125,-24.3946173727975,39.9823073248766,47.1519436600605
154.4,-4.67616636452898,-24.5501586084354,39.9825508225098,47.1506223696217
154.5,-3.94064064278077,-24.7050185681281,40.0474594463893,47.2193350147721
154.6,-3.15271100184459,-24.8301060208771,39.9191684457156,47.1170219885188
154.7,-2.34687961585372,-24.8984437988886,39.9544367782943,47.1359455809305
154.8,-1.57004532865097,-24.882121074302,39.9902412435234,47.1254112576796
154.9,-0.729301027226995,-24.9389577749081,40.0444189287733,47.1809175645203
155,-0.0621647911744523,-24.9950920778269,40.1062428192866,47.2574777735745
155.1,0.821762431335575,-24.9705760975571,40.0953219307074,47.2423518134365
155.2,1.55597340655551,-24.8998752171355,40.0066641719422,47.1482557178671
155.3,2.34231192974728,-24.9506859264393,39.9047824855347,47.1212777691128
155.4,3.17622563983221,-24.8413012166814,40.0158224108055,47.2064052715958
155.5,3.91872050948759,-24.6705865190568,40.0636078512937,47.2132066660165
155.6,4.74674347426391,-24.5298428303256,39.9545219989862,47.1233338279287
155.7,5.37139089515965,-24.3845261278886,39.9751064662456,47.1324314206042
155.8,6.14897741222248,-24.2222276611205,39.9148192088132,47.0926642753988
155.9,7.00303350428277,-24.0865179153619,40.013371979776,47.2257637390977
156,7.74525733824604,-23.783186210582,40.0547020822783,47.2229617502221
156.1,8.42139664542205,-23.5619080414219,40.0270177388918,47.2042962142378
156.2,9.15577240097342,-23.2799640177552,40.0626827205614,47.2313819371694
156.3,9.85382676355468,-22.8769093781266,39.9227036056324,47.0560638787855
156.4,10.7118845784809,-22.7250630475009,40.0196440449759,47.2519298147934
156.5,11.3076207715684,-22.2091085229524,40.0950947809514,47.2093572757706
156.6,12.0207542372701,-21.911499886563,39.9510876302502,47.1243224094695
156.7,12.6914203013429,-21.5024701174434,40.1281331432112,47.2619872622404
156.8,13.3703442790805,-21.1953569603033,39.9722807287979,47.1783052840778
156.9,13.9900298004323,-20.683656435133,40.0621670508661,47.2071160542041
157,14.6989147569788,-20.2920828921222,40.1087851503308,47.2920856948505
157.1,15.2425111451464,-19.6459665659707,40.0651893151275,47.154189031073
157.2,15.955447979863,-19.2169005678317,40.0135476905454,47.1693712747541
157.3,16.4850873987054,-18.7539319486573,39.9475210416202,47.1091552402345
157.4,17.1182396663383,-18.233495384836,40.005283885354,47.1796271919438
157.5,17.7423835754538,-17.617228109273,39.9694333446396,47.1456732170014
157.6,18.2525531783598,-17.1276791095758,40.0333175587702,47.2141885874447
157.7,18.7562898718834,-16.5953808690962,40.0456613120164,47.2319813883051
157.8,19.2371613449278,-15.9233677622378,40.0917847636412,47.233179260308
157.9,19.7375302855335,-15.2803579337621,39.9060453362503,47.0696494010217
158,20.2356127985367,-14.8166497782803,40.046413817045,47.2517554762839
158.1,20.7426048633097,-14.0898258994164,40.0740230581649,47.272678943102
158.2,21.1292431105908,-13.3573815105511,40.0997877755388,47.2531219591691
158.3,21.5396656184543,-12.7939156054472,39.9362284581509,47.1438629615324
158.4,21.9410626489094,-12.1263945424468,39.9110627043951,47.1312274501376
158.5,22.2708045506459,-11.337187463865,39.905119743531,47.0843831505674
158.6,22.5467326890439,-10.5603786390887,40.0247133834837,47.1365509279385
158.7,22.9483849407516,-9.93327102721905,40.0253350505529,47.1945514927107
158.8,23.3786961924507,-9.08309934514186,40.0711516379005,47.273283395172
158.9,23.4640921755276,-8.44286536557086,39.9847591515279,47.1235245032511
159,23.8152603187531,-7.81170509934583,39.9750986969317,47.1826014166086
159.1,23.9793366955769,-6.77979975708299,40.0063384961053,47.1325937432997
159.2,24.2195269576432,-6.20816367680368,40.0352020233307,47.2011036241621
159.3,24.3411400355939,-5.48675934551268,40.0393522508805,47.1778057461138
159.4,24.5461465271315,-4.72361505708973,40.0740449063382,47.2308683351702
159.5,24.6977222229903,-3.87873824874998,39.9915866568835,47.1630055948657
159.6,24.8560445544804,-3.11460427295388,40.0116538318531,47.2065265935915
159.7,24.9332139656264,-2.2787555609036,40.0290136921618,47.2141909041057
159.8,25.0076579248117,-1.60746238650332,39.9981974759727,47.1998166472639
159.9,24.966055737053,-0.843943872780814,39.991892291673,47.1525993917071
160,24.9689537992389,-0.0217248637640308,39.9508511983116,47.1117781161767
160.1,24.972456570099,0.720226962718106,39.8874468236385,47.0653877932807
160.2,25.0490729376037,1.61713445905262,39.9258639327022,47.1608501796214
160.3,24.977589057138,2.41948036846662,39.9708699319181,47.1953841331435
160.4,24.8072173915738,3.20821591724088,40.0108640734101,47.1864379667011
160.5,24.7556219347688,3.86430266644005,39.9824776218915,47.1844483835523
160.6,24.5587266829911,4.72745249660903,40.022358243594,47.1939511248649
160.7,24.4116486526968,5.43350611842538,39.9359586335653,47.1204029127884
160.8,24.127308099435,6.1570154668885,39.9756803092257,47.0966118926827
160.9,24.067745173404,7.05535877348665,39.9998308607201,47.2125080253183
161,23.7119406140763,7.7333818233594,39.982374028624,47.1237896934885
161.1,23.5725246569817,8.41063213986746,39.9700258420595,47.1593640490527
161.2,23.2700763634635,9.1878330187429,39.9346947755176,47.1242249416951
161.3,22.9573650722416,9.90933797230609,40.0651207149553,47.2276347916504
161.4,22.5829055421476,10.6533649586749,40.0424256032523,47.1898045753558
161.5,22.254328247713,11.344088034692,39.9280002842921,47.0976503214144
161.6,21.8776685653381,12.126795923169,39.9200488972393,47.1094668317839
161.7,21.4998914987979,12.6875744637998,40.0751771525301,47.2148250451192
161.8,21.0556974223429,13.3751623452099,40.0135708507529,47.1521284135743
161.9,20.7242544972067,14.0491312707603,39.9887108913327,47.1801845341732
162,20.2337950566407,14.69516938842,40.058383403197,47.2231780657129
162.1,19.7104038974049,15.3015570289777,40.093667552954,47.2243565033627
162.2,19.2509367467711,15.966951754376,40.0556874491584,47.2228780463391
162.3,18.7381996570519,16.611623707017,39.9976587633,47.189817493994
162.4,18.2483155024364,17.2335658286184,39.9945893719628,47.2182590623342
162.5,17.6791103097289,17.7494264921008,39.9318172601135,47.139612979289
162.6,17.2027574800383,18.2821551681457,40.0997288883107,47.3091990993844
162.7,16.5322883369619,18.7597910321917,40.0202740994563,47.1897092195275
162.8,16.0172852184982,19.3036537916421,39.9274886605587,47.1528241595065
162.9,15.3702679012788,19.7376739671866,40.073285762707,47.2407571998122
163,14.6496798928901,20.2174796547561,40.0350387155552,47.1822416753447
163.1,14.110686273774,20.642327454909,40.0393269394695,47.2055595416291
163.2,13.3338775640128,21.1045510725871,40.0218679741655,47.1693150576628
163.3,12.7821901017849,21.4947298991256,40.0826193066059,47.244303018595
163.4,12.0216136989009,22.0881920629657,39.9722057370344,47.2248309263238
163.5,11.4101202222722,22.2568451762563,40.0683859998571,47.233817941387
163.6,10.7167131596027,22.5851988292694,40.0609341813968,47.2209444482959
163.7,9.9554128458964,22.9459050165259,39.9670384536222,47.1485839099436
163.8,9.23290522057479,23.1699569275948,39.9617069083546,47.106596797773
163.9,8.42524778469336,23.4531269418666,40.0369946960163,47.1592505016102
164,7.67379451010344,23.7397334809868,39.9592430036024,47.1084193043295
164.1,6.97053285548933,24.001624690863,40.0539492551409,47.2121294480974
164.2,6.18783254674118,24.2004013708759,39.9389089331796,47.1069543157995
164.3,5.47406251166728,24.4642035951958,39.8880157839018,47.1117439828503
164.4,4.63999226153892,24.6264881305736,39.9941890886623,47.1967012268029
164.5,3.99013777532767,24.6757383435606,39.9589941396691,47.1331568529
164.6,3.17111861089331,24.7753842572758,40.0382802358176,47.1904602921171
164.7,2.40668925214116,24.8715475346777,40.0144257613409,47.1756324699094
164.8,1.51458422807676,24.9715048084646,39.9202993786195,47.1115731032378
164.9,0.829366662699881,24.9607388750576,39.9516035809128,47.1153580368059
165,0.0732127646162882,24.9100640581468,39.9850646741868,47.1096810484722
165.1,-0.786386562469211,25.052025345637,39.9344987597073,47.1485585032367
165.2,-1.54326793662763,24.9471127945197,40.0458610872947,47.2060494315041
165.3,-2.29319513988211,24.8662782835945,39.9838182373585,47.1412373667139
165.4,-3.17316521039879,24.7604580158051,39.9000164243944,47.0654923406935
165.5,-3.91013725560328,24.8092412145873,39.9959454745112,47.2277807799743
165.6,-4.70718485453734,24.6186523106971,39.9527589355775,47.1641662431781
165.7,-5.51886244138437,24.4438389554314,39.9636820479023,47.1704885320453
165.8,-6.22816912746871,24.2107471115523,39.9708806410665,47.1446886255734
165.9,-7.03961932924148,24.0127899186344,40.0731669205201,47.2443544459755
166,-7.79887304305095,23.8754253385791,40.055789190133,47.2792195735512
166.1,-8.50733740667394,23.6163709924822,40.0308332699942,47.2501363055772
166.2,-9.17066510842427,23.2140612888742,39.9873820136032,47.1379301662294
166.3,-9.91832885342492,22.9635296980089,39.9718084376891,47.1533923828957
166.4,-10.6060746828062,22.5731618730311,40.0041988260845,47.142044724855
166.5,-11.3613046112135,22.2515439202343,40.0201883705914,47.1786596515894
166.6,-12.0947631594609,21.9593391562154,40.0930669725045,47.2858318243729
166.7,-12.7245545803167,21.5073789222093,39.9838805408957,47.1507406143273
166.8,-13.402653742488,21.208502349253,39.9632985469467,47.1857704185456
166.9,-14.1432109308538,20.6216319442907,40.0446576050361,47.2107691335884
167,-14.6916001350105,20.2268448077898,40.0763362926675,47.2343211663769
167.1,-15.3020538586098,19.8671244572126,40.0431476976665,47.2473191200019
167.2,-15.9159665230419,19.3156539373344,40.0129465693193,47.1958512005945
167.3,-16.5794538491197,18.7064928205385,40.0875348068949,47.242159248641
167.4,-17.1861722612319,18.2137785516977,40.0014310194118,47.1934394775776
167.5,-17.6499586206602,17.699754793131,40.0234772966914,47.1877218560799
167.6,-18.2283449134407,17.0738650020961,40.0425703413861,47.1931866262283
167.7,-18.8197170401402,16.6118101586535,40.0299873064286,47.249697035758
167.8,-19.1616532779466,16.0062169077326,39.9677458648083,47.1252442492931
167.9,-19.8314395072462,15.257315545019,39.9242488487133,47.1170597204858
168,-20.2022132189396,14.6182398160416,40.0103221563279,47.1449703925662
168.1,-20.6082765974715,13.987302222583,39.992399399036,47.1140923448153
168.2,-21.1326220774945,13.4466778542489,40.0531799991663,47.2404285462333
168.3,-21.5431556149078,12.6564233837364,39.9298465418571,47.1029219005868
168.4,-21.9876943806496,12.0337026704888,39.9650854924147,47.1749590625641
168.5,-22.2973068559793,11.3418399528862,40.0275998492008,47.2018641182138
168.6,-22.6587206789366,10.6580235211035,39.9242595492649,47.1270367065397
168.7,-22.907300563685,9.8291553677386,39.9570597564942,47.0948334612428
168.8,-23.3211850853197,9.16428227156809,39.9850973922831,47.1876017276474
168.9,-23.5203382852888,8.52630311605344,40.0280102392316,47.2032388888017
169,-23.7238476540702,7.80280054438524,39.9514157123402,47.1149685478958
169.1,-23.9953265484008,7.02328514050141,40.0493180220814,47.2128171618999
169.2,-24.2328891977275,6.17963479888047,39.9974429779326,47.1721978488372
169.3,-24.3753393476599,5.42666789030412,40.0793522338688,47.2224561855031
169.4,-24.5509322882231,4.71010071443379,39.993002962315,47.163265481779
169.5,-24.7067796147788,3.83331847362419,39.9586490117331,47.1361105766731
169.6,-24.881691929381,3.20609246045544,39.9680563229896,47.1892270372304
169.7,-24.835916409381,2.37029936470883,39.9462728410893,47.0971949999875
169.8,-24.9598198303305,1.52478769413524,39.9846853115883,47.1602867139449
169.9,-25.0269599429953,0.883256209026642,40.0265905160187,47.2150062359004
170,-25.0209350404167,0.100719904804904,39.9557812134335,47.143629338138
170.1,-25.0006158318912,-0.830282665166238,39.9549301006085,47.139331779549
170.2,-24.9194341179506,-1.56651642595081,40.0112193326335,47.1628014748462
170.3,-24.8575687396595,-2.39112592481691,40.0227605847182,47.1745436825509
170.4,-24.7238435977645,-3.14638431874744,39.9246294038684,47.0653185431079
170.5,-24.7458047015262,-3.94943696392382,39.921746368018,47.1348993393477
170.6,-24.5643433029407,-4.67756996440819,40.0890828969405,47.2485046344795
170.7,-24.4005329092274,-5.40202994139344,39.9364756673754,47.1114638116124
170.8,-24.3172068208012,-6.21681257204115,40.0232819002161,47.2423369467014
170.9,-24.0478915142652,-7.05774036265537,40.1240671377201,47.3080706537563
171,-23.7275257812098,-7.71031048861123,39.9686976518518,47.1162515435376
171.1,-23.557537297977,-8.48835282550372,40.0295828110668,47.2162810613444
171.2,-23.2382188379553,-9.16176439122529,39.9705151652851,47.1337970473344
171.3,-22.9789525031472,-9.93850575803494,40.0382085583542,47.2214389806861
171.4,-22.7309193115264,-10.6740330890583,39.9211225358407,47.1627575493105
171.5,-22.3211377470539,-11.3965614690982,39.9494324032567,47.1600673555951
171.6,-21.8603100908909,-11.9920237879198,40.0195191473988,47.1512852909543
171.7,-21.4990503990099,-12.7374616845202,40.0022449979814,47.1660015594105
171.8,-21.0829604077141,-13.3866978467027,40.0357163876704,47.1863697000112
171.9,-20.6786183897912,-14.0723125726358,39.9819735693036,47.1613554740432
172,-20.2696382065792,-14.7232289649839,40.0585450589272,47.2474204207918
172.1,-19.745209151319,-15.330698233155,39.9891046025512,47.1596446091272
172.2,-19.269835710918,-15.9585403911539,40.0385281648591,47.2131900780923
172.3,-18.7137642081552,-16.5651907587038,40.1221450256351,47.2694091053482
172.4,-18.2600608941026,-17.1665587945125,39.9620095141462,47.1707830029405
172.5,-17.6786508713946,-17.6758419712901,40.0405449736256,47.2039757627641
172.6,-17.1964844313507,-18.2303479915877,40.0832787554984,47.2729721985308
172.7,-16.5518829617687,-18.6926000506227,39.9674335936792,47.1250875256247
172.8,-15.8925264790837,-19.1656654593715,40.0125693941277,47.1264346191053
172.9,-15.3279257407375,-19.7776805153499,39.9519002477272,47.1408133943949
173,-14.7163080179083,-20.2266710270792,40.0858350217106,47.2499958931579
173.1,-14.0769032803633,-20.6455781985427,39.9157211833839,47.0920789805089
173.2,-13.4011617771531,-21.0835410033835,39.9465326321497,47.1150963869351
173.3,-12.6446022136748,-21.6260932237115,39.9807621177485,47.1808776177248
173.4,-12.0103504029139,-21.9362771677552,40.0143230377316,47.1868077003445
173.5,-11.3146263908477,-22.2869619079028,40.077291028095,47.2326020625521
173.6,-10.5919706515514,-22.6714404716495,40.0561061704087,47.2300296091155
173.7,-9.97966238956709,-23.0141056828511,39.9905866444261,47.2068823579415
173.8,-9.16193296044673,-23.3261749436156,39.9188559585556,47.1334967312185
173.9,-8.47273946250358,-23.4924310451705,40.0115498539389,47.1657264560379
174,-7.75375013375894,-23.82542526375,40.0086508937205,47.2066062799573
174.1,-6.88340652624554,-24.0652499148347,39.9900411778977,47.1775469082376
174.2,-6.26818375475616,-24.2454461526694,39.9789520257472,47.174658364448
174.3,-5.3690714418757,-24.3325034982661,40.0006941626379,47.1269900177594
174.4,-4.6931438589818,-24.5105256984485,39.9921365349847,47.1398181363511
174.5,-3.88988945105945,-24.6964928824102,40.0743823438274,47.2335063368332
174.6,-3.11196434083947,-24.8084137721101,40.0045431752128,47.1752603660472
174.7,-2.29523471398812,-24.8595704644814,40.0220311530637,47.170216489726
174.8,-1.55529928398995,-25.0302067134505,40.0051207105747,47.2158859606435
174.9,-0.757250335235352,-25.0393178513598,39.9444063255995,47.1497238935313
175,-0.0630340172808109,-25.0277669615587,40.0714501587213,47.2452559543528
175.1,0.789735997947437,-25.0545703457042,40.0058321473091,47.2103991081728
175.2,1.54238468891338,-24.9731305495955,39.9708260806345,47.1561569420586
175.3,2.43154165501426,-24.8237272994423,40.0222226062112,47.1583304856975
175.4,3.13509226226231,-24.7940956363451,39.9791131277107,47.1476984421872
175.5,3.92139804415584,-24.7114825598004,40.073512936775,47.24321297306
175.6,4.66024566627801,-24.4543893769986,39.9978348156233,47.1122260077978
175.7,5.36947177449421,-24.4405918282453,40.0393816445834,47.2157371914554
175.8,6.256840630463,-24.2815309661452,39.9195478641225,47.1413947864384
175.9,6.88206136954976,-23.9914562782583,39.9620057040076,47.1159701474242
176,7.69234069545288,-23.7576399908421,40.0903696721388,47.2317192547352
176.1,8.50045310970924,-23.6059336962205,40.03288028416,47.2454157838261
176.2,9.18147304403406,-23.2573477285268,39.9733864566417,47.1494994187209
176.3,9.85851672410831,-22.9265377569062,39.9600133608394,47.1128342738667
176.4,10.5989748636939,-22.5818051046694,39.9731749093798,47.1182650601904
176.5,11.4255927942286,-22.2426730522737,40.0377649771697,47.2049075793709
176.6,12.0779505502817,-21.9403688973498,40.0508890452472,47.2369600012696
176.7,12.6855264020549,-21.581788130853,40.0388197023523,47.2207924772524
176.8,13.3504452501194,-21.1148308166053,40.0013570348544,47.16120262907
176.9,13.9868389764872,-20.6993300987893,40.042717423712,47.1965374764725
177,14.7306573404322,-20.1606138939001,39.9933894506593,47.1477869895529
177.1,15.3401466840536,-19.7553268620369,39.9846396912111,47.1631683726843
177.2,15.9025234907943,-19.2931613097718,40.0107871984451,47.1802863380395
177.3,16.4986298391599,-18.7172491634542,40.0464595830313,47.1832505021835
177.4,17.0483896541627,-18.224635106074,40.0298638676341,47.1717597277336
177.5,17.795174656438,-17.7005446021482,40.0065680046274,47.2282013607828
177.6,18.1809791110635,-17.0605605582251,40.0143686798312,47.1461602767738
177.7,18.7812685322967,-16.4739133532778,40.0219338343321,47.179243918202
177.8,19.3012714065929,-15.9306486894109,39.9866573021359,47.1726340983292
177.9,19.7320806832612,-15.3532335827252,39.9769406433326,47.1511672468136
178,20.2155436766917,-14.686831818289,40.0785362808081,47.2298666673429
178.1,20.634952733866,-13.9881914342666,40.065115960598,47.1877557303453
178.2,21.1210600058273,-13.427752926166,39.9464204661466,47.1393703020531
178.3,21.5366990954669,-12.778579155803,39.9976065403822,47.1903594193669
178.4,21.9493146329396,-11.9258984877675,39.9881584087066,47.1492553548423
178.5,22.2797131634212,-11.4521918975984,39.9617994544673,47.1644329293039
178.6,22.5064580453996,-10.6169696197337,40.068744487135,47.1674144132471
178.7,23.0015830182116,-9.93538303470468,39.9750168305394,47.1782431634741
178.8,23.2693415002473,-9.20703876998975,40.0739881972897,47.2457018870896
178.9,23.4910495673985,-8.54146643230338,39.9428989967047,47.1192236656451
179,23.8149991196427,-7.64687818001134,40.0068671316583,47.182394456605
179.1,24.0227776903176,-6.99999918304493,39.9117418188033,47.1066977353737
179.2,24.2360988462156,-6.21159003523632,40.0134600078779,47.1916234076708
179.3,24.4370213034836,-5.43273069344845,40.0137183980164,47.1993668708618
179.4,24.6116333673199,-4.65763645099983,40.0204912394143,47.2129833135028
179.5,24.7064478800627,-3.83992325889222,39.9429257661973,47.1231460775741
179.6,24.7817679818651,-3.1294914917668,39.9710097277979,47.1339724611002
179.7,24.8762177595582,-2.38307112845084,39.9073011192446,47.0860692843039
179.8,25.0241770595654,-1.44814706671282,39.9873115424488,47.1941908695145
179.9,24.967036158358,-0.751435048961156,40.0084214576264,47.1655736390073
180,24.9830318528584,-0.0282810472866661,40.0094944675891,47.1689763290515
180.1,24.9766290802326,0.714500442528325,40.0123762003814,47.1734327804829
180.2,24.9425028161937,1.65643185304301,40.0099311920789,47.1769732731393
180.3,24.8994271133546,2.32085954032232,39.9595075727802,47.1394750186958
180.4,24.8537055454005,3.15570690031258,39.9467706989141,47.1530450199112
180.5,24.6233291597389,3.90854629106309,39.9550354009226,47.0955404142177
180.6,24.4863992653057,4.66382622181366,40.0700669311411,47.1905211655197
180.7,24.351675364399,5.47060279676728,40.027395563089,47.171219865264
180.8,24.2290934067289,6.13820142845986,39.9600870460747,47.1331628560848
180.9,24.0606236408008,6.95475206148829,39.9591231427066,47.1594498330401
181,23.7367197458839,7.730906718907,40.0936895481193,47.2303157365271
181.1,23.5607247682841,8.46251501676497,40.0141904533203,47.2001837883117
181.2,23.3321047550627,9.23628912646805,40.0204030575104,47.2369432755181
181.3,22.9826162429087,9.97089460572947,39.992415882443,47.1912355922332
181.4,22.6884442498758,10.6673872740436,39.9883976428013,47.1977817251293
181.5,22.2309620688589,11.263888652577,40.0380381401346,47.1607396061127
181.6,21.9342639037347,11.9962564253803,40.0422420353598,47.2059662377595
181.7,21.506128944863,12.7332195919636,39.9626087857714,47.1344732052332
181.8,21.1774772604977,13.4516227162995,40.0408731898956,47.2514891048935
181.9,20.7144549803775,14.0935821705434,40.0598362785355,47.2494252472452
182,20.2520208768622,14.7456042268075,39.9708909350242,47.1725483279217
182.1,19.763262269743,15.2752294740683,39.9781230085162,47.1398927694171
182.2,19.2233140069697,15.9317253631951,39.9102725406622,47.0763797326087
182.3,18.7619400985013,16.5264172042767,39.9189666781114,47.1026194867943
182.4,18.2791243687641,17.0686602256913,40.059711688084,47.2254809411324
182.5,17.7481201338735,17.5686753184376,39.9549779394922,47.1174530601601
182.6,17.0232187892405,18.3210459210291,40.0798094591237,47.2423732243255
182.7,16.5065645373321,18.7195879927783,40.053206275247,47.1926793091044
182.8,15.8661312020736,19.2133477091577,39.9460958609985,47.080541883569
182.9,15.339339811049,19.7159633052064,39.9945124203966,47.1548044067233
183,14.7892869494561,20.3322768247111,40.0425237114463,47.2813725956827
183.1,14.0084865197918,20.6879729769871,40.0656527921329,47.2174380301545
183.2,13.3961918501908,21.132606868666,40.0626857937039,47.2341383128532
183.3,12.7691806043548,21.5979032058324,39.982028502294,47.2025846681448
183.4,12.0761482778554,21.8733415198909,39.9897395318372,47.1535332111891
183.5,11.3584384706286,22.2882075716104,40.0085564141897,47.1854099017233
183.6,10.6627003023466,22.5359007065944,40.0593686519425,47.1838215407291
183.7,9.93015129401683,22.901446958877,39.9729354384898,47.1266351981763
183.8,9.18726965516073,23.2879340260651,40.0444553134058,47.2259695111318
183.9,8.47424702590114,23.5725600494978,39.9612270368529,47.1633132448737
184,7.73957343912602,23.7562864746845,40.082217364029,47.23183558686
184.1,7.03726979102523,23.991657853804,40.0172186379484,47.1858093096117
184.2,6.25010727465058,24.2221611115006,39.9921729071695,47.1715043611403
184.3,5.49086470460817,24.3659381439734,40.0201434063547,47.1747857981935
184.4,4.65329690901342,24.5478213513214,39.9721335964152,47.1383089373122
184.5,3.90456240982832,24.7205877226358,39.9759280923701,47.163840935733
184.6,3.02592830078996,24.7647116199959,39.9068272877764,47.0638082594205
184.7,2.30186017954433,24.8293112487671,39.9127893738379,47.0619168008983
184.8,1.62471779425989,24.9508547451502,39.9838791541458,47.1581960282399
184.9,0.842052441437979,25.0070398952669,40.01392896758,47.1929614249852
185,-0.0395607507169233,24.9345595279827,40.0233940603376,47.1551258721316
185.1,-0.809173065637876,24.9592362866228,39.9305894741929,47.096392779258
185.2,-1.51484130175437,24.9151118699333,40.0267866510616,47.1720382564755
185.3,-2.38855366727854,24.915258020875,40.017186187701,47.2001108181895
185.4,-3.12222332482595,24.8130423450249,40.0670352264194,47.2313736910247
185.5,-3.8595802177246,24.7305770616657,40.0356262787823,47.2159842933975
185.6,-4.66427544645633,24.6646337355066,39.9668916552785,47.1958901953536
185.7,-5.51268657467455,24.454097288377,39.9961690194934,47.2026071705355
185.8,-6.23644297716542,24.2287756414019,40.0133792656909,47.1910723585388
185.9,-6.92926357429821,24.0068841978855,39.8634740935786,47.047228923521
186,-7.71684025055012,23.6849277725318,39.8979626322986,47.0358676889335
186.1,-8.58278391396938,23.6066083955015,39.925949810042,47.1700923031368
186.2,-9.14348262745551,23.2419041728262,39.9529513741477,47.1171699876216
186.3,-10.0337000363679,22.9803565895876,39.9900820788293,47.2014680923795
186.4,-10.6362320838928,22.5965533320544,39.9966929299024,47.1536753685194
186.5,-11.4100314218125,22.2904662370707,39.9755849686828,47.1709772603994
186.6,-11.9497486167402,21.9203462058441,40.0375686688377,47.183736336785
186.7,-12.7507314359247,21.5057090631484,40.0099506785979,47.179156708908
186.8,-13.4310545361821,21.1952386061716,39.9746781708504,47.1975238798552
186.9,-14.1323065330984,20.5850986620723,39.9236742604686,47.0889386303059
187,-14.7235595479188,20.2207967832663,39.9107279814707,47.1012742536995
187.1,-15.2645919668011,19.7627403734001,39.9753918722833,47.133911680678
187.2,-15.894676371552,19.2813682655601,39.941582454838,47.1141370306742
187.3,-16.5420430580834,18.8011271182196,39.9830707807408,47.1780406387195
187.4,-17.0669656026464,18.2079221221191,40.0357747526969,47.1770389377687
187.5,-17.6376967042814,17.6836339284437,40.0051777255991,47.1615680274119
187.6,-18.2161785574377,17.0200234025959,39.9417540075092,47.0834798104149
187.7,-18.772715951569,16.5631106349164,39.9728383224161,47.1654460559083
187.8,-19.2647118133599,15.9134445503396,40.0151361429634,47.1760316182746
187.9,-19.7677778087573,15.3711899892982,40.006127058282,47.196702463063
188,-20.1857807132384,14.5917404575592,39.9893737783329,47.1119374231938
188.1,-20.7326789340066,14.0269018513257,39.9907186601443,47.1789733915665
188.2,-21.0870671404374,13.3937995699434,40.0483068510719,47.2009019950121
188.3,-21.5215107877006,12.8110429077234,39.9195266664016,47.1260740592529
188.4,-21.8796105316571,12.0471047237746,40.1108749745231,47.2517976426761
188.5,-22.3087413692871,11.4134432502059,40.0158139694646,47.2145316184139
188.6,-22.612273249461,10.6426348686084,40.0255001717899,47.1870876666145
188.7,-22.9320633228584,9.92728881009477,39.9374335736785,47.1108182036208
188.8,-23.2407658408853,9.10960162832878,40.0164895349469,47.1639425133038
188.9,-23.5063403467946,8.51267450180883,39.996668064953,47.1672250611707
189,-23.7461105235495,7.6839624547829,39.935678749719,47.0933061188519
189.1,-23.9547479631297,7.02969814002713,39.9489726207556,47.1080356135856
189.2,-24.2246497949829,6.27755529022673,40.0612555673117,47.2350035010148
189.3,-24.3578732670036,5.47021054304537,40.0086203099299,47.1584445521774
189.4,-24.5574924602412,4.68688313185692,39.9876373750544,47.1598181958469
189.5,-24.7299287866253,3.936147575954,39.90498829829,47.111259021787
189.6,-24.8872357152047,3.18301900915607,40.0563806898169,47.265418072036
189.7,-24.9224738600763,2.29903588065571,40.0363435852905,47.2157185370101
189.8,-24.8588010425536,1.58247871768486,40.0253569485305,47.1433285526432
189.9,-24.9664957827027,0.722513948826449,40.0006486735948,47.1582424649427
190,-24.9354855106656,-0.000264963993408749,39.9832469552933,47.1215287826147
190.1,-24.9849419933037,-0.876152916307506,40.0091289562389,47.177805906787
190.2,-24.958565716244,-1.6197419042643,39.9703818869554,47.1506627168437
190.3,-24.9181170846913,-2.35777018646234,40.0265242863835,47.2079896389054
190.4,-24.8371968968876,-3.13609003151258,40.0264483666314,47.210570630179
190.5,-24.699291892362,-3.87288108921733,39.9561153074461,47.1332725192856
190.6,-24.6115119696458,-4.72891335446494,39.9870725753526,47.1916848193892
190.7,-24.415986953554,-5.45277707294951,40.070237907894,47.2387252444288
190.8,-24.1932966011145,-6.23682593922771,39.9491894970317,47.1184819332656
190.9,-23.9584766819169,-6.95546339465634,39.9454512080679,47.0959249635093
191,-23.7629396592603,-7.69250624377092,40.054352117126,47.2038459988465
191.1,-23.5361287455168,-8.45899553546912,39.9715460706855,47.1511236035321
191.2,-23.2235042572382,-9.19511334262249,40.0276431255118,47.181495033042
191.3,-22.9166258347974,-9.9469600599608,39.9323622746044,47.1031560611049
191.4,-22.6926711521019,-10.6078701349627,40.0809999670024,47.264900202714
191.5,-22.3062394176661,-11.3596321410823,39.8965881576323,47.0993344534578
191.6,-21.8388327787854,-12.0457240953049,39.8853633795008,47.041219138483
191.7,-21.5418681998727,-12.7184907255668,40.1077566408771,47.2699083417859
191.8,-21.0879094778854,-13.4776764328287,40.0201408084536,47.2012643739971
191.9,-20.6682088368966,-14.0277055945452,39.9689817446908,47.1324822439921
192,-20.2775706528299,-14.6808547380765,39.9477551492766,47.1437218395787
192.1,-19.7972420672376,-15.332752727294,40.0131569034735,47.2025086732383
192.2,-19.2781836311682,-16.0869568462219,40.0015856775344,47.2288619533265
192.3,-18.8437259997347,-16.5944959040688,40.0774875435316,47.2934277851074
192.4,-18.3045436876995,-17.0271475233296,40.1136508160894,47.2661089385543
192.5,-17.6214325627433,-17.6501372982136,40.0205480792381,47.1559805408784
192.6,-17.1570475512862,-18.2453715806532,39.9952322279955,47.1897919656835
192.7,-16.5279944014456,-18.7701297674947,39.9997464771659,47.1749095246653
192.8,-15.9781428613084,-19.2515013037259,40.0341249156336,47.2086063075822
192.9,-15.2954909710908,-19.6776297604798,39.9352709799534,47.074271372795
193,-14.7505781555801,-20.3085914933262,39.9786163165492,47.2049595588486
193.1,-14.0594746708964,-20.7072327687566,39.9602272469343,47.1516497970928
193.2,-13.3461948319895,-20.9921073760946,39.9367979176526,47.050369993214
193.3,-12.6756110125776,-21.579021016915,39.9768693835399,47.1643440355026
193.4,-12.0911872263052,-22.0244425856962,39.9981426229132,47.2347784268658
193.5,-11.3065502281748,-22.0956498618902,40.0379916892373,47.1072881769787
193.6,-10.6557966410718,-22.6095770472441,39.9978513703309,47.1653166061061
193.7,-9.93198088908578,-22.9728969145188,39.9756276027611,47.1640651265442
193.8,-9.26822479935075,-23.3100150676216,39.9536020050814,47.1757046218124
193.9,-8.49296674474502,-23.6091178317141,40.0116227330367,47.2276495566947
194,-7.66775450138722,-23.8169979261651,39.9704116090883,47.1558867322886
194.1,-6.97567978204444,-23.8918344252892,40.0121634437992,47.1216837992909
194.2,-6.23053047092479,-24.2311548754472,40.0455047382095,47.2187550268428
194.3,-5.44701309234781,-24.3752868016704,39.9521142905892,47.1168334523893
194.4,-4.66815345377358,-24.5249041180463,39.9809765967414,47.1353483947719
194.5,-3.94669658568959,-24.7096307878117,39.9986293733138,47.180850133854
194.6,-3.12402293148186,-24.8309609200371,40.0808106489118,47.2525927517502
194.7,-2.40257857986766,-24.8854132268513,40.0476747636214,47.2109354840209
194.8,-1.50357300248021,-24.901243002575,40.0633176396213,47.1953605255884
194.9,-0.76191231512645,-24.9499551273089,39.9656826097126,47.1204473417958
195,0.0171285885535281,-25.014576721023,40.0270203765349,47.2005476890261
195.1,0.760138996836911,-24.9819598816469,39.9665151377111,47.1380786952079
195.2,1.55822086990278,-24.865777344718,40.0662138348126,47.1808904779617
195.3,2.32536621755434,-24.9465000065471,40.0364965029445,47.2298236589201
195.4,3.10429947723378,-24.795673363884,39.9006485351596,47.0799728795495
195.5,3.99715104625973,-24.6281459832758,39.9398595915637,47.0926233634736
195.6,4.60730478011033,-24.5635984819159,39.9667054073919,47.1374073198649
195.7,5.42346400924322,-24.401652456788,39.9309253369062,47.1098015570327
195.8,6.25393805948834,-24.2429639560925,39.9902441330345,47.1810626040577
195.9,6.96322925632418,-24.040655287028,40.0984048809577,47.2686126547316
196,7.75677365441156,-23.7929980584777,40.0304616481619,47.2092380144126
196.1,8.42889685012178,-23.4314330512972,40.0286124643596,47.1420000930095
196.2,9.20022497882083,-23.3002456743548,40.036467824861,47.2277920724369
196.3,9.90223738143825,-22.950250312282,40.0010037217074,47.1683007251566
196.4,10.5677727404245,-22.5935570791753,40.0566071611346,47.1876935168977
196.5,11.4166470410264,-22.3448806049766,40.0118033977611,47.2289945907292
196.6,11.9979111073491,-21.9080549853542,39.9690879820174,47.1321624614806
196.7,12.7299846197541,-21.4567791790786,40.0174600048474,47.1576397458405
196.8,13.3771475340743,-21.0716902837296,40.0039879426594,47.1517047292911
196.9,14.0410100267884,-20.6363011073499,40.111567958313,47.2434627227932
197,14.7375555792358,-20.1916457284555,40.0855771296378,47.2414182205686
197.1,15.2275619457503,-19.8321083667597,39.9903826839667,47.163777120717
197.2,15.9622093533125,-19.18158943827,40.0376076637694,47.1777015999641
197.3,16.5714694640543,-18.8074537782963,39.9196627958287,47.1371763638161
197.4,17.1282784859503,-18.1784323678862,40.0400821270819,47.1915405977549
197.5,17.7368260067955,-17.691012399188,39.9915029394335,47.1899059530561
197.6,18.124131289419,-17.0373029747042,39.9568671433212,47.0670273074154
197.7,18.7355282518019,-16.4938872779078,39.9708100718578,47.1246643936159
197.8,19.2205843909455,-15.8727516633631,40.0199928634214,47.1484351647492
197.9,19.7891578576852,-15.3661919712168,39.9368053955664,47.1452972163292
198,20.376931854909,-14.6985488346518,40.0393381269025,47.2696021487877
198.1,20.6555251592036,-14.0378977723835,39.9040425693862,47.0748967800224
198.2,21.1385904016598,-13.3464678698328,40.1244491496248,47.2751481047965
198.3,21.4890018258451,-12.7688519164545,40.0113749922946,47.1776526282258
198.4,21.9158954572684,-11.9904580101969,39.9882881503848,47.1501934904451
198.5,22.2707947745735,-11.262999138892,39.973313310357,47.124401603647
198.6,22.7524092783412,-10.6832530319975,40.0529839722168,47.2868432906394
198.7,22.9761916110151,-9.87848435825621,40.0177977805755,47.1901893762827
198.8,23.2299336954455,-9.20086901794321,40.0473896485429,47.2025341252179
198.9,23.5051352044221,-8.47604510249913,39.9799723277882,47.1458684180117
199,23.7079703391763,-7.74711528299857,39.9987386463604,47.1379331972794
199.1,23.968856440377,-6.95859905561089,40.0970015451722,47.2302626796601
199.2,24.1965130009545,-6.20205558718413,39.9483065888149,47.1147952794643
199.3,24.4640572210884,-5.47465642105443,39.9727262426035,47.1834801801584
199.4,24.5670850147316,-4.66469329129505,39.9786164532341,47.1549658375203
199.5,24.6997510886576,-3.8822699227235,40.0455239116387,47.2101017680766
199.6,24.7620986584997,-3.09661349866732,40.0555343702992,47.1931814865625
199.7,24.9385446854053,-2.43162615330227,39.9738581559033,47.1778883868668
199.8,24.9865571700041,-1.53938426592026,39.9441533596188,47.1405677813154
199.9,24.8953833745239,-0.793804287913558,39.8798511132165,47.0192807625164
200,25.0337653177725,-0.0272601051519759,39.9900292099541,47.1793660969668
200.1,24.9952359769114,0.719933454136824,39.9842065382762,47.1594836508564
200.2,24.906724456868,1.56600612257417,40.1201052475314,47.2484935571419
200.3,24.8794677550149,2.40195865241538,39.9969220262486,47.1647229687035
200.4,24.800702881658,3.10683833062789,39.9214552729972,47.1004235538371
200.5,24.6630215726966,3.94316581675422,40.0750987347014,47.2210411612215
200.6,24.6394597236274,4.65387200168325,39.9986286242918,47.2085987072728
200.7,24.4341429147992,5.44655519259342,40.0140942900032,47.199788614951
200.8,24.2272397590781,6.30685572653442,39.8844769404477,47.0904138473244
200.9,23.9984741802207,7.0142961367895,39.9881594253997,47.161212956247
201,23.763460278942,7.68602925308587,40.0538023162108,47.2025864767413
201.1,23.5526021299813,8.4686265899647,40.0107779416008,47.1943328685293
201.2,23.2497548790366,9.11721912194862,39.9818241349413,47.1404396204606
201.3,22.8508914289279,9.92097205836493,40.0186162618081,47.138928426401
201.4,22.62166823315,10.6785998672632,40.1415622060101,47.2981752831417
201.5,22.3147990693366,11.3908543509997,39.9444195778144,47.151441926616
201.6,21.8948361643389,12.0030143925369,40.0006339095515,47.154076370306
201.7,21.4224416138496,12.7888668894388,40.0645734737224,47.1979466570939
201.8,21.1521516486036,13.404497198744,39.9392618163336,47.1406268408716
201.9,20.6394006215606,14.041486297715,40.0089708362246,47.1578831462998
202,20.1675966105284,14.6948463385935,40.0253204120814,47.1666909592951
202.1,19.6996363024137,15.3498853405439,40.0436012417099,47.1930572311255
202.2,19.2279554112495,15.940351273278,39.9652152065192,47.127778374499
202.3,18.8052708168655,16.5300170777298,39.9752949332456,47.1688867802248
202.4,18.2250073831658,17.1146861836364,40.0271650967688,47.1936152775435
202.5,17.6530402386712,17.606839243076,39.9893294218746,47.1251215957144
202.6,17.1828315066339,18.3006077426826,39.9890115922163,47.2152834414802
202.7,16.5676763410931,18.7574773680819,39.9542247103099,47.1452110904094
202.8,15.9767687113522,19.2240724797227,39.8746560088455,47.0617710353683
202.9,15.2497764226534,19.7933036638661,40.116393249579,47.2615653382936
203,14.6866071096034,20.2741016382848,39.9796570265204,47.1710568207832
203.1,14.1507839324662,20.7659884409333,40.1146492186442,47.3355684846733
203.2,13.4402420078947,21.0848304602175,39.9879243110849,47.1618942736183
203.3,12.6488878671261,21.431229881076,40.0157197953698,47.1227101218956
203.4,12.0112732131701,21.9089792851853,39.9802396894517,47.1454517758193
203.5,11.3451949141153,22.174845319837,40.0330732321174,47.1495934765724
203.6,10.6920232360017,22.6720200239492,40.0476927622576,47.2457146038213
203.7,9.93393843834473,22.8957126946765,39.9256377212778,47.0845339803286
203.8,9.20264223337269,23.2089460817297,40.0750976974134,47.2160699101198
203.9,8.41634564058142,23.5028413578716,39.9821475374456,47.1358732553146
204,7.748229812711,23.7600431427495,40.0087179468505,47.1727911737957
204.1,7.01861426000387,24.0886969164426,40.0405288141505,47.2521979698276
204.2,6.20842950374915,24.2035268544414,40.0281974317231,47.1869886592659
204.3,5.4931179211387,24.3190435807815,40.0435380464166,47.1707023951764
204.4,4.73075558421262,24.5414795799122,39.9701794151234,47.141059712802
204.5,3.88211372205848,24.6943267451249,39.9113580547491,47.0934929912867
204.6,3.13507836077175,24.7283503191937,39.956959606357,47.0943589702736
204.7,2.32517228267277,24.8976650746995,40.0000941693718,47.1731670112854
204.8,1.62963847922401,24.9558136938474,40.0294184632255,47.1996048839289
204.9,0.794171950492026,25.0039915498289,39.8921239615443,47.087279138575
205,0.016300000036702,25.1375485821117,40.0204456113477,47.2602653540886
205.1,-0.731665652102974,24.9510431225,39.9594630129371,47.1152689879789
205.2,-1.58011555939772,24.89132400622,39.9556807492262,47.1012866076688
205.3,-2.24920167835822,24.8301551870866,40.0383135719611,47.1663234574354
205.4,-3.12812470178284,24.8467590481164,39.9978192475035,47.1908057136241
205.5,-3.96038599260543,24.8025744351582,40.0566247807447,47.2798640506438
205.6,-4.65243271357155,24.6153077156747,39.9719812152297,47.1732740687176
205.7,-5.42637487038426,24.3331920971638,40.0082975829568,47.1403612349104
205.8,-6.2492506376471,24.2712394436476,39.9738059796527,47.1810487607252
205.9,-6.92833137385751,23.9947297128326,39.9207729264782,47.089456788811
206,-7.62414966748364,23.7433158953639,40.0398060212221,47.1705286601319
206.1,-8.48933932423251,23.4692840435814,40.0372883355802,47.1790274692755
206.2,-9.12821996362436,23.2552026412591,39.9598198232246,47.1265959930792
206.3,-9.99039287872245,22.922653503626,39.9506262431579,47.1307599210857
206.4,-10.6596623061248,22.6183564617457,40.0056993059895,47.1770540249437
206.5,-11.3910383797516,22.2967918220823,39.9609398826942,47.1569655219094
206.6,-11.9654731235116,21.9418810674832,40.0469317488233,47.2056716332261
206.7,-12.6917293190798,21.5514990119623,40.0584073912056,47.2252380141297
206.8,-13.4380477258195,21.0885539107546,39.9467382913848,47.1280185542379
206.9,-14.0649496312203,20.7442051769344,39.9923547358612,47.1967508825605
207,-14.6602886014821,20.2431698245513,40.0390569945914,47.1999583838854
207.1,-15.4200622783027,19.6885819764104,39.98204863586,47.1591220659253
207.2,-15.9044593233595,19.2689339866369,40.0164905767198,47.175874781783
207.3,-16.4718560924209,18.7046084106999,39.9690651030964,47.1031908063839
207.4,-17.1130397846427,18.1962740271794,40.0166874476331,47.1730409601132
207.5,-17.5165445618699,17.7029778898823,39.9693423800945,47.093238260443
207.6,-18.2366752902597,17.1718582510058,40.0723614754598,47.2572025796589
207.7,-18.7128612536341,16.5012298490601,39.9797471000306,47.1258097120005
207.8,-19.2297291899078,15.9740888121673,39.9549177946266,47.1311940658368
207.9,-19.7372839353669,15.373371428986,40.0973967079792,47.2620582390982
208,-20.3560618173015,14.7882572094641,39.8960433104444,47.1673199984049
208.1,-20.556787728705,13.9897375222601,39.9708139315395,47.0739869143725
208.2,-21.1214129568594,13.4671264417061,39.9784239569836,47.1778757679425
208.3,-21.5470732044711,12.7016285030268,39.9800357043279,47.1594209594124
208.4,-21.9996058829124,12.049656282,40.1114179893525,47.3085904317003
208.5,-22.2707567965436,11.2048202518219,40.0597416038633,47.1838690924635
208.6,-22.6193407335664,10.4974033214365,39.8968138830795,47.0487599170814
208.7,-22.8950936068618,9.98672409685084,40.0408514185423,47.193111274585
208.8,-23.2046344427669,9.191321234195,40.0048085680844,47.15209596849
208.9,-23.5781305133476,8.43825511993445,40.0150374100051,47.2052497811172
209,-23.7050303617543,7.65695185741863,39.9621081318657,47.0906303052045
209.1,-24.0467131349607,6.99824882675421,40.0054686111552,47.1980658293789
209.2,-24.1722042056967,6.18776680483029,40.0000844626727,47.1443599088354
209.3,-24.3146144208117,5.43554500068399,39.9982967532361,47.1233420615213
209.4,-24.5539448176352,4.66806115051512,39.9936151702913,47.1611731766904
209.5,-24.6490223750799,3.90866933844047,39.987978227776,47.1369324711477
209.6,-24.8645078400074,3.09717266602941,40.0568556514405,47.2481524858838
209.7,-24.896290426271,2.33774527066691,39.9882670280897,47.1630345699846
209.8,-24.892300660992,1.60801342982227,40.086117631977,47.2134426428788
209.9,-24.9926259943688,0.797765114371508,39.9614731348753,47.1400797451751
210,-25.0157977315005,-0.0232299729919119,40.0528882794254,47.2231355936804
210.1,-24.9889440760169,-0.716631512561885,40.0358878859457,47.1999280251052
210.2,-24.8710129185199,-1.59797893062466,40.032661138648,47.1564924278484
210.3,-24.9151373570822,-2.43638197861056,40.0309847794973,47.214190336003
210.4,-24.838382869395,-3.0389130958745,40.04368917417,47.219458902538
210.5,-24.6753879781376,-3.89145802152644,39.9763844687903,47.1394689469606
210.6,-24.5335333043081,-4.6804222774713,40.0200060890887,47.1741613222719
210.7,-24.4762936662725,-5.48802949671768,39.956765502548,47.1778605790901
210.8,-24.2510251298403,-6.30448624131401,40.0389216936353,47.2331876650743
210.9,-24.0979259224363,-6.95529254428786,40.0050270610944,47.217457770392
211,-23.806934728709,-7.79073538722692,39.9893725148418,47.1870280181067
211.1,-23.5268786471724,-8.4674964231129,39.9627598796311,47.1405843382457
211.2,-23.2009534259462,-9.19119197159391,40.0488103709723,47.1875986024052
211.3,-22.922284363274,-9.98981053370117,39.9235946446189,47.1075455131966
211.4,-22.6004335549119,-10.571003065622,39.9466650799898,47.0984262337528
211.5,-22.3046605459882,-11.3063942677696,40.0383597447211,47.2059602641205
211.6,-21.833309235602,-11.9785893092217,40.0395137720592,47.1523345882189
211.7,-21.5251109859828,-12.7945953785442,40.025604506025,47.2131453086137
211.8,-21.0549725471826,-13.4211412769643,40.0433384259195,47.1901245435056
211.9,-20.6704756791959,-14.0533832894512,39.9612634010763,47.1345809283869
212,-20.3004425266897,-14.7521550396517,40.0645587706565,47.2747598045801
212.1,-19.7400873885908,-15.203416877466,39.9659358775791,47.0966130993513
212.2,-19.2841354882896,-15.9978335617963,39.9914145430178,47.192391307849
212.3,-18.7487661988142,-16.5344007476988,40.0142875117192,47.1809903153148
212.4,-18.2543772770487,-17.1541505950766,40.0532322446431,47.2413863646561
212.5,-17.6128373202268,-17.647468742114,39.978431324953,47.1160287235315
212.6,-17.2077810116054,-18.2901160504539,40.0917348751787,47.3073279501608
212.7,-16.5100632151254,-18.7609714418827,39.9822545233449,47.1501528478977
212.8,-15.95078042536,-19.2925842208319,39.9354707805655,47.1325050104632
212.9,-15.3045823718187,-19.6819856703819,39.9961691481342,47.1307155476241
213,-14.6486906803269,-20.2564123448079,40.029842457389,47.1942228126935
213.1,-14.050774627731,-20.6310517951384,40.0478803865445,47.1900126008454
213.2,-13.4209865584978,-21.0434268969817,39.9932437458979,47.142425065866
213.3,-12.7450245016507,-21.5489467206487,40.0146905627464,47.201358191787
213.4,-12.1401807196777,-21.8679085236231,39.9456052834822,47.1300412960538
213.5,-11.3768381855734,-22.3169720606794,40.0264795181371,47.2186271684567
213.6,-10.6130209994791,-22.5533916382204,40.0475647548327,47.1709564447749
213.7,-9.81780285041974,-22.9383248532672,39.970837488001,47.1192513668873
213.8,-9.16354532439312,-23.2665552372726,40.0544149484018,47.219268443931
213.9,-8.41050650959419,-23.5259517430339,40.0023363496804,47.1634809847243
214,-7.70719290365361,-23.8568019219875,39.9696304820776,47.1817674666062
214.1,-6.93334096041782,-23.8591750466661,40.0597672617322,47.13932969236
214.2,-6.26074799921316,-24.2943640950825,39.9977905024058,47.2147893923973
214.3,-5.35602756679387,-24.3853048576172,39.9470179527136,47.1072644887135
214.4,-4.68085798986888,-24.5642361482206,39.9618702421496,47.1408867366459
214.5,-3.96328218989885,-24.5853295189404,39.9712350179217,47.0940087710696
214.6,-3.1403941490729,-24.8299426565638,40.0281072693295,47.2084473299507
214.7,-2.35690310335105,-24.8834923435242,40.0177991544685,47.1822787984662
214.8,-1.52112662462034,-24.9530930736271,40.0372324067673,47.2011722200066
214.9,-0.781375924688684,-24.966986507241,39.9531869962587,47.11919051455
215,-0.0165971011474288,-25.0950483563416,39.965865524338,47.1914413276429
215.1,0.888577074409041,-25.0494094018922,39.9173218520536,47.1344360785319
215.2,1.51131020611362,-25.0031354954825,40.001757410634,47.1972609277676
215.3,2.34954479512218,-24.8634823434525,39.9717442656095,47.1322973620292
215.4,3.06916415673165,-24.8265077079383,40.080439980468,47.2463429549969
215.5,3.92198440504434,-24.679906410326,40.041734168543,47.199790437248
215.6,4.80906128332435,-24.6036421844386,39.9195714769058,47.1385030104526
215.7,5.43522393281075,-24.3625248199646,40.067633463599,47.2068800724694
215.8,6.28664117043979,-24.1873007404909,39.9671740946926,47.1372716587658
215.9,6.91070759829969,-24.0060464094314,39.9546822258434,47.1213834207899
216,7.81724486306989,-23.8303815009903,39.9804815797648,47.1957128040445
216.1,8.51719744902494,-23.5782310908378,39.9937783016177,47.2014611701542
216.2,9.27239195938513,-23.3629600515623,39.9820002846624,47.2267456192158
216.3,9.7732748613104,-22.9667144697944,39.9360784966737,47.0943440419788
216.4,10.7260033876522,-22.5760386103594,39.9129319076896,47.0931714951991
216.5,11.3870641413092,-22.2722274348786,40.0565321796981,47.2254498647968
216.6,12.0093036413419,-21.8385859906342,40.088184844946,47.2039169580537
216.7,12.7786355646627,-21.5418610653819,40.0587164489881,47.2445348013409
216.8,13.3566925212287,-21.0833836601716,39.9709996966973,47.1231484349466
216.9,14.1063045517287,-20.6785174767408,39.9563651475801,47.1497617061714
217,14.654531811203,-20.2243753043378,39.9638612770742,47.1263288112866
217.1,15.3392626263762,-19.7730226002146,39.9549902297027,47.1451656580521
217.2,15.9382891913243,-19.2707325922404,40.0104947762116,47.1829406589413
217.3,16.4873817274626,-18.7582166256706,40.015401926292,47.1692361452393
217.4,17.0990342980391,-18.1809575613732,40.0211088631721,47.1658069623731
217.5,17.596741237345,-17.6054659862558,40.018080027353,47.1279584094507
217.6,18.2205873203082,-17.144518860468,39.9514476083774,47.1385457482393
217.7,18.7083532984036,-16.5499696699649,39.9682669205477,47.1313732013698
217.8,19.2695957814571,-15.9208374950571,40.0293628237004,47.1925870894595
217.9,19.7325732013838,-15.3454799352693,39.9794097276706,47.1509427452377
218,20.1858056646057,-14.64592252728,39.9591596054469,47.1031233930182
218.1,20.7187745427179,-14.0058414892386,39.9922478353156,47.167903295514
218.2,21.078976728409,-13.3085757595784,39.9666951561035,47.1039082281519
218.3,21.6156893990079,-12.7844337230974,39.9116896349766,47.1553045089665
218.4,21.9925984685516,-12.0038300571311,40.0444874015229,47.2369272359046
218.5,22.2960680023759,-11.3264468477741,40.0473458943666,47.2143300253754
218.6,22.6324815023827,-10.6528936360447,39.9885549068341,47.1677632002352
218.7,23.0791816896536,-9.92322478888315,39.9361094959867,47.1806301287953
218.8,23.1887491829261,-9.16860860332298,40.011072860172,47.1451739185632
218.9,23.4547859126693,-8.47239937745146,39.9519167173169,47.096328761461
219,23.7172267789884,-7.73684856130766,39.9834939558414,47.1279689851301
219.1,24.0417748043275,-6.97635638467515,39.9004135860313,47.1032853258066
219.2,24.1487599393136,-6.20488270841553,39.9539837085678,47.0954773860112
219.3,24.4073003112907,-5.47791428445254,40.0360852845085,47.2081770279448
219.4,24.6629317709861,-4.60824685085002,40.0477716789831,47.2580168757709
219.5,24.7514970175722,-3.88352489793929,39.9437732524204,47.1510698911973
219.6,24.8067927160587,-3.11747016518949,39.9877090172084,47.1604967905691
219.7,24.8408950706112,-2.40908988435703,39.9358463215638,47.0929464293708
219.8,24.9852253094979,-1.55736498200649,39.889728766403,47.0943449950284
219.9,25.0027265878698,-0.827934419817764,40.0585746118397,47.2282882620535
220,24.9230585109836,-0.0387133940640243,40.0275235183623,47.1525501249067
220.1,24.9233674863104,0.788820385260302,40.0093599198773,47.1438794082133
220.2,24.9715355568381,1.55903496698744,40.0414856136268,47.2157680043542
220.3,24.9293326979864,2.3693880046806,40.0664432460783,47.2483386234356
220.4,24.8241623693481,3.05584409786026,40.0371478735056,47.2075251452048
220.5,24.8004880436939,3.9002183296684,39.9417832839193,47.1764979849507
220.6,24.5605088809304,4.61612509273653,39.9421829259164,47.1158697706985
220.7,24.4012387961189,5.56487370122817,40.0298659335834,47.2099400630471
220.8,24.2096170257437,6.22752702337457,39.9663813033361,47.1402087802302
220.9,23.9603150701528,7.00765361379239,40.0506894184692,47.1938728049158
221,23.7667678812893,7.70514291793864,40.0245029673915,47.1825107502311
221.1,23.5456768266249,8.36739278757077,40.0503820753855,47.2064112559906
221.2,23.2573193053299,9.22517682439863,39.9790814943705,47.1628428516031
221.3,22.9802804416074,9.91374467537589,40.0500202037776,47.2268963725805
221.4,22.6153742505933,10.6549826826717,39.9764072324528,47.1497289883763
221.5,22.3050509603859,11.3040353253474,40.0558184587957,47.2203886619553
221.6,21.9265910489233,12.0964441680347,39.95926065585,47.1576278951694
221.7,21.5380273660829,12.7320548084114,40.0021247701603,47.1822194114902
221.8,21.1445028352563,13.3511527227903,40.101010227092,47.2592245007339
221.9,20.627912499902,13.9556274375896,39.9857627270079,47.1076589541551
222,20.2264689123604,14.6664649322473,39.9978472706755,47.1597606499418
222.1,19.7116877052956,15.3388090951768,40.1165183545709,47.2563724966486
222.2,19.2383010058244,15.9708431208808,39.9866747224689,47.1605153803796
222.3,18.7490425278554,16.5028559241359,40.0255934969554,47.1796458671283
222.4,18.241350359879,17.036835359344,39.9435887610378,47.1008588576064
222.5,17.7290374962892,17.6946696534428,40.0504651578041,47.238330453624
222.6,17.1287233064752,18.2349907552983,40.0369469328849,47.2108585990791
222.7,16.6113453189405,18.7379875304208,39.9890567094856,47.1823444363435
222.8,15.9363096313457,19.2398053644292,39.8747084257611,47.0545263196507
222.9,15.3411965803956,19.7096259687555,40.0206014213603,47.1748895756415
223,14.5883876890547,20.2513510883937,39.8428528586517,47.0147976725171
223.1,14.0467979242719,20.7359730689091,39.9612581354355,47.1613746916559
223.2,13.3909264591897,21.0863251368706,39.9119679966591,47.0841290519383
223.3,12.6102111926595,21.5255959631652,40.0191997193513,47.1582978283805
223.4,12.004924338852,21.8968419299294,39.9262406878993,47.0924048053817
223.5,11.3165499967258,22.2682668288505,39.9743555114646,47.1369187574478
223.6,10.7130705890459,22.5820924273559,39.9522894577145,47.1264916236773
223.7,9.90348645156846,22.9830173055428,40.0079133338308,47.1903725106149
223.8,9.19995046374366,23.2416187348912,40.0259436393177,47.189915174444
223.9,8.42322398730671,23.5322900768849,40.0511020246083,47.2102759151923
224,7.74146459066618,23.7531770057411,39.9856904067192,47.1486917016433
224.1,6.94199344284531,23.9759369323882,39.8989879545274,47.0634259753993
224.2,6.16735836261371,24.1812891588104,39.922222565641,47.0803027723429
224.3,5.45623892660468,24.4353159899326,39.9871020108946,47.1786343378202
224.4,4.56959717981944,24.5134025457557,40.0788668626298,47.2027932621416
224.5,3.88207884005937,24.710812238046,39.9666053936404,47.1489588885626
224.6,3.02688222386683,24.782888919455,39.966079802381,47.1236791216634
224.7,2.30717042705048,24.8815374482304,39.9139588957112,47.0907427834354
224.8,1.54600003362346,24.9456392005219,40.0127124227025,47.1772422535323
224.9,0.828675294538648,24.9667209199242,40.0267670715862,47.1822629643829
225,0.00745732635027449,24.9205590797465,40.0062535035407,47.1331586025
225.1,-0.783544963116242,24.9759202527901,40.0718326335442,47.2245942893503
225.2,-1.58147915721791,24.9909339007719,39.998107204465,47.1900035335593
225.3,-2.30285834897233,24.9208723815453,39.9421308309466,47.1351975931909
225.4,-3.15610860667855,24.7807408844381,39.9830696655532,47.1454345636913
225.5,-3.9588309116287,24.6883701316778,40.0560266181793,47.219415819998
225.6,-4.6586406009215,24.5136156929423,40.0135424847815,47.1561646953104
225.7,-5.51524616991139,24.3338604012155,40.0055310627071,47.1486714335599
225.8,-6.25480643054773,24.1056047880178,40.0307577952254,47.1451413757529
225.9,-6.97353693511421,24.069878868096,40.0290401270502,47.2261933634631
226,-7.70718360807454,23.7083720617471,40.0451133710166,47.1709517593654
226.1,-8.46964964450993,23.5142219358809,40.0175864611429,47.1811490377847
226.2,-9.19163890339991,23.2327330128667,40.0371681556612,47.1934417361389
226.3,-9.85701301135441,22.848145454674,39.9651274934765,47.078762428443
226.4,-10.7423692100073,22.6498293201027,40.0331779107828,47.234188868978
226.5,-11.3706608870413,22.2133641595568,40.0850112530816,47.2179373062065
226.6,-12.0580481047132,21.8332241088016,39.9789055270497,47.1211108339087
226.7,-12.7415146569311,21.5599096800129,40.0700982564589,47.2523933303423
226.8,-13.4172621327225,21.0747930359597,40.0262751694722,47.1833925082653
226.9,-13.976512834763,20.7245262918426,39.8893730453828,47.0745258393038
227,-14.6706960969435,20.2372205215985,40.0068829282383,47.1733515879722
227.1,-15.3025842008358,19.7310284164391,39.9323139290929,47.0964145272825
227.2,-15.9581522690715,19.2969127121908,40.0759216348993,47.255824603443
227.3,-16.4695354478826,18.7149033082791,40.0476007461179,47.1731229539423
227.4,-16.9836605488988,18.2332314418323,39.9527315532917,47.0862635279233
227.5,-17.6146345891767,17.6684430067611,39.9416693109372,47.0933772131247
227.6,-18.3119134966143,17.0702683146768,40.0086811858417,47.1954956163496
227.7,-18.8072514896941,16.5487649632457,39.9796202263475,47.179914835111
227.8,-19.2870198452313,15.9634147339302,39.9646308275568,47.1592139635587
227.9,-19.7290085862174,15.2950970662222,40.0069409330266,47.1564321898813
228,-20.2046958756345,14.6607770814622,39.9915989627718,47.1433569833374
228.1,-20.748182169884,13.9570906047151,39.9633429915833,47.1418733671653
228.2,-21.1332403578645,13.3909491964396,40.0215333333621,47.1980349035668
228.3,-21.5265950634325,12.7029529382845,40.0553753146227,47.2143240973812
228.4,-21.9173228634997,12.0665665478159,40.0586266027148,47.2299125031106
228.5,-22.3399636478181,11.3166843140155,40.0821925894056,47.2622839315148
228.6,-22.6338442200326,10.6237448412473,39.9808772937994,47.1553327611043
228.7,-22.8807811596399,9.90096889615389,39.9578206189424,47.0976300908391
228.8,-23.3033704373874,9.27917776824541,39.9450183298493,47.167305447405
228.9,-23.5737406499909,8.50252069400706,40.0423272848924,47.2377188354338
229,-23.8058320897461,7.74724440474209,40.082688084012,47.2584312201769
229.1,-23.9460428122985,6.95527307575285,40.0231137334924,47.1554707626888
229.2,-24.1841183789986,6.25728774740994,40.0580517270551,47.2088205729684
229.3,-24.3656338416426,5.3979923422789,40.0187832598425,47.1627548753309
229.4,-24.5911380211755,4.70075592336731,39.9918503313264,47.1822982521071
229.5,-24.6761254502464,3.91301411943447,39.9868677316329,47.1505295592987
229.6,-24.8784115822433,3.11388478423924,39.9350850050936,47.1533949538001
229.7,-24.8772931988903,2.35204942095803,39.9462399376537,47.1180850474505
229.8,-24.9174428692996,1.58422426739853,40.0292203482901,47.1776134132089
229.9,-24.9775214180674,0.706451141203836,39.9871108290334,47.152356058402
230,-24.9650057666888,0.0124743900435766,40.0113134132332,47.1609676490335
230.1,-24.9475360786227,-0.789258488297295,40.0104638051491,47.1576048931525
230.2,-25.0268312743756,-1.57920234294984,39.9670205859202,47.1826122442517
230.3,-24.8250598497832,-2.4240200765524,39.9959645432673,47.1363622867011
230.4,-24.900303862112,-3.13757226888563,39.996079470728,47.2181730395912
230.5,-24.6804921897014,-3.91158007199102,39.9906886339938,47.1559363262627
230.6,-24.6363318285573,-4.69509421372812,40.0429968085346,47.2486438858395
230.7,-24.4908330872619,-5.41050575857387,39.9922351744914,47.2064969270493
230.8,-24.2270291725488,-6.23465188641824,40.0177974326237,47.1936853618242
230.9,-24.0370179855856,-6.84123782028037,40.1070251189394,47.2562613041302
231,-23.7774113693244,-7.70117409023982,40.0766666001995,47.2314786935345
231.1,-23.5114609923724,-8.38602809513296,40.0348200025991,47.1794560995432
231.2,-23.3607231659824,-9.29444625678488,39.9782641226099,47.2268114561536
231.3,-23.0259650240006,-9.94824100955253,39.9646366552127,47.1840518337903
231.4,-22.6146065861904,-10.6597603485501,39.9522579807023,47.1299675312139
231.5,-22.2983961990947,-11.3418403553385,39.9573345036307,47.1428085325092
231.6,-21.856979403239,-12.0067489226856,40.1359176453983,47.2523169121284
231.7,-21.5084868988057,-12.7987493447995,40.0235242176152,47.2049307198425
231.8,-21.0616267095066,-13.4615843185207,39.906497725894,47.0885860136194
231.9,-20.6322730953823,-13.9691909731365,39.9389644433299,47.0738767293705
232,-20.2350547371691,-14.7756902074354,39.9175088434607,47.1294597209654
232.1,-19.7419792203799,-15.2994838449409,40.0255951771538,47.179107862961
232.2,-19.2990106845021,-15.9289582420609,40.0423577529995,47.2183644199695
232.3,-18.7983311714558,-16.4320018541598,40.0594374197491,47.203246351852
232.4,-18.1750117179344,-17.156694515841,40.0868621849521,47.2402343081857
232.5,-17.6832986714499,-17.7566918820386,39.958205981407,47.1662737954771
232.6,-17.0736702047747,-18.2182463732845,39.9857508814249,47.141011749118
232.7,-16.4858976527624,-18.6689387728834,39.985739787003,47.1081042139985
232.8,-15.8754906287541,-19.2722114210612,39.9787921497965,47.1354766340425
232.9,-15.2370949676986,-19.7961486013056,40.0712046708962,47.2203134919336
233,-14.6998796973438,-20.2078677489662,40.0052628510577,47.1684792828676
233.1,-14.0966288713148,-20.6352415881952,40.0278417714058,47.1885182837464
233.2,-13.3925864240595,-21.0728006452022,39.9987826990091,47.1521676655579
233.3,-12.7429618510402,-21.4428126491873,39.9221355650149,47.0739227079775
233.4,-12.0389150530046,-22.0477628950944,39.9496828192532,47.1912754827701
233.5,-11.3219211245658,-22.3558202270125,40.0028406499359,47.2037695108935
233.6,-10.6146558586204,-22.6040174743385,40.0202972893135,47.1724148216114
233.7,-9.94821349985479,-22.9034884977441,39.9730970647828,47.131573559086
233.8,-9.23401954681457,-23.2793017932573,40.0507019174318,47.2361274137866
233.9,-8.48100117892178,-23.5748475980305,40.0360914371081,47.2291164201462
234,-7.74570186087938,-23.7157552019787,39.9828630319308,47.1281474105226
234.1,-6.89427069119389,-24.0623019007719,40.0408992057492,47.2207470327643
234.2,-6.26026156673424,-24.2402125931418,39.9697896892188,47.1631516042452
234.3,-5.49710241285166,-24.3968557927353,40.0203349117147,47.1916508924483
234.4,-4.75900862601337,-24.5397156320205,40.0240234134487,47.1886454203041
234.5,-3.89140748801251,-24.6309278880141,40.0295699365348,47.1613414797145
234.6,-3.1294130424293,-24.8338505279748,39.983219250472,47.1717201262285
234.7,-2.37407995087157,-24.8668357785609,39.9761516121751,47.1390334539292
234.8,-1.6611805364107,-24.9408723330324,39.9677844645412,47.1405391198615
234.9,-0.800721438366114,-24.9767231468673,40.0449509557677,47.2024994150411
235,-0.014356407103692,-24.9801291820698,40.0704074379013,47.2191127860185
235.1,0.825966398823599,-25.0150907690704,39.9930352577176,47.1792311912971
235.2,1.58658167561711,-25.0063593512745,39.9812831699142,47.1840889848617
235.3,2.32177019588413,-24.9750799005261,39.9864167362804,47.2023172766724
235.4,3.08590630080493,-24.8274307926462,39.9875900255085,47.1691794873425
235.5,3.99117426488236,-24.6921795910058,39.9516216306585,47.1356051821385
235.6,4.68098337946745,-24.5051422876908,39.9387838425492,47.0905516931018
235.7,5.47104743411388,-24.3872523182821,40.0621374620607,47.2191200012339
235.8,6.10841244707488,-24.1858149502953,39.9237688650617,47.0762537573284
235.9,6.97325261388032,-24.0406537604506,40.0043000841703,47.1902883067184
236,7.57669864846584,-23.7978407881186,40.0401769760445,47.190670273469
236.1,8.46931911992602,-23.5345221022055,39.9541224630024,47.1374055153966
236.2,9.24274968174297,-23.318231416843,40.0249037724027,47.2351697369545
236.3,9.91989149433107,-23.0352817510894,40.0241160329674,47.2330214662562
236.4,10.5974936875266,-22.6079988792972,40.0248626154624,47.1743374428312
236.5,11.2262576934992,-22.1760617993248,39.9854849150578,47.0812657287444
236.6,12.0282226130008,-22.0054313900894,39.9879929631452,47.2012365421965
236.7,12.6797665097336,-21.5850963674001,40.0790082411961,47.254838540928
236.8,13.3376084700108,-21.0779775642119,40.0235182711136,47.1598871149507
236.9,14.0746984299258,-20.745323976914,39.9730398892545,47.183784511084
237,14.6883473447025,-20.1685790538048,39.9589108816348,47.1087432183733
237.1,15.3048792228577,-19.7381384461785,39.9261598596084,47.0949220031394
237.2,16.0260040228324,-19.1885448539211,39.9335178108578,47.1138928905358
237.3,16.4823617199827,-18.7668213278055,40.0110555858648,47.1672174260183
237.4,17.1738877010985,-18.1863472009266,39.8939126411324,47.0872584581105
237.5,17.6498606506405,-17.6832575491417,39.9701528907415,47.1362737246546
237.6,18.2801924317687,-17.0991700525155,40.049690265446,47.2284315024911
237.7,18.7903936394298,-16.5421814057816,39.9816588369445,47.1726160196817
237.8,19.3156811103101,-15.9857521100501,40.0643189295502,47.2629819051642
237.9,19.7889878578331,-15.3218345171679,40.0227722360566,47.2036539991155
238,20.1887810753813,-14.6898668058451,39.9732967091679,47.1300702087565
238.1,20.718140959159,-13.9830234405098,40.0190964780613,47.18362419592
238.2,21.1028109994563,-13.3841895595813,40.0355438877007,47.1943845878891
238.3,21.4838855356057,-12.6969383939699,39.9747817820142,47.1248635096902
238.4,21.8742539618081,-12.093328242562,39.9680436935569,47.1399627816792
238.5,22.2881977593102,-11.3238182910598,40.0028090886907,47.1722095627637
238.6,22.5687439868621,-10.6444409632352,40.0968255065173,47.2271928476002
238.7,22.9524426884807,-9.87879014447885,40.0244884305242,47.1843702322263
238.8,23.2483175081025,-9.10823822385909,39.9334369690218,47.0969601849095
238.9,23.5507264553691,-8.51948882711734,40.018772461903,47.2093270001656
239,23.8522218153226,-7.66164585480644,39.9857771479387,47.1857147541122
239.1,23.9996377144332,-7.00940673570006,40.0096864607041,47.1793323807615
239.2,24.1703943141838,-6.25474356590142,40.0777149878449,47.2181428798851
239.3,24.3513134952074,-5.44613016344027,40.0024597797016,47.1470422309359
239.4,24.5280605239859,-4.75237946502779,40.0600075046868,47.2124460807053
239.5,24.6236914394761,-3.88154719066816,40.0180902769798,47.1470056113474
239.6,24.7734041555656,-3.20155762820224,40.0126988227241,47.1697741332277
239.7,24.8643839626991,-2.38752467279023,39.9698356395013,47.1330629702384
239.8,25.0554896888021,-1.54810527967811,40.0452703481165,47.2630708984972
239.9,24.9969993165519,-0.752788235049991,40.050641107858,47.2172692784003
240,24.9858317303252,0.0740151675510781,39.927788514567,47.1012267479854
240.1,25.0012488975258,0.826144439457559,39.9990797336186,47.177021319783
240.2,24.8095667727223,1.5924486906344,39.9509318245662,47.0545157230803
240.3,24.8840586284643,2.33197235601389,40.0144400810161,47.1784896313065
240.4,24.8307874918613,3.0400673894191,40.0222351414404,47.197344447701
240.5,24.6910769078698,3.91612014714567,39.9233473890999,47.1047656042144
240.6,24.536420379189,4.70801463677969,40.0760250509427,47.2259368433089
240.7,24.4965964983176,5.44497217613902,39.9523107846477,47.1796364868721
240.8,24.2598412590522,6.26881116683325,40.0173782610919,47.2147059108826
240.9,24.022630879849,6.97856374690375,39.9925182211374,47.1719054101812
241,23.7912214164856,7.66405512283343,39.9762837989386,47.1472504371926
241.1,23.5398128267504,8.38341541597,39.9581320984172,47.1280888934585
241.2,23.184999958083,9.22299068351629,39.9404484075909,47.0940250902805
241.3,22.9346102665924,9.98067208833283,40.0231151898906,47.1959734820521
241.4,22.5136325215115,10.7988641462374,40.0037186727659,47.1569361156167
241.5,22.2704275180656,11.2557118512392,39.9021361472364,47.0621234139316
241.6,21.91863491912,12.1511467987024,39.9185319994497,47.1334925740961
241.7,21.4955606392875,12.6876587448562,39.9736159683455,47.1266992819143
241.8,21.1872058637233,13.3436281149477,40.0385908508667,47.2232872733879
241.9,20.7473243022947,14.1514761390233,40.0151116907541,47.2432524943135
242,20.254010221262,14.6684223978315,39.8996707084502,47.0889718334023
242.1,19.758776394448,15.3386987166934,40.0104818963595,47.1860528599946
242.2,19.282436094954,15.8669263130962,39.960749459445,47.1214727034475
242.3,18.6783002333629,16.5425694262179,40.017664620464,47.1587636023764
242.4,18.2714125044921,17.2183055763709,40.0207395112127,47.2437736940534
242.5,17.654524839014,17.6365845078692,40.0307048056045,47.1719057027382
242.6,17.1689357205857,18.2633353393946,40.0847734936835,47.276958843994
242.7,16.4995789744765,18.6877545833948,40.0253618280785,47.1539803958561
242.8,15.9548096178115,19.2931148057951,40.034261458898,47.217817817108
242.9,15.457125083107,19.7182587502061,40.0086360914763,47.206179742435
243,14.5966130303454,20.1756238346342,39.9799263427134,47.1010766272184
243.1,14.0462523026386,20.6549125018735,39.9617830772294,47.1260726235591
243.2,13.4311372688472,21.0292184640902,39.9715635249514,47.1205832749794
243.3,12.7226429637583,21.6103804996088,40.0242386306675,47.2314923254152
243.4,12.0991666248957,21.8922981517663,39.9039454167449,47.095513705717
243.5,11.3603850569031,22.2611750746713,39.935303161288,47.1110040535144
243.6,10.625509957375,22.6114328489594,39.9946989315304,47.1566994175911
243.7,9.89493164042065,22.9333738857107,39.9469008339854,47.112675536321
243.8,9.1540662639594,23.309336818222,40.0250230204356,47.2136058764492
243.9,8.50600330456632,23.6602924331506,40.030181434234,47.2713121871732
244,7.7057760311142,23.7703479200843,40.0070996873715,47.1696560288373
244.1,6.97772157206116,24.0748580195245,40.008112365115,47.2116134231519
244.2,6.21624921331454,24.2194356870653,40.01367116385,47.1838605806121
244.3,5.46881496256129,24.3300462633098,39.9975127287141,47.1344896307701
244.4,4.77505524707573,24.5814510736488,39.9590298540812,47.1568972301844
244.5,3.98111101644425,24.6947317561314,40.063850608092,47.2312518040762
244.6,3.12001187337089,24.822757097067,39.9605354872546,47.1460299539431
244.7,2.40918721014316,24.9234437924818,39.9693867191878,47.1649669585223
244.8,1.61480273031845,24.942481873742,40.0308016344446,47.1932205870296
244.9,0.8012815334504,25.019492200833,39.9867524909467,47.1758138971192
245,0.0681714555254678,25.0419605719659,39.9898366249571,47.1835932282187
245.1,-0.902406146369743,24.9870382467408,39.8967461574517,47.0841456453149
245.2,-1.59446031255945,24.9670093250529,39.9184355547088,47.1102468202094
245.3,-2.34508908836318,24.8464433755213,39.929193187814,47.0870009649703
245.4,-3.09203719019529,24.9127461088919,39.9117661246991,47.1503413334871
245.5,-3.86836407697195,24.7328191353498,40.0336042261485,47.2161630201971
245.6,-4.73752597587031,24.4370708343413,40.0624816854962,47.1658459283344
245.7,-5.41098047556146,24.3845402515996,39.9765125108234,47.1381593352648
245.8,-6.21976633524263,24.2248703005332,40.0691489849419,47.2341670268477
245.9,-6.97161886375952,23.9346426380051,39.955208811854,47.0944720640267
246,-7.71222323122355,23.6585194939532,39.9771762757377,47.0890492024992
246.1,-8.38363598531204,23.5066090672508,39.9308403753115,47.0884065907245
246.2,-9.30235707767677,23.2349200211974,40.0143480577378,47.1968580106539
246.3,-9.9348482960156,22.9358840318122,39.9870933024144,47.1563740947242
246.4,-10.6353318911016,22.5963005969063,40.0160991997019,47.1698132311335
246.5,-11.2964076283267,22.2066130400748,40.0300242784396,47.1502421176116
246.6,-12.0133620098715,21.94155470061,40.0140926436334,47.1898325866214
246.7,-12.7909766952993,21.5197372111508,40.0142728665646,47.2001081301364
246.8,-13.4317643767285,21.0629723490454,40.052715503774,47.204672625439
246.9,-14.0833331344039,20.6429827552627,39.9815360562013,47.1486610056107
247,-14.6564956695282,20.2447364135075,39.9686858986506,47.1397716395433
247.1,-15.3666833481157,19.7351595563539,40.0369101163292,47.2076863603696
247.2,-15.9815970720524,19.1761324179232,40.0193577469105,47.1665611843641
247.3,-16.4346702072105,18.6819465716836,39.9285236126635,47.0467906494592
247.4,-17.0490644445551,18.2925789124854,39.9843158118284,47.1596708284115
247.5,-17.6538408507387,17.7326372304893,39.9968256418008,47.1789209430649
247.6,-18.2286363365649,17.138470782351,39.9919780236716,47.173813389359
247.7,-18.7226539373611,16.5499592164719,39.9360054487024,47.109695941747
247.8,-19.2032185484104,15.9688415151912,40.074128763876,47.2197342023335
247.9,-19.7379841036873,15.3205826337507,40.0265280978416,47.1850741260655
248,-20.2356455766749,14.7275102010278,39.9983544245525,47.1831459877179
248.1,-20.6084384438784,13.961082180611,40.0146624901559,47.1252879561493
248.2,-21.0484046818532,13.4234220751478,40.0702766194005,47.210705017124
248.3,-21.4838476977171,12.7591063283682,39.9921689433407,47.1563790275506
248.4,-21.8426621884919,12.0438857541869,40.0057541465353,47.1446438142606
248.5,-22.2087615018938,11.3233452782008,40.0566492645558,47.1803177823231
248.6,-22.6119099998699,10.6331438880203,39.911757087902,47.0883273925636
248.7,-23.0001300604869,9.95684767228311,40.0687859681394,47.2615320036171
248.8,-23.246851063752,9.24667989015602,39.9914567920571,47.1723837612882
248.9,-23.5707830480906,8.52017610472535,39.9778114679572,47.184749910572
249,-23.7938534517382,7.6928862784917,39.9347519455538,47.1180684486272
249.1,-24.0116490037802,7.00027271734947,39.9700766973463,47.1505051636751
249.2,-24.2668386834368,6.22480615888013,40.0500679321431,47.2401906513178
249.3,-24.4224799761802,5.57162966582086,40.0693050648184,47.2551562657183
249.4,-24.6262860754031,4.69376716374126,39.9914768172079,47.1996147661852
249.5,-24.6406116870223,3.91361638453281,40.0916474911655,47.2209311224565
249.6,-24.717306984192,3.15440386039428,40.037152166081,47.1579164280525
249.7,-24.8836740268547,2.39200588466652,39.9974720344635,47.1669025310623
249.8,-24.9883133943714,1.62441001342856,40.0229824361318,47.2111600923973
249.9,-25.0212344627853,0.736957575010477,39.9929221735622,47.1809188601668
250,-24.9998573675204,-0.118620409462042,40.0083454446723,47.1770563348132
250.1,-24.9556021224579,-0.743917902423056,39.9339352847373,47.096227858137
250.2,-24.9195728574464,-1.56474065507805,40.0395752287057,47.1868743318565
250.3,-24.9287471667084,-2.33387975440601,39.9077134004638,47.1117291007585
250.4,-24.8855764354791,-3.13685884653857,40.0288543485248,47.2381305557766
250.5,-24.7101386691129,-3.97324912664821,40.0553269868624,47.2314183747817
250.6,-24.5782086594578,-4.65396625628277,39.9344380377706,47.1222567818542
250.7,-24.4612432618295,-5.43043019366322,39.9861995843874,47.1883264293735
250.8,-24.2445299171258,-6.25027395167547,39.9972062127957,47.1872828228359
250.9,-23.9716529473285,-7.01280306575927,40.019671715845,47.1740784341389
251,-23.7381319855352,-7.66935194667751,39.9630175208503,47.1100906262818
251.1,-23.5327702269221,-8.55428620417146,40.0070333454504,47.1967139123051
251.2,-23.2266440432397,-9.16983300668791,39.9724798455088,47.1313269055892
251.3,-22.9740015088134,-9.98774746781412,39.9311488429519,47.1386942195662
251.4,-22.6260599912247,-10.628784202932,40.0942384296096,47.2488899299166
251.5,-22.3196729981354,-11.313376365695,40.0612489424271,47.234139712317
251.6,-21.8930175368751,-12.0175744203146,39.9926728354363,47.1501876172298
251.7,-21.494150259412,-12.7456970560218,40.0017686636965,47.1655889928447
251.8,-21.1280246857694,-13.348407945482,39.9383203276834,47.1130857872645
251.9,-20.646651057878,-14.0696464177096,40.0052418488622,47.1662859001119
252,-20.2623316921209,-14.7379571418835,39.958211856993,47.1638437908305
252.1,-19.6776012346512,-15.2988607942894,40.0258496358986,47.1522191527457
252.2,-19.2621013337678,-15.9631356968169,40.1694369766388,47.3226575340765
252.3,-18.7601781519703,-16.6295054067715,39.9627211024651,47.1752457575042
252.4,-18.2051241371597,-17.1730626491612,40.0235952497654,47.204118488946
252.5,-17.6573097518467,-17.6761189997099,39.8977872841045,47.0750379790842
252.6,-17.1904000500682,-18.1848698040376,39.9786208723596,47.1644937482323
252.7,-16.5038864688489,-18.751250215086,39.9703984596468,47.1340684243186
252.8,-15.9736566545228,-19.2377020135684,39.9588270578916,47.1376149749
252.9,-15.2997073690464,-19.8116789975061,39.9775469177282,47.1676576462923
253,-14.6560188041929,-20.2444503735765,39.9775885088869,47.1470491240221
253.1,-14.0163393021233,-20.7073717212524,39.9883890402907,47.16274238286
253.2,-13.3869931753373,-21.1170619769381,39.9673247375866,47.1437051947985
253.3,-12.7243929454852,-21.5449306465791,40.0160879241468,47.1951428131122
253.4,-12.1363218369716,-21.8675843329887,40.0793539715546,47.2423133119886
253.5,-11.2957260025705,-22.3278229579208,39.9712310973169,47.1574428844537
253.6,-10.6757454525358,-22.583797394976,39.954836638249,47.1209976181938
253.7,-9.92899797807769,-22.9571429284408,39.9638604343054,47.1457904069724
253.8,-9.25546339784162,-23.2152270671538,40.03827153922,47.1982368138536
253.9,-8.54986419506333,-23.5145535705845,40.0177390686079,47.1959092246468
254,-7.69999925198503,-23.7353285813222,39.9863780690638,47.1334938491303
254.1,-7.02559114550482,-24.046586222708,39.9255820220192,47.1343753507661
254.2,-6.18307477901621,-24.1075173669331,39.9919025190566,47.1036630678933
254.3,-5.46765703043269,-24.4201445782702,39.9367120918873,47.1293932417589
254.4,-4.77306756756788,-24.6137678635891,40.0399278998205,47.2420953035536
254.5,-3.94897204534997,-24.7068152671658,40.0576705730458,47.2296312985765
254.6,-3.08171953472338,-24.7389136175652,39.9332669490645,47.0762854470624
254.7,-2.42653646063937,-24.8798185035851,40.0025343330159,47.1709253781422
254.8,-1.51949358604691,-24.9480499556615,39.9404285231086,47.1163653941788
254.9,-0.848103152286278,-25.0915264565209,39.9834579555093,47.2120841411941
255,-0.0691850721198182,-25.0988065410286,40.0314500519153,47.2490409385966
255.1,0.802450550571333,-24.9655429962283,40.0035031078072,47.161451683329
255.2,1.52051393261897,-24.8855987121341,39.9791191368291,47.1161856779327
255.3,2.26371830490855,-24.9467406656292,39.9517234639506,47.1551110500455
255.4,3.12152836285348,-24.7750838349105,40.0353178315223,47.1844825362952
255.5,3.87291511816271,-24.7309218259784,40.0101395851301,47.1956484805193
255.6,4.76562662507338,-24.5378618781518,39.9941800117149,47.1630395276886
255.7,5.42246930005195,-24.426625636995,39.9347137910412,47.1258376996344
255.8,6.29090246587761,-24.1631949147726,39.9555694972586,47.1156340950086
255.9,7.08297135466794,-24.0759030010729,40.1392331300642,47.3389440608656
256,7.71610781932442,-23.7812722693164,40.0042258661914,47.1744138043076
256.1,8.52286257117665,-23.5076892918819,39.9914224485015,47.1652892676949
256.2,9.16991689540722,-23.2630620638391,40.0049791411754,47.1768564927824
256.3,10.0151094837487,-22.9348012919381,40.0381558236946,47.2161143047012
256.4,10.6114640781738,-22.672205154069,39.9683390287851,47.1603666350302
256.5,11.3600326887194,-22.2616122741407,39.9486934220876,47.1224769071501
256.6,12.0428195153979,-21.9571438435087,40.0190883298392,47.2088243699888
256.7,12.6959194897466,-21.4771601715352,40.0232570751345,47.1626535261345
256.8,13.4261633926159,-21.1996344389191,40.01344531457,47.2309450438069
256.9,14.0902072087478,-20.6887288343636,40.0625927231244,47.2394832281876
257,14.651818427493,-20.267203458517,39.9879363667113,47.1642913031597
257.1,15.3740421358175,-19.7078262135136,39.8735150697296,47.0601401365518
257.2,15.9516070879442,-19.3326587301744,40.0725612432057,47.2653745024411
257.3,16.586605613353,-18.6869510604923,39.9893965240696,47.1536791785055
257.4,17.1357208528228,-18.1597365955918,40.0314210683901,47.179695157153
257.5,17.761967312876,-17.6890566633218,40.0292936241921,47.230652721656
257.6,18.2801359828009,-17.1057008970913,40.0055684247396,47.193366903803
257.7,18.7298978892903,-16.6018103639857,39.9651299281954,47.1554958884171
257.8,19.2038396955459,-15.9649490855182,40.0393463276083,47.189154608846
257.9,19.804153635171,-15.2721993630102,40.0718749166125,47.235576993635
258,20.2817981293435,-14.6432240850953,40.0113637063656,47.1877587156757
258.1,20.6421499308206,-14.0322572908855,39.9966434246493,47.1458808771522
258.2,21.0867110894057,-13.4418587018332,39.973960137306,47.1513567035674
258.3,21.5797993246851,-12.7539042636225,39.9528654994951,47.1654669698083
258.4,21.9077619217634,-12.1155884748963,39.9887589210896,47.1787913851418
258.5,22.2651072304822,-11.3221761993262,39.9615055971677,47.1258803999026
258.6,22.6173203293491,-10.6439035927964,40.0396165055902,47.2017664127929
258.7,22.8919293401328,-9.87988794134209,40.0215687556163,47.1527155136121
258.8,23.2170586025176,-9.23299268898199,40.0263176139503,47.1845956418019
258.9,23.5192170597635,-8.51467546504708,40.0024490672994,47.1789063116264
259,23.8023789360998,-7.74296979135655,39.9350112743308,47.1307961919643
259.1,23.9937189762061,-7.07084867257216,40.0724884745465,47.238752987375
259.2,24.259504118619,-6.24548446019482,39.982408501522,47.1818037574488
259.3,24.4666746008492,-5.39214020520348,39.9446638405156,47.1515589492882
259.4,24.519146310861,-4.62780546536567,39.9985143741332,47.1432526601254
259.5,24.7296715897965,-3.90597818080788,40.0508992352249,47.232275533138
259.6,24.7973540891665,-3.14123580549813,40.0485144032262,47.2086818086955
259.7,24.9577424717678,-2.40754879922495,39.9384053314142,47.1567749207265
259.8,24.8896922080765,-1.50182318458595,40.0384424913472,47.1680943882988
259.9,25.0240187700752,-0.842192232627269,39.9462538363774,47.1446073132661
260,25.0057098898046,0.0526170093889475,39.9593086761549,47.1384624857343
260.1,24.9598055767944,0.783794138655863,40.0886594447311,47.2303593439516
260.2,24.8532585500776,1.53302369530941,40.0422720334231,47.1531353337829
260.3,24.9017042924275,2.41812775213324,40.0241688618044,47.2003846549091
260.4,24.850542465636,3.04438848700486,40.0158877898085,47.2026380375369
260.5,24.6353567242938,3.92188855395137,40.0526380453763,47.1857587112547
260.6,24.5658872230544,4.69004081001237,40.0530821652299,47.2200030579209
260.7,24.3782227401443,5.37338697941755,40.0483300850925,47.1915222704586
260.8,24.2461633685431,6.2049840898107,40.0088296240328,47.1919984058079
260.9,23.9567778021434,7.01597927897399,40.054994718935,47.1969678034318
261,23.8042435208207,7.74839446532792,40.0678554511532,47.2452396209752
261.1,23.5099581572547,8.4054398160676,39.9208637205065,47.0855063819925
261.2,23.2200046750139,9.17725920217842,40.0380524314068,47.1851284418271
261.3,22.8456098916878,9.90190095438435,39.9999596139183,47.1165183661603
261.4,22.5385621467819,10.5448447300712,39.985075909465,47.0955075300324
261.5,22.2777290160084,11.2946799235705,40.0180562208844,47.1732109187458
261.6,21.889993042381,12.1340117630645,39.8774045748538,47.0809242951776
261.7,21.5821093670699,12.7033982487067,40.0012135142558,47.1938645843979
261.8,21.0557309406779,13.344347264,40.0670189831808,47.188784891614
261.9,20.6459531876917,13.9165247927597,39.9442649247517,47.0687725112372
262,20.1884679945047,14.7186864603127,39.9807810589167,47.1452736248626
262.1,19.660791594364,15.3775963716183,40.0481717913074,47.189758000137
262.2,19.1579952490066,15.8797541051394,39.9875761495849,47.0977878325458
262.3,18.7483774972408,16.4810014699705,39.9806296695259,47.1335954177483
262.4,18.2227899351783,17.0750650397245,39.9977694029575,47.1534672780764
262.5,17.6657460661084,17.6002128539963,40.0016234412899,47.1378399432659
262.6,17.1215051132899,18.1643956808717,40.0163523802268,47.1635416992211
262.7,16.5435741887792,18.7427222799663,40.0496947219459,47.2118367861773
262.8,15.83899158034,19.2277106477505,39.9883767813081,47.1131487871439
262.9,15.3140196173305,19.7565788234256,40.0677658988182,47.2257077000304
263,14.7200844470789,20.1820043530848,40.0055018752009,47.1639095720845
263.1,14.0546746437764,20.7573011575815,39.9891055136144,47.1966946985478
263.2,13.4323104703556,21.1355790513385,40.0184625548962,47.2082303382051
263.3,12.6985434703329,21.5304185421381,40.0284591074167,47.1920487728781
263.4,12.0748825896743,21.8660739156014,40.0102249578851,47.1672140285764
263.5,11.3782239550955,22.2560192949616,39.9713264805921,47.1434122210951
263.6,10.6462806231492,22.6034542764435,39.9475120415597,47.1175461441348
263.7,10.0399891144283,22.9811569306356,39.9460765685088,47.1659197780082
263.8,9.14043304534916,23.2331715598925,39.9580899489929,47.1166290109948
263.9,8.43522521775728,23.6167767945718,40.037386364293,47.2429622009732
264,7.76146661711091,23.819509966361,39.9095371857895,47.1209144379649
264.1,7.01513434667089,23.9839180716754,40.0258569042522,47.1859052778512
264.2,6.18070867841338,24.2227985504057,39.9813829981332,47.1535376809033
264.3,5.42011029048357,24.3422659006499,39.9573047832141,47.1010584836223
264.4,4.62409856868135,24.5321837526363,40.0053340271538,47.1554565015561
264.5,3.88468709091428,24.6731688583388,39.9524475557059,47.1174502811628
264.6,3.1881569902601,24.7872989291885,40.03763032815,47.1973132232449
264.7,2.35459475866059,24.9489214745382,39.9284984425378,47.1410414299041
264.8,1.54243101682366,24.8878560790916,39.9971667077717,47.1334044845534
264.9,0.763890094296738,24.98314466412,40.0284536884631,47.1912931595856
265,-0.0827623746168879,25.02674270175,40.0140304767992,47.1960521110449
265.1,-0.761474988880165,25.0312575803396,39.970070525106,47.1672581140133
265.2,-1.4546915999791,24.9332676410707,39.9935474513782,47.1515408089487
265.3,-2.28808449622553,24.9402698725161,40.0168312617484,47.20804143583
265.4,-3.21072858208056,24.810201963626,40.0932933554294,47.2580900120627
265.5,-3.82129011159454,24.6802300945579,40.0652508378609,47.2116547087476
265.6,-4.63548878181919,24.5206371219221,39.9748385082341,47.1246975042891
265.7,-5.42060914959224,24.3912870924334,40.0724669708483,47.2241516462486
265.8,-6.22152853175948,24.2878607781478,39.9723844436034,47.184733935431
265.9,-6.98387410025122,24.0194639781091,40.0311555352281,47.203840529447
266,-7.77492345151302,23.8550104177742,39.9456936711933,47.1717012580829
266.1,-8.55255256237995,23.521714164518,39.9624813867661,47.1531240869275
266.2,-9.27665152566082,23.1463936051647,39.9554352525248,47.0982866638741
266.3,-9.97239449414929,22.9042610103109,39.9877345412085,47.1494722994176
266.4,-10.6468625017525,22.5851185839812,40.0698117248477,47.2126368067751
266.5,-11.3341222194192,22.2970121784562,40.0303717536899,47.202221783615
266.6,-12.0486975444742,21.973617213895,39.9267721486338,47.139771957339
266.7,-12.8006820041075,21.4866359220464,40.0002629207896,47.1757778605626
266.8,-13.23776543219,21.1078269003506,40.1014740252317,47.2113017093278
266.9,-14.0042208821594,20.6638662162205,40.0266006728866,47.1724742932242
267,-14.6492867444086,20.2130677407787,39.9684564626446,47.1237437139658
267.1,-15.2335149106316,19.7044931569002,40.0946440851499,47.2007151579042
267.2,-15.9275618993932,19.1745902997282,40.0191700906236,47.1474932097529
267.3,-16.4566421075484,18.7108883627036,39.9222706810154,47.0606641379587
267.4,-17.202519624264,18.1719233255681,39.9720582961849,47.1583600563794
267.5,-17.6912531336201,17.6663457699314,39.9607703674098,47.1374944036852
267.6,-18.2783509654821,17.0315206600608,40.0594911283233,47.2115837424634
267.7,-18.8061268674002,16.5502011103245,39.970384385145,47.1721442425631
267.8,-19.3523998379231,15.9113497110909,40.0007428447374,47.1990027145308
267.9,-19.7257480409363,15.3681958980218,39.9413806395916,47.1232476420208
268,-20.1911564989556,14.6511040773764,40.0972620865589,47.2242318972964
268.1,-20.6680304883846,14.0008957573615,39.9892681124266,47.1416390301063
268.2,-21.2220376630364,13.3787511884915,40.0527954194269,47.2608959589782
268.3,-21.4692966172046,12.6416286052802,40.1117324939776,47.2196204421401
268.4,-21.8730091358605,12.1148509535973,39.9597837267528,47.137908924497
268.5,-22.285439537438,11.254957958055,39.9000126338437,47.0672487213272
268.6,-22.5893452634334,10.6993193424821,40.0661124657608,47.2233768587339
268.7,-22.9964201085192,9.99688504304598,40.0041594369852,47.2134072126882
268.8,-23.2876177821808,9.21162395418768,39.9662773736014,47.1642924779536
268.9,-23.4694361767071,8.47008336928127,39.8982467395869,47.0576969222683
269,-23.8177105175145,7.74738170503575,39.9684783141673,47.1676214826411
269.1,-24.0121553753939,6.96291117449972,40.0396640100972,47.2042416720946
269.2,-24.1899192899432,6.23708590964585,40.0098272424709,47.1682065789091
269.3,-24.3585650233526,5.39010307714546,40.1268019754416,47.2499009306417
269.4,-24.6401244292891,4.59419566943558,39.9798576345174,47.1871951085905
269.5,-24.7867494510662,3.90765794218395,39.9238614759149,47.1547182590574
269.6,-24.8784307090997,3.14108459894786,40.0828418646788,47.2804075590944
269.7,-24.8751937076591,2.41680145212207,39.8969411933047,47.0784675603885
269.8,-24.9536368973393,1.50933268894922,40.0979865942607,47.2526254136603
269.9,-25.0386610949858,0.84944706977531,39.9870385834052,47.1870677667583
270,-24.9451780616544,-0.0388774436013757,39.9474055567704,47.0962698172621
270.1,-24.9815715814187,-0.814511889484969,40.0456061568639,47.2058568481318
270.2,-24.983881347084,-1.59742487242764,40.1062838203511,47.2785373638692
270.3,-24.8888806630392,-2.36935025490007,40.0816696021919,47.2399242102343
270.4,-24.7501603383751,-3.21145604905177,39.8761011985268,47.0423993172693
270.5,-24.7665351107179,-3.91045199969555,39.936309088081,47.1548690997132
270.6,-24.6170263131423,-4.66378685555468,40.0067835427768,47.2047838865361
270.7,-24.3348650236132,-5.46490315778226,40.0315488502838,47.1654081461623
270.8,-24.2211038679199,-6.21866293476513,40.0333846765267,47.2017534625097
270.9,-24.0028611220208,-6.88780955741825,39.9830985486709,47.1405073381164
271,-23.7862753736494,-7.65897987401919,40.0565492406926,47.2120112464375
271.1,-23.5970763951952,-8.46975350770741,40.0286325576332,47.2318765593324
271.2,-23.323503673051,-9.23690098197516,40.1004395788953,47.3006492318897
271.3,-22.9520796050571,-9.87553752655425,40.0045970942432,47.1666406298773
271.4,-22.6931933316414,-10.6349402478532,39.9906038288816,47.1946116867298
271.5,-22.3589578022217,-11.408703165233,40.0788627856334,47.2905566059817
271.6,-21.8779826962693,-12.0912671475602,40.0179755698417,47.1835059824974
271.7,-21.4706395178262,-12.6805180300555,40.0743180926702,47.1988863153308
271.8,-21.1554238029194,-13.4215322405697,40.0745951344973,47.2616404620032
271.9,-20.6409649976819,-13.9924845174783,40.0311511266063,47.1628256100988
272,-20.2794943340305,-14.7381014914938,40.0052908314584,47.2111514425047
272.1,-19.6845653692188,-15.2578698195805,39.9294417229439,47.060015103188
272.2,-19.1944947827194,-15.9432332274753,39.9488990319207,47.1012722712678
272.3,-18.6930099884035,-16.5344917323659,39.9269261690963,47.0847902468164
272.4,-18.1483759478791,-17.0431045345064,39.9750888805635,47.093934776451
272.5,-17.6704176128672,-17.6949924181603,39.9539392745245,47.1346335388774
272.6,-17.1489763965599,-18.2188872820201,39.9781858957801,47.1621733252643
272.7,-16.5492464437267,-18.837426399632,39.9790821206531,47.1916645015481
272.8,-15.9266777501281,-19.349014151869,39.9905429876221,47.1941409631589
272.9,-15.3665286330028,-19.8067918277485,39.950580711311,47.1644792604311
273,-14.6900419503031,-20.1992784201638,39.9488224647189,47.1138684201859
273.1,-14.0340344389056,-20.7336289499227,40.0353991625604,47.2193887949749
273.2,-13.3374696043014,-21.177693469045,40.0048801432243,47.1886981319494
273.3,-12.6735470308587,-21.5255190313545,39.9889892097277,47.1496131683846
273.4,-11.9590431771552,-21.8865584121512,40.0196454155451,47.1551924185187
273.5,-11.2871403687401,-22.2109511466052,40.0532354703177,47.1697737982836
273.6,-10.638424496675,-22.6377155226555,39.9883031937437,47.1667958650034
273.7,-9.7865261776763,-22.9950768240659,40.0435145551989,47.2020413827989
273.8,-9.1682677025721,-23.1907665309485,40.059287740848,47.1870249037068
273.9,-8.54708598626035,-23.5647171475794,40.0346167943808,47.2347236148881
274,-7.73023749133187,-23.748759479682,39.9809893443262,47.1406370072288
274.1,-6.94833438884173,-23.9430429605379,40.0136765909751,47.1449145859495
274.2,-6.24417940457936,-24.1941655417921,39.9270297468789,47.1011159858062
274.3,-5.43293902928995,-24.422725287796,40.0053977020571,47.1849359677311
274.4,-4.64931873667757,-24.4934594665119,40.0880970315915,47.2080633469239
274.5,-4.00848040330954,-24.6590370998283,40.001633442992,47.1621320970747
274.6,-3.11989874376166,-24.7724202079783,40.1126021414267,47.2485705782553
274.7,-2.28957337244125,-24.8976759372456,39.9846854823033,47.1583660279129
274.8,-1.5699534266412,-24.9848954762235,39.9395506259258,47.1367951808407
274.9,-0.895515967170187,-25.0176621487673,40.0167264313265,47.2019465966918
275,-0.103773908460836,-24.9987510963751,39.9697742479357,47.1437289449354
275.1,0.766291501072437,-24.954320544716,39.9487549676429,47.1084741843527
275.2,1.63930096010523,-24.9852596853329,40.0537090244945,47.2361102949872
275.3,2.29362119189437,-24.8904896651654,39.968727513001,47.1412383476732
275.4,3.14095380538314,-24.8254241456559,40.0275111218607,47.2056026487318
275.5,3.85033749157859,-24.66672907885,39.9809189293974,47.1354060201828
275.6,4.66752727238385,-24.5162822525065,39.9408053367671,47.0967285198509
275.7,5.50796454153903,-24.4275821929742,40.1461392725438,47.3155042631467
275.8,6.26708682577944,-24.2445834920139,39.9852521025913,47.1794085559672
275.9,6.93012827548879,-24.1160813048524,40.0211207167253,47.2366611737079
276,7.71766313755788,-23.7333163238256,40.0079785650989,47.1536952623758
276.1,8.40373975121667,-23.4731671077393,40.0080677561277,47.140830512974
276.2,9.19834861483273,-23.1650200828594,40.0642332644842,47.1844313280374
276.3,9.93219352637905,-22.9720193408443,40.0197625908845,47.2010967952264
276.4,10.6254613452991,-22.578517213367,39.9846937415723,47.1324262261353
276.5,11.3145235014697,-22.3057636227661,40.0879377966529,47.2504845440587
276.6,12.1637076862762,-21.8880651918397,39.9119432518102,47.1169438382321
276.7,12.8014327638423,-21.6121589632554,40.0033640882481,47.2359104309119
276.8,13.3245597410292,-21.0201772674341,40.0513701693656,47.1540453947502
276.9,14.0914523134478,-20.669356304293,40.0394737854517,47.2117652640935
277,14.6717464490306,-20.184329587932,40.036139628219,47.1758389550113
277.1,15.3147463457634,-19.6242047724471,40.029220028944,47.1379817632408
277.2,15.9485525948601,-19.3008993522213,40.0374509898596,47.22158963272
277.3,16.5586092338064,-18.8480007167015,40.0574983608833,47.2656095454914
277.4,17.1786654876593,-18.1599789775235,39.9777745972359,47.1499082305405
277.5,17.6865184870576,-17.698365493949,39.9227668874901,47.1155217874461
277.6,18.1990484865422,-17.2333161848822,39.9961150820274,47.2004425212139
277.7,18.8578515716424,-16.5406610867936,40.0240241624375,47.2348869506601
277.8,19.2294448280926,-15.9273955570097,39.9393425202742,47.1020653324023
277.9,19.7645553628268,-15.3444221545949,39.9358512240319,47.1270745213055
278,20.2057048969425,-14.7372786421313,39.9880556332443,47.1646317221452
278.1,20.7130038433218,-14.1326513090027,40.0963087679948,47.2913769946879
278.2,21.0429981705163,-13.4172265897207,40.0333372845325,47.175182410897
278.3,21.4441931664596,-12.6839197579316,39.9886781951046,47.1150679165139
278.4,22.0366321150037,-12.0094184891733,39.9660744915836,47.1924400480301
278.5,22.2557532656764,-11.3344365040329,39.955624873605,47.1194223577376
278.6,22.622030012645,-10.6583006377821,39.9223473160124,47.1078489171251
278.7,22.8870568281327,-9.90719091188068,39.9138241721381,47.0646699984498
278.8,23.1956172674926,-9.19890632102186,40.0339449026724,47.1738622797958
278.9,23.3894533633862,-8.51300349799927,40.1017469984077,47.1983884207847
279,23.7477472594012,-7.66690084384549,39.9654984411737,47.1166417956247
279.1,24.0759308721342,-6.96426289449902,39.8597686312688,47.0845256996581
279.2,24.1917263394939,-6.19082895846363,39.9897650584626,47.1460209976298
279.3,24.4619358016303,-5.40802730488063,39.9950663081986,47.193626598203
279.4,24.5731995855977,-4.73686996123738,39.9582481077841,47.1480823231075
279.5,24.6817329055715,-3.96967420164842,39.9558479533101,47.1319004301465
279.6,24.8141957886927,-3.10606809064304,39.9379746414231,47.1214790735843
279.7,24.8911178743251,-2.38665371673549,40.0362197003179,47.2034188686506
279.8,25.0094649962202,-1.57901314580621,40.0351322075728,47.2311172087812
279.9,24.9686700202297,-0.750526617738702,40.0304941445045,47.1851484498699
280,24.9791163390804,0.0645171070947765,39.9953941000981,47.1549781545977
280.1,25.087372831479,0.779706541028258,40.0886267024607,47.2978034243134
280.2,25.0532515649423,1.62324221818741,40.1310428294471,47.337098853374
280.3,24.9427372852119,2.38195783328658,39.9833744253011,47.1856344328704
280.4,24.7862434709959,3.16252683615714,39.9842854475267,47.1497881664615
280.5,24.7545461948621,3.84109326425437,40.0032633050018,47.1996041278691
280.6,24.551361731017,4.64539639825829,39.9703474303046,47.1378589272302
280.7,24.3975210807247,5.42311074830992,39.9904573225717,47.1580941296536
280.8,24.18471355186,6.10480344460024,40.0161959695604,47.1536311916377
280.9,24.0174661545107,6.93465112030242,40.0036636403594,47.1722500130574
281,23.739280614056,7.69294047639963,39.98317274938,47.1316123249893
281.1,23.4932186458453,8.46319472237891,40.0077356394162,47.1611693901224
281.2,23.2624982139737,9.28186108038022,40.08654554225,47.2676200139323
281.3,22.8916069809193,9.8496671934047,39.9211975332235,47.0610627427427
281.4,22.5646211683773,10.6708518348565,40.0136657603676,47.1606049042657
281.5,22.2241737227862,11.3736070885814,39.9131160517682,47.0779106251321
281.6,22.0146309006781,11.9044062253965,39.8886108355523,47.0899154348624
281.7,21.5195665801887,12.7586433807262,40.0079925761967,47.1859533833188
281.8,21.1014125884335,13.4050803087109,39.9486277439197,47.1259869916011
281.9,20.7465054619107,14.0434709151639,39.9552711518251,47.1599433528287
282,20.2450578061693,14.7516712069419,39.9222721879874,47.130266131485
282.1,19.7206464675686,15.3047847806964,40.0087821689528,47.1576397302173
282.2,19.3033626780083,15.9716316160048,40.0535420396281,47.2440372647845
282.3,18.7876647887017,16.5044015564047,39.9312461203697,47.1155604410392
282.4,18.2587849596726,17.1768760225556,40.022334229457,47.2251578639201
282.5,17.622991202814,17.6658275995433,39.9470741933977,47.1001063727469
282.6,17.1691085089105,18.2429104724798,40.0052602762073,47.2017258081179
282.7,16.5350146168903,18.7088371666153,39.9900900013054,47.1448257481159
282.8,15.9100187707694,19.2870485309284,40.0297837587044,47.1964249291115
282.9,15.3026336462487,19.786275319641,40.0925784746333,47.2554984766913
283,14.6320070884776,20.219620972446,40.0563382283875,47.1957512491708
283.1,13.9918860642962,20.6904371674096,39.8914920956686,47.0658921877995
283.2,13.4380743395025,21.0995887156065,40.0413789357456,47.213202740311
283.3,12.7289625352455,21.5584048368191,39.9360711102313,47.1347120713952
283.4,11.9560474380949,21.9074334407572,40.0674183377964,47.2046684403054
283.5,11.3972243762848,22.3182144885074,39.9723713138085,47.1782777333741
283.6,10.6167855514117,22.6717684935948,39.9662957126851,47.1596227197124
283.7,9.92212348229066,22.9307879074904,39.9219553410543,47.0959880107559
283.8,9.17512017679,23.1899854735031,39.9375483222165,47.0846686566785
283.9,8.40302899857297,23.51237215004,40.0352748007539,47.1833208755458
284,7.78196702652321,23.7873652486686,40.0404336987208,47.2190013348135
284.1,6.91993670114162,23.9503252920236,40.0146257897302,47.1452424178059
284.2,6.24658405805983,24.2200123100417,40.0401916527437,47.2106529957109
284.3,5.48731130424475,24.4172665740708,40.0689796824189,47.2423181595593
284.4,4.75610319708206,24.5316987411741,39.9475402886871,47.1193244419453
284.5,3.89740564971372,24.7110849755612,39.9458766179429,47.1327969703024
284.6,3.08419002338596,24.7483033773348,39.9288759853689,47.0776580302369
284.7,2.31406736823513,24.7954425071826,39.9800499728944,47.1017332244458
284.8,1.59322663909053,25.0186971155947,39.934868041365,47.1515350966075
284.9,0.821387058576084,24.9037129171766,39.9490456435013,47.0828614422244
285,-0.0265710766955958,24.9740995871872,39.957732828065,47.1203434725585
285.1,-0.801524174456456,25.065394008375,40.074648551928,47.2746641908524
285.2,-1.41257390594744,24.9261512933289,39.9306430740717,47.0931485425067
285.3,-2.31055760303034,24.9174840896221,40.0044806398445,47.1866311687662
285.4,-3.08276765639267,24.8729700638957,40.0191249677524,47.2196829659766
285.5,-3.85839069559221,24.6282308213613,40.0043980558466,47.1358546751908
285.6,-4.70173603753523,24.4442982476558,39.9351410889968,47.0578955371475
285.7,-5.4454974534461,24.4137428476298,39.9607391282436,47.1438750424827
285.8,-6.19576629696609,24.2046957814585,39.9280334466853,47.1009837774031
285.9,-7.03355819948441,23.9203972316834,39.9734039495749,47.1118813887002
286,-7.71636935248161,23.800073929722,39.9807897622316,47.1640692164694
286.1,-8.45928983459173,23.4522528696321,40.0104493751683,47.1423780517031
286.2,-9.24080329368017,23.3164197174943,40.0317291182877,47.2396783451666
286.3,-9.8846551997632,22.8920298681135,40.0059041141277,47.1404688552159
286.4,-10.634991593186,22.5911083897565,39.9851398791822,47.1409867909299
286.5,-11.2697675161528,22.2126323240469,39.9777901645588,47.1023608864027
286.6,-12.1128583705066,22.0259110602331,40.0729336696113,47.3043561294974
286.7,-12.7565515194223,21.5537552986633,39.9671974984543,47.1664165484594
286.8,-13.3673269887263,21.1712866401441,40.0315617615833,47.216890472522
286.9,-14.088224855496,20.663772554661,40.0455468823738,47.2135086694282
287,-14.6765243665239,20.2096770938466,39.9868166453978,47.1463351826139
287.1,-15.2800536674596,19.7061013457053,39.9405205579051,47.0856204457804
287.2,-16.0192094803156,19.2604335583031,39.9971412066302,47.1948162188514
287.3,-16.530113673443,18.7649666889178,39.9479314468469,47.129670694533
287.4,-17.1128374381236,18.2350806825672,39.924314242218,47.1096406311357
287.5,-17.7172491937328,17.6431525622316,39.9075296038037,47.0934461513009
287.6,-18.1615329435443,17.1747371963833,39.916896865482,47.0974684244685
287.7,-18.7229740598319,16.4425520210909,40.000526077969,47.1269494145939
287.8,-19.2438582619962,15.9775539410142,40.0230717374255,47.1959170060814
287.9,-19.7375763383255,15.2858213621083,39.9629609858884,47.1197040014594
288,-20.2337198038458,14.6894456265561,40.058931611351,47.2218300339894
288.1,-20.642302844656,14.0597240963064,40.1510405567964,47.2851622201749
288.2,-21.0919580717428,13.3902307333774,40.0652169707716,47.2164228347325
288.3,-21.4656357117536,12.7093984280381,40.0406481848285,47.1757970995036
288.4,-21.8616170498153,12.0592207416113,39.9822001763429,47.1373677231646
288.5,-22.2861758485125,11.372918727983,39.9418444454546,47.1313892437834
288.6,-22.6022181374767,10.6831999092547,40.0153014542654,47.1827868561291
288.7,-22.9704793980563,9.88772538956032,40.004111584909,47.177738191373
288.8,-23.2602983428136,9.22480220170871,40.0428742959972,47.2183252195837
288.9,-23.5523664858152,8.48205253794085,40.1477360562886,47.3127878356788
289,-23.7328676659322,7.69050788764249,39.9687864175402,47.1157808691472
289.1,-23.9783090779853,6.97084186587449,39.9593686630679,47.1200921742455
289.2,-24.1730622447483,6.19303209401789,39.9167528542434,47.0748100711278
289.3,-24.3558224286433,5.37824393275991,40.0006930723727,47.1400789164172
289.4,-24.5483183396849,4.6270858744003,40.0066853735138,47.1652915984934
289.5,-24.6195732447318,3.81318088856835,40.0501096772675,47.1664607576487
289.6,-24.8033206554864,3.15983729304761,40.0004878817602,47.172325764544
289.7,-24.9070706483661,2.37826316482848,40.0670810405199,47.2375834169305
289.8,-25.0028615127532,1.63259599777517,40.013357112783,47.2109860197069
289.9,-24.9490967704501,0.838345091831281,40.0617609255186,47.2028064907977
290,-24.9402350478592,-0.0474068311793221,39.9110176924847,47.0627974614762
290.1,-24.9923868235615,-0.743727677633367,40.0253430095554,47.1932263468982
290.2,-25.0510274690559,-1.52186698259909,40.0181280977126,47.2368567202884
290.3,-24.8610983711731,-2.35870622327697,39.9242286738058,47.0912066363478
290.4,-24.9081969158479,-3.11920096164208,39.9448875973021,47.17776736344
290.5,-24.6566313645451,-3.87019553040792,40.0298832710062,47.1732915788271
290.6,-24.449736886674,-4.68057537092614,39.9291283886903,47.0535090456708
290.7,-24.4025885677153,-5.3494524201391,39.9961813114366,47.1571573517513
290.8,-24.2581925876476,-6.27483099454379,39.98143786332,47.1842005892651
290.9,-23.9757484063208,-7.03736170464369,40.0451104698519,47.2013966313267
291,-23.7152702104648,-7.73018774158605,40.0697635410825,47.1991079779458
291.1,-23.5146048878663,-8.45915775632026,39.9733159611634,47.1419132185975
291.2,-23.1691862325357,-9.13424819957512,39.9920972797736,47.1127745487807
291.3,-23.007280365589,-9.82793131495841,40.0392428866195,47.2129659594276
291.4,-22.6200954912396,-10.6593853067659,40.0675954891295,47.2303231349459
291.5,-22.2422136605332,-11.4790721268441,40.0113669730817,47.1952820996836
291.6,-21.8781369456661,-11.9664698272959,39.9692969319972,47.1104444213707
291.7,-21.6126688470997,-12.6954062633072,39.9853091346875,47.1922211967326
291.8,-21.0498439631328,-13.4383098199208,40.0238466436122,47.1761846893091
291.9,-20.6621357971601,-14.0525990955503,39.9526960180416,47.1234264050332
292,-20.2363725468033,-14.6517682632189,39.9469579749619,47.1162874019744
292.1,-19.8432459550093,-15.2716674349904,39.9218191057115,47.1246207091907
292.2,-19.1828713803718,-15.935631589253,39.9940288609502,47.1322527901521
292.3,-18.816869150157,-16.5741695217622,40.064549007144,47.2646352688359
292.4,-18.2578629285119,-17.1251093029847,39.951550551841,47.1460000302445
292.5,-17.7033903100968,-17.7217358478481,40.0249160048388,47.2171986793683
292.6,-17.031529903,-18.1960645836711,40.0781509049194,47.1956349372206
292.7,-16.5061636180302,-18.8104068201054,39.9700054399404,47.1580976820727
292.8,-15.9155885887497,-19.3189650391735,40.0259629542477,47.2081145644047
292.9,-15.3530723303158,-19.7474756906726,40.094502804573,47.257261677752
293,-14.6608412050794,-20.2978640533546,40.1263260483496,47.2976277640589
293.1,-14.0355047524871,-20.6529081547218,39.9578542750919,47.1186600740507
293.2,-13.288346223057,-21.2350518495526,39.986581614087,47.1851065652824
293.3,-12.6542013372194,-21.5109981643307,39.9557005918044,47.109551720332
293.4,-12.097314671876,-21.9349611688035,40.0276313796997,47.2196867589825
293.5,-11.3337718345583,-22.176640964712,40.0284347114573,47.1437522257718
293.6,-10.687974262932,-22.6019624090117,40.0248779880805,47.1918674831184
293.7,-9.92655960919987,-22.9858552174505,39.9708799077204,47.1652135196058
293.8,-9.23187355496325,-23.1982096261502,39.9727727056024,47.1296825468557
293.9,-8.48751897692754,-23.5041523624897,40.0092080961453,47.1722364229585
294,-7.74583015788429,-23.7060204931785,39.9974722238611,47.1356667159416
294.1,-6.94195671966509,-24.034320852995,40.0278747311841,47.2024374101358
294.2,-6.24083107569453,-24.199078858776,39.9797734571123,47.1479127407633
294.3,-5.39747686521336,-24.4507815822502,39.977068371049,47.1713840377506
294.4,-4.70106673908509,-24.5753021705934,39.9508309081256,47.1393083902484
294.5,-3.95817471754814,-24.604335544753,39.9280527268869,47.0668659383063
294.6,-3.09662404305843,-24.7975102208569,39.9467750225495,47.1195334051573
294.7,-2.36798781203499,-24.9401917585002,39.9763131084501,47.177602111315
294.8,-1.57818501377708,-25.0036180131452,39.9572589972684,47.1619987729503
294.9,-0.750589618604323,-24.959692220758,39.961324185946,47.1217258939525
295,-0.0113008292105931,-24.9923239372393,39.984025190044,47.1522921382483
295.1,0.740426820536181,-25.0082322128522,40.0344099208826,47.2092563805211
295.2,1.55294281842938,-24.8633420008358,39.9827739510507,47.1085939046015
295.3,2.49602361201394,-24.9274606217175,40.0163265159694,47.2113843765641
295.4,3.16328905606738,-24.8265024551616,40.0253511553947,47.2058296921157
295.5,3.94497064642557,-24.6032075990469,40.0088987797558,47.1337734446511
295.6,4.69516741233165,-24.5805873156268,40.0865260727649,47.2565280399802
295.7,5.39026481182099,-24.4247033510162,39.953558260912,47.1371181367167
295.8,6.19990110100626,-24.2082071278502,40.0386058102275,47.197097593326
295.9,7.01786805251099,-23.9751187836519,40.152328392353,47.2891770706578
296,7.58792727708678,-23.8753715596042,40.0514840444158,47.2412042779564
296.1,8.44092623386371,-23.4873477574661,39.9402443446147,47.0970047739047
296.2,9.14198886697075,-23.187521731752,39.9475639968811,47.0855072584887
296.3,9.91109304940439,-22.9928046470748,39.9717065359433,47.1660487466151
296.4,10.6606100703095,-22.570200973761,40.0141942619334,47.1614071195812
296.5,11.3556493590285,-22.2847639361366,40.0490342715545,47.2174398092345
296.6,12.0190998866598,-21.9259386091816,39.9509663554849,47.1305130326012
296.7,12.8025024735195,-21.4713310244922,40.006783914317,47.1748331710314
296.8,13.273942096962,-21.0387080511069,40.0166725410377,47.1185616982294
296.9,14.0362884471148,-20.7338299792427,39.9802441445075,47.1733931452167
297,14.7179144228088,-20.2410011199999,40.0334565456705,47.2122100127822
297.1,15.3572101039555,-19.7590833696165,40.0349430098686,47.2129425008431
297.2,15.9277853494553,-19.2719516776965,39.9422150721229,47.122001363201
297.3,16.5086051787341,-18.758363948229,40.0175376069271,47.1785287931212
297.4,17.106771605173,-18.3217190993687,39.9435055769454,47.1572970311403
297.5,17.636847074281,-17.663148998149,40.0124624539332,47.1597535922294
297.6,18.177970926563,-17.1348560248556,40.08966403941,47.2358241252576
297.7,18.7493723998002,-16.586329046517,40.0165846603854,47.2014017218506
297.8,19.221711912617,-15.8782490443532,39.9842196729007,47.1203865053856
297.9,19.7193458944617,-15.2925667962973,39.9577666712528,47.1098537365477
298,20.2551232126094,-14.6961025280973,39.9617225501929,47.1506597520431
298.1,20.7179303668432,-14.088973818572,40.0089771730231,47.2064622311104
298.2,21.1259189549739,-13.3604669791015,39.9142303282528,47.0951410687833
298.3,21.4785727521522,-12.7943473296041,40.0088283126895,47.1776510014467
298.4,21.7959132268016,-12.0701132081592,39.9280501321802,47.0637721990698
298.5,22.3049941702235,-11.3300721810799,40.062865211899,47.2325784766084
298.6,22.5918684062441,-10.6728394864722,40.0516319313909,47.2063050996015
298.7,22.8659029298057,-10.0251757121018,39.9816859869513,47.1369163099687
298.8,23.2589516790861,-9.26146418604942,39.9324228370947,47.1312204989438
298.9,23.531136926941,-8.47591812264945,40.0030358252448,47.1783686484825
299,23.8006430049999,-7.6626385154709,39.9464126641886,47.1264524572758
299.1,23.9654910778085,-7.04762297054854,40.0088402519325,47.166948708181
299.2,24.1210917691176,-6.2727716210906,40.0360029623091,47.1599010298217
299.3,24.4593304183234,-5.47977388702876,40.0130338465916,47.2157774898832
299.4,24.516012005598,-4.629901148567,40.0257945717356,47.1649770529246
299.5,24.717812983217,-3.90835009011155,40.0039126581912,47.1864229102435
299.6,24.8413423774972,-3.13924529607964,40.0630081599599,47.2439601956696
299.7,24.9076210422675,-2.32081313848575,40.0188965373252,47.1941504815386
299.8,24.9210495478911,-1.58974457770671,40.0011110802621,47.1558573885181
299.9,24.9625737177799,-0.798704339107025,39.9636756080457,47.1260372123735
300,25.0021022307753,-0.0312021802911575,39.9918134835495,47.1640884067232
300.1,25.0235782344406,0.769626990104618,39.9748014780712,47.1673249884946
300.2,24.8936077213367,1.53228322514266,40.0144292708207,47.1507597726204
300.3,24.8290184859192,2.38264105341797,40.0000070223049,47.1397677035854
300.4,24.8485500394618,3.093466051248,39.9436232699317,47.1435362611258
300.5,24.7568461497243,3.92367478303598,39.9747670336573,47.1834574239672
300.6,24.5681415784549,4.60299957792767,39.9970917935931,47.1651199264724
300.7,24.4134123969704,5.44693628421957,40.0770955584326,47.2425381213651
300.8,24.2411421458763,6.25191338124333,40.012469375321,47.1986980643974
300.9,24.0178717851297,6.95790785548497,40.0209596949587,47.1905484362903
301,23.760165562622,7.75960805571643,39.9700268321453,47.1419137255157
301.1,23.4570423842852,8.43347866908287,40.0189688870962,47.147367589998
301.2,23.2668513864713,9.09902182791031,39.9933004774667,47.1550915039497
301.3,22.9040974202352,9.8632991414395,40.0198242052849,47.15367088585
301.4,22.6070823606936,10.5978643607978,39.9250885731504,47.0893576028273
301.5,22.3228816805624,11.2748278200792,39.9992706404816,47.1738745564461
301.6,21.887763946597,11.9387240738114,39.9629787166217,47.1025159731167
301.7,21.5781510378133,12.7953004457878,39.9607241311423,47.1825792935689
301.8,21.0456807356061,13.2749400756815,40.0676616862775,47.165265022514
301.9,20.6947291887989,14.0635834932785,39.9406616158874,47.1308035915468
302,20.3134831021733,14.6788753553005,39.9657466154545,47.1738050189874
302.1,19.6927522625155,15.3231889544119,40.0005242172776,47.1449525300687
302.2,19.1636870435639,15.9475032993599,40.0349255213818,47.1631744488149
302.3,18.7445483272741,16.4740468492993,39.9793662623116,47.1285692369552
302.4,18.1240338019386,17.0731059461781,40.066640708063,47.173162343988
302.5,17.6953846070584,17.7396676660266,40.0749623668434,47.2633584714068
302.6,17.2039548008528,18.3046600918856,39.9503969705826,47.1918516269111
302.7,16.5172785821262,18.7245281231661,39.9870853328813,47.1422892805805
302.8,15.8822326300403,19.2187257950038,39.9842770324883,47.1205596773747
302.9,15.3124264964218,19.8042505107885,40.0446299846711,47.2255347678733
303,14.7266851932912,20.2113686300742,39.971890895059,47.150044967206
303.1,13.8621445018453,20.6856412239444,39.9580652382555,47.0818625440888
303.2,13.4211974556159,21.0648878978654,40.0578516341,47.2068800158603
303.3,12.6765150523602,21.4416864365465,40.0145509915975,47.1338969551114
303.4,12.0654888424177,21.9202429161977,39.9895603342788,47.1724284539236
303.5,11.2752946314414,22.2758825720157,40.004726151804,47.1563922270234
303.6,10.577968205706,22.5844973816189,39.9699049189016,47.1120603727678
303.7,9.95076479795106,22.9362460224827,39.9909437687022,47.1631708558648
303.8,9.26444264073441,23.2812009112505,40.000314380757,47.2003110569503
303.9,8.44474582669181,23.5291933515279,40.0580877574336,47.218503434917
304,7.71376153067471,23.7183206239157,39.935283580448,47.0838371930516
304.1,6.95901444615641,24.0126415148732,40.0854946738292,47.2427954065931
304.2,6.15239438799642,24.2662615124384,40.0111304517698,47.1973936200299
304.3,5.3972869769368,24.4205056362229,39.9594954239665,47.1407793399537
304.4,4.67875260029926,24.5647296983862,40.0420076981796,47.208887421233
304.5,3.93495048167532,24.6822684742056,39.9504922141668,47.1247285454272
304.6,3.15158078679262,24.8289058549227,40.1061653629596,47.2748508990706
304.7,2.38226698042328,24.9216472167176,40.0634468684351,47.2423906141557
304.8,1.51444825154622,24.8564971768433,39.9785529606447,47.1001454587574
304.9,0.841825422254746,24.9747678883174,39.9635737517403,47.1331616606362
305,0.0826842563483128,24.9684887061469,39.9837059300459,47.1394633492536
305.1,-0.744361846058254,25.009693730741,39.9655412996916,47.1517056578093
305.2,-1.52039272597759,24.898265238908,39.9934965906477,47.1350716080327
305.3,-2.30243791160001,24.89403936222,39.954685746212,47.1316383036182
305.4,-3.12393119421005,24.8588257570972,40.0219821175841,47.2173613912097
305.5,-3.95165172505362,24.7557740492479,39.9329154327865,47.1497787385647
305.6,-4.66628477831241,24.6484983129398,39.9960128884031,47.2123260355239
305.7,-5.42677804980275,24.4914080966139,40.0565702733779,47.2631760742205
305.8,-6.13825278257036,24.1650934694738,39.9462930221541,47.088599637523
305.9,-6.97225527220993,24.0207958948429,39.9209479769473,47.1093734450023
306,-7.81533215688241,23.7445630887298,40.0278707665221,47.1923100843608
306.1,-8.48667858213809,23.5497875552486,39.9955133587386,47.1832310898999
306.2,-9.16056200886948,23.2205351295144,40.0146265666663,47.1622676224237
306.3,-9.91049162040938,22.9844859345874,40.0380811026685,47.2181360942944
306.4,-10.6396805985898,22.6347635686102,40.1033951637796,47.2632799190783
306.5,-11.4044572318965,22.3050823957144,40.0367418126471,47.2283711386104
306.6,-12.0779080045154,21.8440423363983,40.0330771932832,47.1771694458587
306.7,-12.6330512898233,21.4712328993417,39.9338263791706,47.0671681365134
306.8,-13.3871898583093,21.1730973685048,39.9379011154777,47.1439587857053
306.9,-13.9910427719886,20.6526632352768,40.0163397709333,47.1549491063255
307,-14.7009669016036,20.2642444627875,39.9895087447263,47.1796443515018
307.1,-15.2914724532567,19.6707659552498,39.9929735224152,47.1190629599054
307.2,-15.9806803680761,19.2899256078189,39.9541473169469,47.1573670045953
307.3,-16.4863699416872,18.7325197340107,40.0258838212579,47.1675636970164
307.4,-17.1247933231344,18.2487472902565,39.9395656248094,47.1321994640837
307.5,-17.6868442861891,17.6903467967289,40.0231301691991,47.1977094691373
307.6,-18.2111757983972,17.0790183282669,39.9351151346627,47.0972739321096
307.7,-18.6605606673512,16.4728710379448,39.9429864363831,47.063937044299
307.8,-19.3239179114311,15.8988393597239,39.976685316642,47.1627211401108
307.9,-19.7037957410726,15.3444009679053,39.9561327648136,47.1188152778609
308,-20.2693085746136,14.6983796404427,40.1062991737063,47.2800430156141
308.1,-20.6866442892945,14.0743402532468,39.9122684767858,47.1064059388847
308.2,-21.156162501681,13.3961658243022,39.9472361782421,47.1468148327115
308.3,-21.5524255027982,12.7192628093983,40.0101502404161,47.1921477973707
308.4,-21.9073036167813,12.0261926682112,39.9975124475819,47.1631239830998
308.5,-22.3412090081576,11.3046043560322,39.9100714826585,47.1140903058047
308.6,-22.6211103447552,10.6272060002044,39.9316202448061,47.1082416990465
308.7,-22.9003316772463,9.8913497825355,40.0563514193325,47.1887198435962
308.8,-23.2899727140855,9.22194666569454,40.0276238041597,47.2194641724691
308.9,-23.4705824200447,8.49743184215487,39.9746109948155,47.1279546684874
309,-23.7794455889055,7.71056682364982,39.9956595178529,47.165322574172
309.1,-23.9859121053042,6.88502055670008,39.9614183424072,47.1130814480059
309.2,-24.2777115242022,6.11114782860982,39.9704820842427,47.1634693664734
309.3,-24.4249338787596,5.45508578671611,40.0309048207554,47.210260502253
309.4,-24.6104679317964,4.75156074241142,40.0954572994252,47.285284786716
309.5,-24.7834370281578,3.95170007856676,39.9593538936375,47.1866999061872
309.6,-24.8896587187027,3.10169074828316,40.0960798783331,47.2949386112419
309.7,-24.8557829655154,2.30374369143558,39.9321965345003,47.0924357184313
309.8,-24.8757616937208,1.63141056343091,39.9394636831818,47.0810554211506
309.9,-24.9174470749063,0.862003295381275,39.9111581419115,47.0587161176404
310,-24.9731945951144,0.0336269744359705,39.9636755759331,47.1249079001466
310.1,-25.0725010997504,-0.757667333279548,40.0281470897688,47.2382994044564
310.2,-24.9577459790863,-1.61783798222485,39.992004205238,47.1684946171181
310.3,-24.939129180008,-2.33833402944738,39.9342960431065,47.1399615055939
310.4,-24.8389037429094,-3.09004448104914,40.0882472028211,47.2608408498925
310.5,-24.6897601861155,-3.9485137214713,40.0569081089525,47.2200265343594
310.6,-24.5532314593995,-4.661972523238,40.0308459687956,47.1917767400604
310.7,-24.4267770435603,-5.47709162052221,40.0503584789539,47.230257077938
310.8,-24.2246349400114,-6.29518105896361,39.9443307742568,47.1382201991674
310.9,-23.9286286610976,-7.03645612198486,40.0385946259839,47.1718140840607
311,-23.7117468894921,-7.84285878363704,40.0369555015396,47.1880830325165
311.1,-23.5419131322681,-8.50177631916315,40.0495780736689,47.2278580753695
311.2,-23.1538378800605,-9.2206070820148,40.0618585462366,47.1812707937768
311.3,-22.8476866766546,-9.9272059077825,39.9865948581471,47.1115057280033
311.4,-22.6514548844737,-10.6522005729449,40.0277497159192,47.2099410373479
311.5,-22.2943881968622,-11.3908493709199,39.9551911384174,47.1509119039159
311.6,-21.9070246146419,-12.1545793692341,39.971792620749,47.1741002291056
311.7,-21.4715294606627,-12.6967023603312,39.9603478027501,47.1069233205025
311.8,-21.0620965726009,-13.4236156258354,40.1100776567886,47.2506475948992
311.9,-20.7775676529115,-14.0789435563281,39.9760199662644,47.2017599415186
312,-20.2328024942394,-14.6689211484091,40.0028894030863,47.167517477865
312.1,-19.7418808019308,-15.2995705734525,39.9890978946031,47.1481353581862
312.2,-19.2624301136616,-15.9129863765825,40.0619769637596,47.2146836010769
312.3,-18.8010312286969,-16.5331837874454,39.9748977335429,47.1679699607593
312.4,-18.1472464875053,-17.149493825699,40.0329538969238,47.1811942543763
312.5,-17.6344477575914,-17.6528208650299,40.0736966155906,47.206959154837
312.6,-17.0706556535665,-18.2717628630497,39.9912795401467,47.1653160895199
312.7,-16.4798902546727,-18.7642082557503,39.9758760826516,47.1354745690201
312.8,-15.9009687517784,-19.3071690905907,40.0252519070014,47.197758164521
312.9,-15.3249566811193,-19.6933023123247,40.0548065155064,47.1918210947347
313,-14.681552861496,-20.2975439656948,40.008559014765,47.2040578753792
313.1,-14.1019420725959,-20.6106794416208,39.94394881039,47.1082150355026
313.2,-13.3715726863588,-21.0160450565426,40.0686890160492,47.1802177336018
313.3,-12.7889817202733,-21.5213605689873,39.9751358002429,47.1671336465309
313.4,-12.0178366964588,-21.8843639897764,40.0111392374266,47.1619025186274
313.5,-11.3909123272592,-22.2582680616494,40.0714514808329,47.2324528743987
313.6,-10.6985781769206,-22.5953829715051,39.9436937262803,47.1222832122505
313.7,-9.99588272980542,-22.9551360368793,40.0061238502598,47.1947654676023
313.8,-9.15350811228534,-23.2055150599656,40.0601249335959,47.1921206310468
313.9,-8.46668128718956,-23.5263807832457,39.942464418347,47.1229853530953
314,-7.77996954645683,-23.7351195772273,39.9948705544421,47.1537219968441
314.1,-7.02779889694611,-24.0090492545261,40.064172558002,47.2330639086598
314.2,-6.28430032407133,-24.2210525939054,39.9222281862337,47.1161980923075
314.3,-5.52006726636946,-24.3501996339765,39.9386075319809,47.1009101444266
314.4,-4.58968508686152,-24.52763155232,40.0576898616582,47.1941567973804
314.5,-3.93217222886416,-24.687715820651,39.9624498270636,47.1374870677176
314.6,-3.15932932520384,-24.8177132053784,40.023180066217,47.1991016137208
314.7,-2.4193351133322,-24.8902585724659,39.979469451479,47.1565067813187
314.8,-1.59237129240018,-24.8370824151231,39.9723702114445,47.0872242710191
314.9,-0.783294263636162,-24.9733111342062,40.0311532772537,47.1886962271294
315,0.0130505068996955,-24.9381064601696,40.0200881135218,47.1541809042266
315.1,0.761645043092152,-25.0995870198458,40.0082685365161,47.2359071367161
315.2,1.52161632306643,-24.9531124131413,40.0043290702038,47.1732920167189
315.3,2.34036284622944,-24.8681141361991,40.0206443637845,47.1757604521173
315.4,3.10003555304331,-24.7060238370347,39.9684555527694,47.090076168339
315.5,3.85405127263667,-24.7940563128485,39.990892563079,47.2109142852428
315.6,4.76118419015541,-24.5035470123054,39.948958907741,47.1063903190345
315.7,5.49219564036424,-24.3879302201509,40.0375204343978,47.2010423180443
315.8,6.22517836736727,-24.2829750870806,39.9663849668381,47.1776181266373
315.9,6.95763717369043,-24.0307334455753,39.9776096217716,47.1603025440229
316,7.70840174676878,-23.8304104211106,39.9955664923313,47.1906056050424
316.1,8.47609754016952,-23.5174270584152,39.953682427651,47.1297182729531
316.2,9.23037284958919,-23.3156932222348,39.9016154848721,47.1270649593033
316.3,9.96983570120534,-23.0774038857569,40.0309912452465,47.2699106630463
316.4,10.611280942826,-22.5492321797812,39.9929894027119,47.1222490604034
316.5,11.3497764626757,-22.3229379303249,40.0782505522875,47.2588314595884
316.6,12.0295996935354,-21.9166178884441,40.0099170460895,47.1788392236365
316.7,12.7880595081721,-21.5267991005481,39.8413834553932,47.0560663585429
316.8,13.4014196941653,-21.1048972094255,39.9317018708609,47.1121592621575
316.9,14.0610586360934,-20.6291768800819,40.0222883693994,47.1705403301756
317,14.6211268937051,-20.2411124417605,40.0508730334337,47.1969534531843
317.1,15.3388238084483,-19.6857001002816,40.0036021554304,47.1497029648629
317.2,15.8329906901697,-19.245695830279,40.0197605552948,47.1451125472169
317.3,16.5094437006729,-18.7777974146005,39.9596687249379,47.1374854193162
317.4,17.0012482528957,-18.2755884142438,39.9827710859709,47.134504959282
317.5,17.7076821027152,-17.6895988590012,40.0513204670018,47.2291454971787
317.6,18.2006004376312,-17.1315342635031,39.938867328849,47.1154374491343
317.7,18.7304590282676,-16.4937373891138,39.9555793484495,47.1096783001212
317.8,19.336825138141,-15.9235851657086,39.9869273096918,47.1850371052434
317.9,19.6922725929011,-15.3359109708727,40.0108124538633,47.1576173952616
318,20.2276281325864,-14.7326447142803,39.9829421904294,47.1682459537201
318.1,20.6601148507205,-14.0942096654912,40.0904092218803,47.2517513254018
318.2,21.0243924748263,-13.3887320996916,39.9107705930416,47.0547854686772
318.3,21.5869974088875,-12.7357307844179,39.965681937492,47.1747075080838
318.4,21.8274225903689,-12.0420027971435,40.0401099424586,47.166265619711
318.5,22.2716076329301,-11.4055968838064,39.9701700591196,47.1564061542653
318.6,22.6354983515519,-10.6337170760012,40.024227222854,47.1951320504795
318.7,22.9572585224661,-9.84946859023997,39.982894428498,47.145303024351
318.8,23.2811031981919,-9.24294800586481,39.9197667650042,47.127801057723
318.9,23.4621465491165,-8.47002127938309,39.9381647929319,47.0879027797247
319,23.678942491566,-7.63414466234986,40.0793776787993,47.1733928964667
319.1,24.0500459031268,-6.99438821517431,40.0138718981525,47.2063143946743
319.2,24.2218354468328,-6.20310323233719,40.0559009436192,47.2191804516926
319.3,24.4477113241848,-5.57066780916324,39.9793831924118,47.1918849938887
319.4,24.6341776642668,-4.66255033411796,40.0092209904025,47.2156737648814
319.5,24.7269288299478,-4.03511447060943,39.9988267201158,47.1975560504786
319.6,24.8016236000568,-3.04030287679478,40.0439939245186,47.2004811861958
319.7,24.8696022732669,-2.33232644669286,40.022749588463,47.177932855364
319.8,24.9972263757234,-1.55112781806163,40.0233146019021,47.2136954252679
319.9,24.9800866686897,-0.751103063110596,39.9294246368327,47.1054968938357
320,24.9296151654831,0.0116072285106961,40.0040953253559,47.1361166180139
320.1,25.0364496384047,0.779522027544263,39.990979801106,47.1880274067508
320.2,25.0083697780031,1.64780672825399,40.1274372370241,47.3111513829279
320.3,24.8877853221846,2.41242214799412,39.9251757675986,47.1088240029075
320.4,24.7442701715192,3.13321276425483,39.9873603651981,47.1283875973222
320.5,24.6719389747623,4.01058455271095,39.9752574365947,47.1466920191741
320.6,24.5685676134203,4.70368046120171,39.8996381052019,47.0926771948928
320.7,24.4443071329115,5.45854636269042,39.8976197542773,47.1077482125674
320.8,24.1843549918533,6.20696192726154,40.0662651790254,47.2092682440052
320.9,23.9835624244788,6.90759730110247,40.0111865125358,47.1574088896326
321,23.8330744812938,7.65555959099434,40.0297947973272,47.2123660008508
321.1,23.5113792697354,8.45136615428831,40.0793313837377,47.2288402272029
321.2,23.2528329690176,9.20332310060259,39.9862235026143,47.1624158327385
321.3,23.0520304192271,9.92213848099462,40.0058481462331,47.2261879086643
321.4,22.5505613575582,10.8415440704294,39.8562401852511,47.0593962676582
321.5,22.322989359003,11.2450528020908,40.0584582580255,47.217021766032
321.6,21.845717138857,11.9326752389561,39.9919155132821,47.1060229916604
321.7,21.4990920039535,12.7597748415229,39.9678068727253,47.1428509661464
321.8,21.212992227557,13.4022272275685,39.9363969876951,47.1648867089125
321.9,20.6699228384005,14.1046538424906,39.9961826237071,47.1792496192006
322,20.1995311132875,14.6481551952833,39.9412603847933,47.0945197336976
322.1,19.7353796343056,15.3334135462904,39.9831358951878,47.1513513730495
322.2,19.2332317599149,15.8918352035866,40.0400158803841,47.1770124294658
322.3,18.7307021515068,16.4634735653173,40.0376244835956,47.1688089653935
322.4,18.1410631510345,17.0452378137252,39.9888905230553,47.1036056968165
322.5,17.6604450950261,17.599535123547,39.9964896167155,47.1312437686448
322.6,17.1089790026529,18.2026074934061,40.0224704796588,47.1789171703567
322.7,16.5454333981604,18.6795559670834,39.8822136801733,47.045383891423
322.8,15.9556610934524,19.2448114332936,40.0715307032467,47.2300059383162
322.9,15.3781304073056,19.6953433119629,39.9314044493329,47.1053129094414
323,14.6290421972944,20.2304005992193,40.0348824568652,47.1812441267727
323.1,13.9886337219603,20.6276244442905,40.0069710363664,47.1353210992194
323.2,13.4326115137804,21.1638441919978,40.0144670402519,47.2175912725195
323.3,12.7239209803876,21.5832111537157,40.090254916928,47.2753816285527
323.4,11.9559625482711,21.8826712059117,39.9490012972026,47.0926644415623
323.5,11.3725708679583,22.2689117373121,39.9878636771536,47.1621568587947
323.6,10.6655337609964,22.5260513399597,40.0073751764778,47.1356199480701
323.7,9.93152793145531,22.9699535017537,40.0616401391977,47.2354636006526
323.8,9.13023280377745,23.2386064614847,39.9292927272275,47.0929124074903
323.9,8.50614552777342,23.4754396467366,40.0182092527927,47.1689288636867
324,7.73902514147686,23.7587907509876,39.9912357193193,47.155822359999
324.1,7.01922127334646,24.0321508179987,39.9465815035491,47.1438555279787
324.2,6.24947075432384,24.2052096030004,40.0454255821637,47.2078824635351
324.3,5.51024463110036,24.3436074707372,39.9791594359538,47.130745907415
324.4,4.68823191590094,24.578329283538,40.0020097650649,47.1829903048932
324.5,3.89736943157965,24.7138141036598,39.926371625429,47.1176956907734
324.6,3.15077635056666,24.8463082322307,39.9713103853911,47.1696096900068
324.7,2.37614138866411,24.8476938834948,40.0123123611071,47.1597188255994
324.8,1.60224478954923,24.9836507467033,40.0084639166262,47.1956266826373
324.9,0.72458813401286,25.030931859407,39.9790218500236,47.1740899837919
325,-0.038835306242508,24.931316655383,39.9797280256288,47.1163529080428
325.1,-0.732397950551107,25.026415917612,39.9710841183192,47.1650873637803
325.2,-1.54701530920343,24.935406730069,39.9951314601169,47.1569539482027
325.3,-2.30705575620813,25.0033672830201,40.123860290221,47.3330227889686
325.4,-3.0887163777698,24.7309302995433,40.0476948667638,47.1696612928754
325.5,-3.89705445433789,24.7064226802722,39.9306866717734,47.117449985708
325.6,-4.65226703137608,24.5302160584797,39.9182216253473,47.0833251389201
325.7,-5.36313572087905,24.4441163696008,40.0506737849493,47.2264176121753
325.8,-6.20455368403165,24.1802945914763,40.0048750733691,47.1547787884163
325.9,-6.9475830443931,24.0945262032069,40.006895847003,47.2161711538399
326,-7.76679079369433,23.8588824345899,40.0477963616585,47.2588119157207
326.1,-8.47208445778284,23.4853523244967,39.9859075897123,47.1403308711188
326.2,-9.16102205701639,23.2987959360418,39.9933887468565,47.182935057663
326.3,-9.9594097350439,23.085466637709,40.0640966174203,47.2996876302714
326.4,-10.6949630583199,22.6130190546905,40.0308428639416,47.2038054184639
326.5,-11.3678296203332,22.2786728464528,39.9154194219518,47.1042197866234
326.6,-12.0882303549538,21.8474922719122,39.9483664582415,47.1095554465084
326.7,-12.7930870071779,21.4822412649926,39.93809138573,47.1190079317837
326.8,-13.4135615571544,21.0959532770156,40.0807559681112,47.2380130539894
326.9,-13.9716877015413,20.6635621091313,39.9735302418433,47.1176609803892
327,-14.6932077767296,20.2220346115108,39.9342223790827,47.112239976691
327.1,-15.3738139012357,19.6700320433453,40.1123794542695,47.2468760865664
327.2,-16.0070172142684,19.3360819772214,39.9699443189803,47.1985711138599
327.3,-16.5160411876419,18.7910966170359,39.976093709819,47.1590181924825
327.4,-17.1305686929615,18.1588333799163,39.9410851513289,47.1008481508511
327.5,-17.6308565764014,17.709394377042,39.9763844551464,47.1442580483023
327.6,-18.1780513389415,17.1275217164222,40.0259337225906,47.1791153053226
327.7,-18.7106765525198,16.5945801718145,40.0341636220363,47.2038532860165
327.8,-19.2998811847963,15.8599693099312,39.9966737494856,47.1567381323391
327.9,-19.7231580176343,15.3026780819397,39.9832653941001,47.1363599596224
328,-20.2676964817371,14.7545689474081,40.0095264309014,47.2148179147673
328.1,-20.5880716434977,14.1050236465211,39.9668135522477,47.1186435669241
328.2,-21.0938707141261,13.4073589633571,39.9723744273452,47.1433916199976
328.3,-21.5464529461351,12.7489919111221,40.0786931965297,47.2555613409832
328.4,-21.9591883238032,11.9595334301809,39.9480001511247,47.1283259598952
328.5,-22.3207416524906,11.3503291675461,39.9760720471082,47.171302891106
328.6,-22.5982034271217,10.5718504260576,39.992979527704,47.1368351829847
328.7,-22.9951290058273,9.90557135196939,39.9991653965372,47.189294699361
328.8,-23.223222007013,9.27000955506102,39.9028954496232,47.0902557096635
328.9,-23.5372401755779,8.37678621054938,39.9140050118329,47.0882152813706
329,-23.7425066592648,7.71685833667031,39.9795168419737,47.1340459961919
329.1,-23.9373170785336,7.07919535783252,40.0201388429276,47.1669552636145
329.2,-24.1735791032684,6.18052472084081,39.9671072999601,47.1161381950327
329.3,-24.3138055797924,5.51345736995677,39.9811945430547,47.1174624850688
329.4,-24.6235097584327,4.75444798643107,40.0068247825059,47.2172430120337
329.5,-24.778375172068,3.91566581139141,40.0787177228998,47.2821734824674
329.6,-24.7625661921443,3.11889897702992,39.9400068755124,47.0968827467936
329.7,-24.900790635414,2.30892566461288,39.8566935063903,47.0524869614324
329.8,-24.9576706493361,1.55744321260082,39.9982869102937,47.1717490597856
329.9,-25.0568046817316,0.752247892485524,40.0551500091485,47.252771135729
330,-25.0270625662271,-0.0582693995143128,39.8654297717245,47.0702639348991
330.1,-25.0526886451018,-0.698092641247421,39.9900534689677,47.1945856866555
330.2,-24.8574185284729,-1.6354350499985,39.9467855810304,47.0777185296745
330.3,-24.9464079993002,-2.30314844100634,39.9625014647449,47.1659759586145
330.4,-24.7926817889978,-3.00943792008685,39.9985113666113,47.1552192066827
330.5,-24.7999949724877,-3.96670104754974,39.9530948362279,47.1913578404846
330.6,-24.521914949697,-4.76135023141069,40.0585105842337,47.2088872888727
330.7,-24.4229511455826,-5.43151796348139,40.0244735472376,47.2010636827249
330.8,-24.1746575196806,-6.16754105240208,39.9901670485133,47.134553030605
330.9,-23.9466965216474,-6.96378507145861,39.9828574032382,47.1228974379656
331,-23.8113221571485,-7.74153917514388,39.9995229748752,47.1897481439493
331.1,-23.4647688960523,-8.5028354693447,39.9731332838051,47.1247809001669
331.2,-23.1528185710707,-9.13434751123146,40.0941031971383,47.1913808170902
331.3,-22.9194901650178,-9.88104980688688,40.0694838979364,47.2070091676809
331.4,-22.5508152426581,-10.6500037554751,39.9833910561731,47.1235971510134
331.5,-22.3303873466707,-11.3179508020052,39.9035544256953,47.1066435358474
331.6,-21.8928786839475,-12.0510972800442,40.040741055992,47.1994494357311
331.7,-21.6474479706375,-12.7422545817289,40.0261155881066,47.2553381591913
331.8,-21.1987466740331,-13.4587620135111,40.0582405332619,47.2777724740371
331.9,-20.6232404682806,-14.0578440188608,40.0485524385312,47.1892739750563
332,-20.1683232862874,-14.6889624615728,39.9943369668509,47.138878558953
332.1,-19.7436295929721,-15.4139336226265,40.0117690577693,47.2053166747082
332.2,-19.1891127101913,-15.9444856635322,40.0350589363608,47.1726044830778
332.3,-18.7958648904072,-16.4946940993082,40.0009828158408,47.1745492468279
332.4,-18.279242942291,-17.0819636808674,39.9964419313732,47.176684632427
332.5,-17.6885491427514,-17.6374116262414,40.0221791270686,47.1777265425982
332.6,-17.2222255517938,-18.1935376633332,40.0076676689886,47.2040606089796
332.7,-16.6510511442594,-18.8177236559916,40.0139688422597,47.2491474030097
332.8,-15.967853544246,-19.2549525967514,40.0145221378505,47.1899091780664
332.9,-15.2836809541774,-19.7057747407362,40.0276081767139,47.1605542587262
333,-14.6921487283002,-20.2217383417511,40.0219252305856,47.1861466426252
333.1,-14.065202377761,-20.6938077193178,40.0036760850452,47.1842950161247
333.2,-13.376976684816,-21.150716076598,40.0541500567241,47.229558885782
333.3,-12.7369794801054,-21.4078185304451,39.9955884067195,47.1187057601205
333.4,-12.0199840331727,-21.9134826711935,39.9381110616984,47.1140473119746
333.5,-11.317993612963,-22.2056598380248,40.0146649049416,47.1419316078574
333.6,-10.6834164351587,-22.6016879119049,40.077350235383,47.2352165770807
333.7,-9.87625041973773,-22.9293283457204,39.9726933806633,47.1286604609525
333.8,-9.19969328089467,-23.1732760062495,39.9858763360201,47.1222387380295
333.9,-8.45112405325133,-23.494805382249,39.9634685196382,47.1222473342827
334,-7.70804855013114,-23.7891831720844,39.9001789418219,47.0888896453884
334.1,-6.92493598923731,-24.0043424636816,40.0284492614882,47.1851665870566
334.2,-6.20553217290298,-24.1489183007457,39.9759177130179,47.1142534870606
334.3,-5.44823165064405,-24.426950715689,40.0040852537977,47.1877736959363
334.4,-4.59662077545214,-24.566175509898,40.0191390807592,47.1821724224476
334.5,-3.85979527397488,-24.8146269910316,39.9954859139003,47.2260799320675
334.6,-3.14412231885099,-24.6828817797864,40.0603587561051,47.1589069188277
334.7,-2.3347929723413,-24.941952113178,39.9937559548629,47.1916597378911
334.8,-1.5883842402583,-24.9410835862761,39.9854920907128,47.1531567627107
334.9,-0.830268623094812,-24.995717048418,40.0798539062486,47.2426703933774
335,0.0230587151101802,-25.0344881196523,40.0742692052639,47.2511711966308
335.1,0.842392671721226,-24.9579899416518,39.8686141530406,47.0437804797297
335.2,1.62643648242068,-25.0066683894489,39.8809430015597,47.100619680264
335.3,2.32497840887243,-24.8780960341025,39.8910885570198,47.070416751371
335.4,3.13826859142332,-24.7726464862143,39.9539835074679,47.1153217308115
335.5,3.86794986172377,-24.6316185409264,40.0824824540728,47.2046932810665
335.6,4.75596323146313,-24.6033430826594,40.0048834971087,47.2052367933825
335.7,5.52712316558066,-24.2795436802611,39.9776758608619,47.0984065446523
335.8,6.25241118808691,-24.1851245380103,40.0239797789999,47.1797822370322
335.9,7.01966909183269,-23.9258357242784,39.9885524921733,47.1254251936605
336,7.78420496494155,-23.7781438766436,39.9721324132273,47.1568165042463
336.1,8.48287751666215,-23.5190741077652,40.084324312378,47.2425561695082
336.2,9.07845676291938,-23.1809258434602,40.021009668668,47.1323128549386
336.3,9.91847564801531,-22.8951518859439,40.0548795024555,47.1906506738034
336.4,10.6672108575001,-22.625877106483,40.0014706777371,47.1787808097868
336.5,11.391770681239,-22.3388436540428,40.0336253571543,47.2386233318743
336.6,12.0337757939185,-21.9230632805,39.9567917152631,47.137858114641
336.7,12.8423380344244,-21.5291576043448,39.9683292020019,47.1794193747945
336.8,13.3365770323407,-21.1294082296608,40.0692307033923,47.2213874027108
336.9,14.0521060528606,-20.7037337265273,39.9986213789994,47.1804619197431
337,14.7289768240046,-20.0842218864118,39.9398466671887,47.0692052074733
337.1,15.3834636819453,-19.8026060498929,40.096111308923,47.2915669365959
337.2,15.9454221417177,-19.2407044904545,39.9447561005517,47.1173506948251
337.3,16.4959752201268,-18.8126601568842,40.0195647195609,47.1974463396546
337.4,17.044034933108,-18.2426117136778,39.9366659663495,47.0980816747859
337.5,17.7074255455557,-17.723051598477,40.0978149272345,47.2810135186676
337.6,18.2379960767006,-17.1346097696574,39.9736247820549,47.1604710649575
337.7,18.7203502572972,-16.5000997421589,39.9631401365193,47.1143011709624
337.8,19.2740963206659,-15.9054678658972,39.9241751583772,47.1000473363688
337.9,19.7463393594482,-15.3340488695876,40.0300828403397,47.1959585667868
338,20.2498270144692,-14.7025293795039,40.0501414474699,47.2253501229313
338.1,20.7711708495417,-14.0546478413811,40.0343435014175,47.2411189960142
338.2,21.087322588624,-13.3174663810741,39.9998999018015,47.1383291698155
338.3,21.4278449601037,-12.6693807064464,39.9948329744356,47.1089419513124
338.4,21.9206071554622,-12.0417445494118,39.9558189463723,47.1379263176974
338.5,22.2854354938398,-11.3290823826701,40.0147161725035,47.1822662994205
338.6,22.6498492058067,-10.6138239596582,39.9203321138356,47.1094666088604
338.7,22.9932794900479,-10.0266978809244,40.072934895671,47.2764812909704
338.8,23.3015326403846,-9.21978916189487,40.0802528332776,47.2693621996337
338.9,23.6404312433875,-8.39422897533471,39.9981272246585,47.2142272090061
339,23.7828511827361,-7.71735664909346,40.0345580544059,47.2011381498484
339.1,24.0040551836639,-6.96339776951712,39.9542249012802,47.1277377052938
339.2,24.1907702797637,-6.21533008017596,39.9671223002808,47.1295508115603
339.3,24.3394536737181,-5.47347944664934,39.9646593968877,47.1120152731467
339.4,24.573587866683,-4.68171263797635,40.0058437037284,47.1831239355061
339.5,24.6520866545355,-3.90751712854653,40.0726274931803,47.2102694415082
339.6,24.8323869425533,-3.0897488670869,39.9533643559004,47.1430303722797
339.7,24.9057475132169,-2.27238989419177,39.9679508627197,47.1476098141583
339.8,24.9576224662665,-1.65355961527091,39.9969032471046,47.1738216379402
339.9,24.9628577262273,-0.792609834835596,40.0583547156987,47.2064008238172
340,24.9140017873951,-0.0163399039087636,39.9619333948043,47.0920786619741
340.1,24.9567205800771,0.798403920563736,39.9737729132179,47.1314955401368
340.2,24.942496130391,1.53186671251201,40.0695766280969,47.2233596855878
340.3,24.7814691628635,2.36534409342643,40.0633276567178,47.1676402789008
340.4,24.8215288699123,3.1829285722883,40.0511479403802,47.2264097839164
340.5,24.7339672187471,3.90066256307643,40.0603779829445,47.2421230147992
340.6,24.6297267209066,4.74239476222243,39.9446070250974,47.166570543307
340.7,24.4251140590895,5.53578306041151,39.9780969607586,47.1749862479608
340.8,24.1700472755111,6.11758550407976,39.9579294460228,47.0983244215068
340.9,24.1192731623073,6.93862650458913,39.9701990844145,47.1964054827898
341,23.8489282227188,7.87065318817582,40.0503797401083,47.2731580953485
341.1,23.4817539738125,8.56259345908211,40.029233832694,47.1916341915034
341.2,23.2955968857138,9.14052777136743,40.0191345886478,47.199207783872
341.3,22.8917182313282,9.84143154795708,39.9557905848721,47.0887432382497
341.4,22.6459333213513,10.6183309227377,40.0349812298307,47.2057938144541
341.5,22.3250488290632,11.4637325075006,40.0457185784816,47.259756079465
341.6,21.9829502896936,11.9898180047237,39.9700017274743,47.1657383841261
341.7,21.5396978381939,12.7268812612239,40.0679349308603,47.2373951358629
341.8,21.191228280654,13.4578287697548,39.9516248444705,47.183828150672
341.9,20.6674525574589,13.9437126148376,39.9319072366669,47.0757679943489
342,20.2981463413765,14.7171572273173,40.0294540586725,47.2331097217289
342.1,19.7173546725927,15.2942875517937,40.0420299722892,47.1810711122953
342.2,19.241859042084,15.9761195555358,39.92742635889,47.1135321440962
342.3,18.6909541407962,16.5020233352082,39.9763215947585,47.1144864038298
342.4,18.2889074782558,17.1413435295122,40.0716839087221,47.2657343751844
342.5,17.7364369059168,17.6965046652739,40.0419653672648,47.2345896770456
342.6,17.2009736756901,18.1547677884653,40.0194285816742,47.191352521925
342.7,16.5855349540128,18.6778463068274,39.9644333835375,47.128524781065
342.8,15.8679050851076,19.2342638396715,39.929490505837,47.0755937753291
342.9,15.2982572932551,19.7077317392337,39.9582789885849,47.1072757251554
343,14.6348159770312,20.2760541445981,39.9481784633859,47.1291117346675
343.1,14.0250022638547,20.760843632472,39.9674799348224,47.1711009959861
343.2,13.3552145634091,21.1015414694756,39.9728818137441,47.1324526087732
343.3,12.7241296271277,21.5447442496251,40.02135873771,47.1994558735816
343.4,11.9799431610966,21.921153873415,39.9881775093965,47.1498713233456
343.5,11.3223190489328,22.3185890499208,40.0239956567865,47.2041794141105
343.6,10.5967834445495,22.6101684389998,39.9516892221335,47.113151114233
343.7,9.87261479007229,22.9075406196206,39.9921763678536,47.1338319115922
343.8,9.36018688952377,23.206075163066,39.8981901221693,47.0956537071676
343.9,8.49250284561245,23.5275759788821,39.994994354211,47.1727570682293
344,7.76302956552295,23.7702895024274,39.9612126369853,47.1401082570113
344.1,6.97275451303603,23.9914365222355,40.0634115180143,47.2153076275193
344.2,6.19727872879276,24.1452591580263,40.0337593914035,47.1603826793145
344.3,5.48398506756406,24.4281089952355,39.9976742503713,47.1870802947501
344.4,4.65366748969756,24.5052329737637,39.9370867387373,47.0864519939709
344.5,3.88994043509755,24.6293709324086,40.0042860881291,47.1389483817327
344.6,3.12162748427697,24.7776187341749,40.050110412638,47.1983717129227
344.7,2.26992947942122,24.8472537649463,39.9583230401456,47.1084512553938
344.8,1.5379295687367,24.9573212663523,40.0108449888373,47.1815729800426
344.9,0.766651541779937,24.9692252542778,40.0778033284319,47.2258433912815
345,0.0208298519329271,24.9923287702667,40.029800666339,47.1911206969136
345.1,-0.920153251078745,24.9969324881638,40.0327569037642,47.2050308880226
345.2,-1.59687196780671,24.9103208972398,40.0426974212567,47.1857150423234
345.3,-2.27565022238372,24.7906925764718,40.055126800122,47.1611090341356
345.4,-3.20724348415067,24.8605032709806,39.9926059439671,47.198936045662
345.5,-3.92168398718601,24.6717720433814,40.0131429074314,47.1712576299006
345.6,-4.56345717836148,24.5542299208788,40.0296259583413,47.1816309890919
345.7,-5.49292523729899,24.2812859759613,40.0523659125948,47.1587223268968
345.8,-6.24897893285975,24.2140365724831,40.0512883473762,47.2173167717263
345.9,-6.97825254462385,24.0232375234642,39.9459726000858,47.1327134446144
346,-7.76351862126645,23.7786201540634,39.9827590345092,47.1626549064576
346.1,-8.45732633531553,23.5414062300333,39.9545954776987,47.139090740234
346.2,-9.17574174862275,23.1856340323367,39.9663804970225,47.107105962388
346.3,-9.98318173159439,22.9323778560251,39.9386303392826,47.1237951039113
346.4,-10.6275074469601,22.6407711178096,40.044202237438,47.2132032823136
346.5,-11.3491030080789,22.3217960387141,39.8897003618649,47.0983323743135
346.6,-12.0869493828769,21.8507794732297,40.0493980840922,47.1964532128213
346.7,-12.7233664268153,21.5181704532367,40.011626917028,47.1788724052726
346.8,-13.3986030428543,21.0936376091097,39.9433799820642,47.1162149952221
346.9,-14.1122873682351,20.6358183175791,39.9324572484742,47.1125757553225
347,-14.7076637319776,20.1986336439975,40.0470876268922,47.2024300320792
347.1,-15.3490156824909,19.6929498245312,40.0218796299096,47.1715529140585
347.2,-15.872613878042,19.281360229687,40.0654766556839,47.2117902994106
347.3,-16.5842644017356,18.7573891925695,40.0353286373799,47.2197523730399
347.4,-17.1243167270968,18.1341031257289,40.0523281811788,47.1834389619637
347.5,-17.6817380752628,17.4920474086562,40.0164107248045,47.1161194412817
347.6,-18.1955682446283,17.1281331950239,40.1286402449238,47.2732420973845
347.7,-18.7407078287394,16.5020345314288,40.052752364834,47.1990915759759
347.8,-19.2051548814907,15.9475199902466,40.0912032764502,47.227809053724
347.9,-19.7027304094242,15.289222945596,39.9954739497235,47.1338080397669
348,-20.1890866040669,14.6446033385093,40.0401812279708,47.1728707799041
348.1,-20.687573911852,14.0041051410028,39.9083217249361,47.0825319843741
348.2,-21.1050249318749,13.3462863717807,39.987542507684,47.1439178802152
348.3,-21.4623418929418,12.722698123881,39.9675212603696,47.1158351595197
348.4,-21.8066556651332,12.0776273221497,39.9668741636137,47.1036128491282
348.5,-22.1687197338991,11.3409023555601,39.9570449304266,47.0811389034998
348.6,-22.6259254488379,10.5867567892068,40.0779459736702,47.2255616716055
348.7,-22.9919146749351,9.92923920519758,39.9276287708905,47.132085365275
348.8,-23.245990654667,9.2171519996115,39.9736049255021,47.1510451977571
348.9,-23.4779806847043,8.49838164262438,39.9247599150392,47.0895372864139
349,-23.7776357627194,7.7484102250275,40.0107839846094,47.1834362731556
349.1,-24.0105148063331,6.97075792359285,39.9456466114895,47.1248445143799
349.2,-24.1526730552479,6.22802237935567,39.980129128775,47.1227185508749
349.3,-24.409061202147,5.50835224825984,39.9988780548399,47.1810815783935
349.4,-24.479616092064,4.74262073896702,40.0431022425343,47.171962993865
349.5,-24.6998925725041,3.87344486860121,39.9134756677754,47.0974925885172
349.6,-24.835695013017,3.08585337067027,39.9562740046804,47.1469836802098
349.7,-24.8954648088577,2.30462419257358,39.9547027906279,47.1325125131843
349.8,-24.9096594172516,1.57088154327126,40.1307992289871,47.2592831924451
349.9,-25.0822883099351,0.843016862299698,39.9894356907259,47.2121470720781
350,-25.0746568414628,0.000599421650769987,40.0062568891345,47.2148176567044
350.1,-24.8878154003085,-0.829664151148537,39.9585490459343,47.0826649613196
350.2,-25.0011530814451,-1.52970535432922,39.9991668584117,47.1946077771601
350.3,-24.8755162999354,-2.30531535261562,39.9586705100126,47.1253768047653
350.4,-24.7904742071444,-3.17445810902254,39.884795178655,47.0684786470127
350.5,-24.6946787465423,-3.87377516517263,39.9991052331329,47.1673797435948
350.6,-24.5372882962801,-4.6993351216694,39.977585900531,47.1420156755611
350.7,-24.4797231354386,-5.36417217271042,39.9430123540529,47.1537424156581
350.8,-24.2004628317485,-6.19492159019665,40.0308722451921,47.1859109002933
350.9,-24.0330000477237,-6.97348208565817,40.0913849510315,47.2602760358493
351,-23.7577471049502,-7.70400884785618,39.9851699066377,47.1444176153794
351.1,-23.5523159207016,-8.37216802647086,40.0100136315885,47.176328529167
351.2,-23.2279380535065,-9.20406611542612,40.0357257435544,47.1922798250707
351.3,-22.973063442289,-9.9637721473573,40.0677839153693,47.24897572664
351.4,-22.6721264818754,-10.595789619666,39.9961990646648,47.1804198422892
351.5,-22.3179699317928,-11.4051938230572,40.0115762819019,47.2133081300217
351.6,-21.9514682205998,-12.0746177801933,39.8829410275253,47.0989632219524
351.7,-21.4361433555602,-12.6433943115541,40.003810157973,47.1133578598757
351.8,-21.1451520424899,-13.3561393076379,39.9706731557572,47.15038308041
351.9,-20.6055162558433,-14.0698414909294,39.9842903854121,47.130576247004
352,-20.1480923639099,-14.7239322372392,39.9854024477959,47.1335572107989
352.1,-19.744464431362,-15.3490383016832,39.9170751323851,47.1042433289436
352.2,-19.3386584633149,-15.9659930920659,40.0166064091302,47.2252626787811
352.3,-18.7666208648353,-16.5619801856496,39.9962620722904,47.182477956437
352.4,-18.1428548275684,-17.0606865183796,40.0069248318403,47.1251975091156
352.5,-17.7105055748301,-17.7162408594603,39.9068866683593,47.1177970778321
352.6,-17.1656935264575,-18.2386432589163,39.9231097216853,47.1292248187895
352.7,-16.5215523184973,-18.7660369610709,40.0083687095569,47.1783361410401
352.8,-15.8780739541554,-19.1901192619476,40.0673059586838,47.177991866634
352.9,-15.2854039126705,-19.7696439499278,39.9306697283393,47.1056342663392
353,-14.8066903781306,-20.2596271654356,39.9803109002993,47.2029218642329
353.1,-14.0440744852707,-20.7350319167955,40.0376577381088,47.2249045937872
353.2,-13.4265133937896,-21.0975901173691,39.9503089207454,47.1318019339078
353.3,-12.7704526124662,-21.5094201759664,40.0584778185987,47.227335954685
353.4,-11.9848792114245,-21.9171051333762,40.003778253465,47.1624755678951
353.5,-11.3922044120892,-22.2824282167429,39.9798164378684,47.1664568417724
353.6,-10.6926634514261,-22.7094038503239,39.9612683889595,47.1906033673763
353.7,-9.91110925625587,-22.9430590921845,39.947878678774,47.1216198589454
353.8,-9.18621257415186,-23.2435808547252,39.9561184306849,47.1289926950977
353.9,-8.4417709600962,-23.5940055764161,40.0424646242275,47.2370571613557
354,-7.76459098411298,-23.836165876532,40.0278801302765,47.230105489697
354.1,-6.98157758809226,-24.1082440886524,40.0261734626061,47.2445173614381
354.2,-6.23217369341242,-24.2918411627645,40.0112067179368,47.2210779106885
354.3,-5.50164008035841,-24.3756953072314,39.9385481823591,47.1118901785887
354.4,-4.68602183149281,-24.5873860095835,40.0066970204506,47.1914627647376
354.5,-3.79343650662563,-24.7442436205584,39.9950801987957,47.1834101458494
354.6,-3.26031794191126,-24.8766283830325,40.0468779913352,47.2570497348569
354.7,-2.38897599747621,-24.8295138950379,39.9700648414572,47.1149450812658
354.8,-1.64677086524852,-24.9142425442609,40.0260939376884,47.1754123643402
354.9,-0.840887238233955,-25.0237998104642,40.0607710034748,47.2415391545878
355,0.0695419807264196,-25.0346115977718,39.9896446194458,47.1795325403712
355.1,0.784355194449406,-25.0281168451149,39.9565210717508,47.1544846439981
355.2,1.5627418088296,-24.9522915021343,40.0040917086195,47.1740009602767
355.3,2.40272682195148,-24.9276690230283,39.9826623486276,47.1781206449233
355.4,3.07298623417395,-24.7655483540351,40.0198848235696,47.1631933923398
355.5,3.9082457913827,-24.689652915947,40.0625909143105,47.2214414968792
355.6,4.67359266606933,-24.5134861905168,39.9987568534242,47.1450318001838
355.7,5.47226553537635,-24.4550611222701,39.9947631198871,47.1972115871215
355.8,6.19746855168133,-24.1944828024038,40.028537248595,47.1811976192535
355.9,7.0237413795759,-23.9938058267383,39.9157819449233,47.098888620572
356,7.66411017652683,-23.8181051294722,39.9520540796307,47.1402942495936
356.1,8.37154662517227,-23.5382881348864,40.0369800470047,47.1920922666353
356.2,9.18634604285286,-23.3284975473655,40.0248333429595,47.22917568165
356.3,9.89986003953281,-23.0002240857091,39.9742169269975,47.169434549524
356.4,10.6456020467983,-22.6567055806813,40.0262282485234,47.20968225387
356.5,11.3711075864484,-22.2721830832936,40.0291775545679,47.1983822046207
356.6,12.10466873876,-21.9218747758341,40.06383176182,47.2461873001609
356.7,12.7280982112423,-21.4322272383906,39.9590320483206,47.0963808663867
356.8,13.3957750534074,-21.1552574487412,40.1074805587027,47.2821499486934
356.9,13.9725254743727,-20.6394330881018,40.0108758625224,47.1390268632733
357,14.6409330581563,-20.2565248222762,40.0114900007854,47.1762975526042
357.1,15.3345674909774,-19.6970247628296,40.0127756340291,47.160830766453
357.2,15.9191782331004,-19.2834428932103,39.9569861474855,47.1363145294927
357.3,16.66544187464,-18.8309027536061,40.0620953572806,47.3002255365513
357.4,17.0408905803027,-18.1803719446761,39.9656821323004,47.0974906350295
357.5,17.5809972550828,-17.6952332663649,39.9813594247295,47.1245355020471
357.6,18.2189409917959,-17.0909958257209,40.0494352406846,47.2015806120424
357.7,18.7197117216128,-16.5231318534492,40.0232745705463,47.1731279494596
357.8,19.196111210929,-15.9367531853493,40.0649096714413,47.1981755441229
357.9,19.8006681087834,-15.3230124257169,40.0022889582084,47.1915701079003
358,20.1248439141641,-14.6720938414582,39.9806111972818,47.1033857803263
358.1,20.6876161842548,-14.0852245817747,40.066204017196,47.240572808272
358.2,21.0505459865803,-13.3743721764891,39.9117565974104,47.0632301498665
358.3,21.4561503973551,-12.6098896037542,40.020819969782,47.1279294765481
358.4,21.8867539352883,-12.1126382454274,39.94787201807,47.1336236869239
358.5,22.3054058534412,-11.4133284897421,40.0588751739462,47.249430448454
358.6,22.6140195972333,-10.6164590696152,39.9640943987915,47.1299472377849
358.7,22.9854869042616,-9.93642410734351,40.0046897353706,47.1957660504652
358.8,23.1764490262657,-9.20733374229869,40.0303739091507,47.1630535421062
358.9,23.5498219072116,-8.52443240402555,39.9958110564162,47.1903058024922
359,23.733306639356,-7.72440373308835,40.0506474549317,47.1910014582089
359.1,24.0488165873027,-7.00876157781773,40.0381650014873,47.2284127913563
359.2,24.2294432721284,-6.22207217324164,40.0315506490921,47.2049271874996
359.3,24.5119120311218,-5.41328565097188,40.1150914041919,47.3218559581843
359.4,24.5424528677067,-4.71497987709812,39.9945389081679,47.1606421763106
359.5,24.6390609441324,-3.91255748134587,39.9747765800611,47.1208466910274
359.6,24.7054621880855,-3.05305334341009,39.9427366794494,47.064882981778
359.7,24.9355004368198,-2.31472289783329,39.9488753127881,47.1492286563108
359.8,24.9524626482739,-1.53010604057274,39.936884049814,47.1160410509752
359.9,25.0196403454321,-0.794149045657201,40.0080804312719,47.1938510350301
360,24.9627905094849,0.0422212749657545,39.9075514036797,47.0718105844021
360.1,24.9694460496821,0.743869991873018,39.9078728462458,47.081470810765
360.2,24.8918061921035,1.50015021140013,39.9706712054121,47.1116442376315
360.3,24.9436468481832,2.30150349965698,40.0668587924399,47.2528899638862
360.4,24.8120860278887,3.12621797944415,40.0042399328364,47.1778768546688
360.5,24.7698233138088,3.92918298351105,39.9742466949609,47.1902852793328
360.6,24.5170837419523,4.65756830913742,40.0401823525034,47.1804677868491
360.7,24.4182330077113,5.47187379101436,39.9178574985446,47.1129159920906
360.8,24.2321968101908,6.23243180396746,40.0581743866071,47.2302858728036
360.9,23.9857570098446,6.99248043645236,40.0278605242991,47.1851771231413
361,23.8374704074714,7.70803522672048,39.9601317884948,47.1640852242181
361.1,23.598804042569,8.47975927120966,40.0314082777504,47.2368872623629
361.2,23.3040233219851,9.18618017563508,40.030786105894,47.2221054747318
361.3,22.9744661769788,9.85508734296958,39.9817027759557,47.1538481941778
361.4,22.5635061989524,10.7034786994115,40.0760684804197,47.2204143682181
361.5,22.2476572765939,11.2387149357055,39.9619776339534,47.0980532943711
361.6,21.975376833355,11.9617516721477,39.9382753129616,47.128192464893
361.7,21.4269703047404,12.7587327114954,39.9474147128052,47.0924225229543
361.8,21.1431476101426,13.3680374984354,39.947532909664,47.1332420165698
361.9,20.7032733132927,14.072236570712,39.9473163951858,47.1427773382526
362,20.2429428181867,14.667325680272,40.0182722207845,47.1844178525957
362.1,19.859007755141,15.2978758031965,39.8778998366065,47.102569871369
362.2,19.2411110184538,15.8954386271351,39.9907586001875,47.1396446294619
362.3,18.7388019465938,16.5228758808776,40.0031710381828,47.1635645268534
362.4,18.1729254781371,17.0974030232966,40.0921335090952,47.2224054860198
362.5,17.664450818282,17.6850697242796,40.0955356424817,47.2487723895728
362.6,17.0963430058238,18.2266422942784,40.0183819432633,47.1801475925337
362.7,16.4787763474447,18.8346614462275,40.0378482590569,47.2157159737981
362.8,15.9894896103253,19.2073457423204,40.0560929502945,47.2130966036582
362.9,15.4672678570888,19.7542361407041,40.0318575907963,47.2442149118327
363,14.6087520422987,20.2435821891022,40.0536743280801,47.1965579598789
363.1,14.0335398239564,20.7658308540441,39.9156483984839,47.1319314066454
363.2,13.4383253448932,21.0501839167672,39.9877139323278,47.145690116262
363.3,12.6853839031877,21.527298048535,40.0190629721061,47.1791153711799
363.4,11.9997713619366,21.9658613853869,39.9768774153449,47.1661351715646
363.5,11.2844609083813,22.2664986504696,39.9705316782049,47.1251463953432
363.6,10.6553381219137,22.6475139446057,40.016359782631,47.199101353907
363.7,9.88443453249893,22.9037271527468,40.133671436298,47.2545695829668
363.8,9.27088611107683,23.2669706444966,39.9214936300351,47.1277721297045
363.9,8.45475877933811,23.5896955670437,40.038981706641,47.23427504543
364,7.72557343047604,23.8338553349335,40.0233996311015,47.2187427086646
364.1,6.96752766443417,23.9962303770257,40.0845543297634,47.2349130398024
364.2,6.21541165767265,24.18581222113,40.0812468593882,47.2238414857718
364.3,5.49454640114012,24.4644273381998,40.0494660252936,47.251010296622
364.4,4.7299199354785,24.552620720878,40.0009462204769,47.1728632308112
364.5,3.93980677290312,24.6510771636428,39.9257254815144,47.0878034947579
364.6,3.1407585545009,24.8524281150212,40.0056975156252,47.2013069863713
364.7,2.40054639001009,24.8864436450091,40.0535064702886,47.2163221866365
364.8,1.59528032926319,24.8133982448762,40.0812747258315,47.1673428914046
364.9,0.856238521710387,24.9476307821862,40.0525741299647,47.1945560471402
365,-0.0939310904090955,24.9245788308377,39.9585273739466,47.0948761845578
365.1,-0.857988873091187,24.9933969034927,40.0172635993805,47.1888484672404
365.2,-1.63780477997349,24.9685001118826,39.9907837769739,47.1738400962977
365.3,-2.33478390307241,24.8896699230594,39.8987114576014,47.0834797007382
365.4,-3.1506808047748,24.8745211073677,39.9772025998249,47.1894619333798
365.5,-3.93367900641355,24.7685144846013,39.947361289758,47.1672006198573
365.6,-4.63478321606398,24.582889697566,40.0264460730981,47.2008057832198
365.7,-5.37270631333289,24.3018692833932,39.9451299875715,47.0644264123174
365.8,-6.16883891593705,24.2586938445256,39.9650215893801,47.1565663641112
365.9,-6.99692849570198,23.9991153590758,40.0871376746737,47.2429164355932
366,-7.7104725441511,23.7859487811284,39.9772903046232,47.1530114242208
366.1,-8.50120752975394,23.5503867610972,39.8879500873039,47.0950083154091
366.2,-9.26437798595498,23.2175799250747,39.9817469972701,47.1532057234457
366.3,-10.0148772925547,23.0253570850974,39.9303207857405,47.1687964032718
366.4,-10.6717102216985,22.5822218699384,39.9335124043728,47.1012479302749
366.5,-11.3662362315457,22.2882061216559,39.9794048729673,47.1625727901836
366.6,-11.9702571798167,21.7793171466879,40.0093563191539,47.0996210749087
366.7,-12.7619579157789,21.5884325142287,39.9648059165999,47.1817093821007
366.8,-13.3600774842418,21.0732857204608,39.990640828952,47.1362535141622
366.9,-14.0495556940949,20.5901136360619,40.0465843919366,47.170665844441
367,-14.7344589999868,20.1821809158568,39.9964920566953,47.1608321108095
367.1,-15.3247032859572,19.7420356859329,40.0678243438906,47.2231410590205
367.2,-15.9528806582057,19.1996411972745,39.999788201003,47.1498004187094
367.3,-16.5136849136752,18.7755937262061,39.9881752155531,47.1622610385621
367.4,-17.125430040662,18.2086159033972,40.0643258018399,47.2227090407892
367.5,-17.7343260383079,17.5570407570473,39.934178130535,47.0902811962185
367.6,-18.2758824910209,17.0845035406882,39.95349162692,47.1398943066248
367.7,-18.7467679467502,16.5729538216643,40.0260963324257,47.2037339035477
367.8,-19.2400006382487,15.9410285198518,39.998689818673,47.1613104360021
367.9,-19.7700263196902,15.3368898036975,40.0199738288268,47.1982249114517
368,-20.2166845281679,14.7226541793262,40.0182126152674,47.1903403284639
368.1,-20.6503421030909,14.0262321982524,39.9684873375855,47.1237922785159
368.2,-21.0744240013743,13.3568193677202,40.0190051997984,47.159906146992
368.3,-21.4416518687207,12.695069329779,40.0001501804972,47.12665100142
368.4,-21.8971684221631,12.0751975104768,40.1552989682109,47.3048032978893
368.5,-22.2450202004561,11.4607939255793,40.0887476595944,47.257786766182
368.6,-22.5653912724795,10.643750007127,40.0822706479761,47.2130778258728
368.7,-22.9604011274259,9.8445049264606,39.9532550398796,47.1206630413991
368.8,-23.2922331592921,9.14760411412478,40.0343251629259,47.211799137784
368.9,-23.5569087781032,8.45775318747575,39.9819026378213,47.1700548939722
369,-23.7401351059449,7.74712183276877,39.9514523229425,47.1140154757863
369.1,-23.9440316322484,6.90751065307388,40.0743676372667,47.1909450610522
369.2,-24.2446592102345,6.27217462156985,39.8643055287234,47.0776648740279
369.3,-24.3926330444253,5.44130381219211,40.0670718305779,47.222649005464
369.4,-24.561864955481,4.73649854365542,39.9335506140486,47.121206406353
369.5,-24.7203244182534,3.92313497135691,40.0534721243209,47.230986190857
369.6,-24.7217359284375,3.16671978563598,39.9786319205795,47.1113930144006
369.7,-24.9190230408579,2.36974960297376,39.9745798791177,47.1650342839223
369.8,-25.0585819627045,1.60013713384382,39.9543778354008,47.1894615040546
369.9,-24.9676162410237,0.811301104887176,40.0130714009919,47.1708167533985
370,-24.9541481727003,0.0102123565852864,39.976264087124,47.1254846731659
370.1,-25.0693250180957,-0.78052680361182,40.014462818209,47.2253905604168
370.2,-24.9131118550549,-1.50096160774125,39.9285733066799,47.0872275076511
370.3,-24.8856565441566,-2.32959127467702,39.9245587763801,47.1030072355195
370.4,-24.8979150462804,-3.11983125450949,39.9390763128196,47.1674605785561
370.5,-24.7621078736321,-3.82974960003786,39.9876724340357,47.1894364772046
370.6,-24.5434116197978,-4.69614582761915,40.0216506704858,47.1822568553422
370.7,-24.4314310402582,-5.54711585019654,40.0379931132914,47.230352629113
370.8,-24.1665349502699,-6.21874095794441,39.9685609241305,47.1187861998859
370.9,-23.9624705846286,-6.97043583190968,40.0104199030361,47.1552825569228
371,-23.6726836973214,-7.66865872829634,40.0458874517911,47.1474005850378
371.1,-23.5342621519022,-8.47968079199019,39.9500320369861,47.135671641812
371.2,-23.1451272664741,-9.19749255702565,39.9917198141839,47.1129328233131
371.3,-22.9513000472246,-9.92233027061639,40.0008993236125,47.1729451969528
371.4,-22.6339920538762,-10.7494076495941,39.9468895489083,47.1550776242046
371.5,-22.3113118151601,-11.3287648727501,39.9326352396858,47.1248438261726
371.6,-21.9284023391553,-11.9932533740184,39.9433516761536,47.1186194488564
371.7,-21.4881533403898,-12.793250674473,40.0286643148123,47.1985377276451
371.8,-21.112552656375,-13.392970339797,39.907616074306,47.092773914106
371.9,-20.7713446612615,-14.0361458763019,39.9764022342098,47.1865964622273
372,-20.2063468763412,-14.771792313262,39.9561243358822,47.1486391550981
372.1,-19.7752233150904,-15.3713845921712,39.9665095171429,47.1663100573492
372.2,-19.2481232789885,-15.8980301569838,39.9449981122196,47.1045697021078
372.3,-18.7878842092069,-16.5476875845631,40.0765791585736,47.2540236859073
372.4,-18.1589735231414,-17.1676524781359,39.9097157011556,47.0878117815137
372.5,-17.655613077102,-17.703392164588,40.0172706112672,47.1859376767795
372.6,-17.1193255160342,-18.2072662507748,39.985599808979,47.1531975854698
372.7,-16.5647971825699,-18.743116855004,40.0280488693463,47.2010765918192
372.8,-15.9481066366812,-19.2318838469809,40.0088980559559,47.1690511379082
372.9,-15.3042996998974,-19.7805187830676,39.9879025619338,47.1648477569289
373,-14.7227859235991,-20.1511907844323,40.0571378177541,47.1953939016645
373.1,-14.0782974753537,-20.6914886673022,39.9988060528767,47.1830546778109
373.2,-13.4895152376379,-21.146355658551,40.0590334425844,47.26374444898
373.3,-12.7303439270095,-21.5295952083908,39.9917044578374,47.1690741034856
373.4,-12.0484321806103,-21.9165049097367,40.1107409938029,47.2691172811723
373.5,-11.2934213927142,-22.2308750856845,40.0238739923717,47.1557383908467
373.6,-10.6713009144084,-22.5267152581602,40.1153762565908,47.2289421407671
373.7,-9.9389771864482,-22.9661326091832,40.0020839042985,47.1846715705627
373.8,-9.15148844373653,-23.2067433191505,39.9957258073676,47.1376787620573
373.9,-8.40165961596169,-23.4590899823128,40.0636995272542,47.1806825608833
374,-7.74981446800125,-23.6333742169966,40.0452594341121,47.1404158267021
374.1,-6.97946771324479,-24.0490036529145,40.0446538030692,47.2296712297025
374.2,-6.23714072754297,-24.2056934672696,39.9745970522108,47.1464307256998
374.3,-5.43591596364973,-24.4287534265461,40.032517918085,47.2113934045654
374.4,-4.7558492619812,-24.5268321087247,39.9539932324987,47.1222364782786
374.5,-3.88102973304583,-24.7942981034832,40.0052291480241,47.225395386583
374.6,-3.10756940655001,-24.7892984225353,39.9242444815519,47.0968321792535
374.7,-2.34726333657503,-24.9278174654447,39.9735723917671,47.167703129595
374.8,-1.69622234578712,-24.9588892028331,40.0092846393633,47.1865041917627
374.9,-0.788224653370054,-24.9638177968717,40.0164943380054,47.1713187880433
375,-0.0101117909573912,-24.9638961512337,40.0113875001759,47.1604425656411
375.1,0.723526967239232,-24.9738359600509,39.9491478255642,47.1184718111765
375.2,1.59719684701565,-24.8760184920885,39.9690857949203,47.1051499633378
375.3,2.4117270331412,-24.9122831618785,40.0090768959541,47.1928438821647
375.4,3.14984994695006,-24.7993735003432,39.9446640096143,47.1222523181862
375.5,3.96020598686318,-24.7012231050562,40.0265337125159,47.2012399771798
375.6,4.63919445637097,-24.6967110957246,40.1429613308995,47.3593391905314
375.7,5.44467989564793,-24.3860261100107,39.9435178291253,47.114832326666
375.8,6.15730106449238,-24.1795816305438,39.9654494303925,47.1147712761103
375.9,6.99839010102661,-23.9926645715597,39.9911164018163,47.1584012484854
376,7.75030162982867,-23.7534831877616,40.041474503613,47.1976145512471
376.1,8.49923159367603,-23.5119762002108,39.9829077357241,47.1559420807775
376.2,9.12664320335358,-23.3147987927138,39.9542156327286,47.1509788417231
376.3,9.91320542951475,-23.0155931260294,40.0022636378474,47.203498440079
376.4,10.6539977853861,-22.6039689180927,40.0999454248018,47.2488381098752
376.5,11.3233122186825,-22.3056364424347,39.9822606941523,47.1629090167156
376.6,12.0627707538701,-21.9549830047861,39.9902159663951,47.1884423353833
376.7,12.7645846274592,-21.5251428805064,40.0391324439862,47.2165068975337
376.8,13.4117121831551,-21.0978614590298,40.0293526971208,47.1947333839137
376.9,14.0203028462015,-20.70795952243,40.034697144985,47.2034474903314
377,14.6228380220958,-20.1838435280044,40.0120360090464,47.1399825728929
377.1,15.2658749389127,-19.7348885178301,40.1437039701726,47.2655237028699
377.2,15.9060701983176,-19.2816493762646,40.026966888823,47.1904985155057
377.3,16.5189313795969,-18.7004231730355,40.0542910765882,47.1903290349038
377.4,17.1418758508265,-18.1930881682222,40.0261960836381,47.1903458104272
377.5,17.6959303696136,-17.6575849366683,40.052555754355,47.213806030626
377.6,18.1797201396425,-17.1043857471268,39.9809276462934,47.133181640967
377.7,18.7405338130406,-16.5973240264815,39.9749791984468,47.166489527566
377.8,19.2106871568314,-15.8978790628252,40.0557844432926,47.1832483737754
377.9,19.7371468520914,-15.3506863986188,39.9916977057328,47.1649703080207
378,20.3088614285542,-14.6107763078716,40.0073816823311,47.1859642893795
378.1,20.6353291938212,-14.0023975619897,39.9549012717025,47.098599597577
378.2,21.0997701698134,-13.3827965150943,40.0307615671113,47.1885729327162
378.3,21.4664788836783,-12.7706249828089,39.9533708675465,47.1186844234287
378.4,21.9811254891531,-12.0994890738207,40.0499127425067,47.2605863727885
378.5,22.2794357627923,-11.376029235506,40.0144620785079,47.1905125476279
378.6,22.5877687020488,-10.6486096965966,39.9754970697892,47.1342821032041
378.7,22.9445886341551,-9.94397311451433,40.011486947457,47.1832156241953
378.8,23.2704687254805,-9.19889940474121,39.9876603271474,47.1714685313213
378.9,23.5778234661227,-8.53987426019496,39.9642395317465,47.180331210478
379,23.7128951917459,-7.66233662528342,39.9899855692872,47.1191229413885
379.1,24.02991897587,-7.03957494651276,39.9353103740097,47.136203029974
379.2,24.2786251420466,-6.19199500019634,40.0459262315802,47.2384234349077
379.3,24.4534736365759,-5.43086932797291,39.9590902743624,47.1613783736955
379.4,24.5737704029289,-4.68173422973178,40.0135612636667,47.189764909511
379.5,24.7073829903683,-3.8682510584201,39.9812690044062,47.1584564175547
379.6,24.7957304087362,-3.14819518460401,40.0228149175239,47.1864927001941
379.7,24.9197941902299,-2.3313089596865,39.9877208815449,47.1746644423601
379.8,24.9524436402849,-1.59522099897713,40.0546947791414,47.2180870801365
379.9,25.0249876462149,-0.812463435096285,40.0254666448877,47.2117367152236
380,24.990263483721,0.00718852113640366,40.0279727175791,47.1884723268288
380.1,25.0210272852467,0.785116675503099,39.9600435042284,47.1537198051547
380.2,25.0310122227442,1.58610061678743,40.02398219311,47.2333191577315
380.3,24.8243366991276,2.29603884342785,39.9550173982455,47.0948288267011
380.4,24.8140452325418,3.11380053526961,39.9257278484548,47.1115308476063
380.5,24.7033341599591,3.83470288958603,39.9900447288398,47.1610362723786
380.6,24.5941830175736,4.56859142742293,39.9927156155733,47.1716352084677
380.7,24.3925426169624,5.43540127904628,39.993257211644,47.1593081457022
380.8,24.1894977058547,6.12854578288504,40.0166789688323,47.159574514292
380.9,24.0713498260496,6.90557499140399,39.9748842816116,47.1710527944649
381,23.7408841541192,7.77915970138201,39.9835256990898,47.1468687550795
381.1,23.5597485653518,8.41422012430189,39.9508566830002,47.1373716117947
381.2,23.2418160959094,9.23309586093998,40.016832128949,47.1887584944748
381.3,22.9454829374342,9.87990900051462,40.0166798475783,47.1745954419761
381.4,22.572572268038,10.6739595741896,39.9700490577578,47.1281153184253
381.5,22.2827232680922,11.3473659508745,40.0337665041539,47.2015352586604
381.6,21.8649708965024,12.0290564596731,40.0039247894377,47.149646341981
381.7,21.4427314902232,12.7302612286993,39.9952153321698,47.1324467238797
381.8,21.0569576720194,13.3773860564862,40.0017850181807,47.1433211467567
381.9,20.5809993266665,14.0660874262258,40.0232152709123,47.1517773725261
382,20.3168463310131,14.6439853713767,40.0101133206622,47.202009706445
382.1,19.8115766327037,15.3641529497551,39.9349245909862,47.1524545132564
382.2,19.2516551622115,15.9179680165068,39.9467799363392,47.1142564362588
382.3,18.7760538220854,16.5556807375578,39.9087923187374,47.1098977514694
382.4,18.1881652094255,17.0912805328738,40.0046798752405,47.1518359754869
382.5,17.7157111232108,17.6922508939275,40.0408708884747,47.2242893414208
382.6,17.1574919931206,18.2170076601781,39.9930162405949,47.1771157194404
382.7,16.5705227391538,18.7825103359846,39.9311478395176,47.1366257399869
382.8,15.9222870821968,19.1971209621772,40.031435466024,47.16528919274
382.9,15.372366108062,19.8203148715924,40.0759672217217,47.2783002034324
383,14.6604269428229,20.2674777412292,40.0859978201034,47.2502486064402
383.1,14.1552245745121,20.5812972702729,40.0197216998981,47.1756113369981
383.2,13.2060528106636,21.0775581015352,40.0665925784675,47.1592528271021
383.3,12.752759382404,21.4924431646867,39.9069811226285,47.0863581876387
383.4,11.9983962578047,21.9746871843,39.9268666150859,47.127519214425
383.5,11.3934030920164,22.2412554523939,39.9450981636832,47.1178728872824
383.6,10.6238645487069,22.6126118317421,40.0399309962519,47.1952623256501
383.7,9.95888488492963,22.8723439776364,39.8926716430826,47.0504915809113
383.8,9.16425810772706,23.2282831371966,39.9995445795893,47.154006518443
383.9,8.43884912170614,23.5321548284175,39.9924645270838,47.1632664720923
384,7.73745565181093,23.9327081946392,39.9928990854442,47.2448380117026
384.1,6.95744309013447,24.0117877075423,40.0474118030624,47.209820539678
384.2,6.18855510186878,24.2530048740824,39.9721698982049,47.1622818154729
384.3,5.39919754470876,24.4016580101252,39.9876872026651,47.1551415604712
384.4,4.6727358895243,24.4528426181146,40.0603244619836,47.1657245126048
384.5,3.96632714889649,24.6198627268773,39.8773974664034,47.0327143638965
384.6,3.21178115960996,24.8117520617729,40.0363796675906,47.210700857746
384.7,2.27391838500361,24.9473373512176,40.0995985002943,47.2812663284511
384.8,1.55622611341045,25.0498220912151,40.044741469503,47.2598851657187
384.9,0.698213594716327,24.9348260088011,40.0328608969944,47.1684534610912
385,-0.0290578490802487,24.9668870582066,39.9715306252327,47.128224603307
385.1,-0.770552771439322,24.9374287733725,40.0194092614606,47.159540106291
385.2,-1.55692955379454,25.0673177886345,39.9767870004265,47.2116293896889
385.3,-2.37588429631776,24.9662443069028,39.9115219974033,47.1369045348828
385.4,-3.16190747079342,24.8580432581003,39.9300252112641,47.1415622020275
385.5,-4.01790235704443,24.6707755700171,39.9418230036584,47.1183608737875
385.6,-4.59105174032971,24.5575990133878,40.0490418080592,47.2025335668373
385.7,-5.39675308225384,24.3899460743168,39.9775644216768,47.1402171232613
385.8,-6.25828059913323,24.1862842104463,40.0125967863199,47.1714990386207
385.9,-7.00578102415112,24.0086899157844,39.9857802265266,47.1631294503951
386,-7.68288897869822,23.7150427500767,39.9956207122974,47.1283323687453
386.1,-8.4458492748235,23.4359366301625,40.1258694742601,47.2298729277498
386.2,-9.22446306028682,23.2882092399076,39.9514679900664,47.1545459411244
386.3,-9.97485651475796,22.9831920021871,40.0051997931892,47.2031872609508
386.4,-10.7090178581605,22.6146398774568,39.993328787819,47.1759615461524
386.5,-11.3472797188778,22.2783021183493,39.932620904917,47.1136680235228
386.6,-12.0688829351819,21.8781293309711,39.9984266356032,47.1612617690574
386.7,-12.8197914228349,21.5655935162917,40.0606799199178,47.268170595878
386.8,-13.3724347882427,21.1529928205823,39.9708916890399,47.1587033308845
386.9,-14.1553798023958,20.6919515332062,39.9222263395932,47.1414445208496
387,-14.6596259722803,20.2850962583057,39.9395050722843,47.1333621681597
387.1,-15.3438933678267,19.6969033817076,40.0281836950074,47.1768858280495
387.2,-16.0234640054484,19.2301587893861,40.0360791967649,47.2169253896157
387.3,-16.5212478582215,18.7463083344743,40.0067803412492,47.1690383645557
387.4,-17.130587080625,18.1899391855865,39.9971955919623,47.1604342274739
387.5,-17.7137163134258,17.7142410396112,40.0647273234063,47.2520100814862
387.6,-18.1896022653298,17.0797342555313,40.0839535219217,47.2154877424563
387.7,-18.7992800456556,16.4688023334336,40.0334886875591,47.1944339623818
387.8,-19.2286949485561,15.9121336342546,40.0403105517113,47.1822548771939
387.9,-19.7734506965841,15.4266591690516,40.0158549918384,47.225414940434
388,-20.2205028781866,14.6795780387895,39.9952434377781,47.1590738425894
388.1,-20.7101545213689,14.066972034628,40.0501192558947,47.231369395068
388.2,-21.1184504695984,13.3922553656181,40.0817745667005,47.2428841883157
388.3,-21.4880098492669,12.6929333149814,39.9747660197132,47.1256516321162
388.4,-21.8757925888805,12.0417600708866,39.8702145507601,47.0445352333314
388.5,-22.3089358642746,11.3981958730756,40.026026262426,47.2195962172246
388.6,-22.6513088114481,10.6455588007578,39.9459242114097,47.1390132921306
388.7,-22.920846850396,9.98282314761167,40.0924518708006,47.2485626802368
388.8,-23.2126751181677,9.14889098820197,39.9823951358734,47.1287853997609
388.9,-23.561956726389,8.37741266439125,39.9670980327303,47.1456866837636
389,-23.7793325626428,7.79423802069899,39.9306609321958,47.1239268942016
389.1,-24.0360953811224,6.94940108117352,39.9392385689786,47.1292991039249
389.2,-24.1712500005153,6.22929051806275,39.9415251253488,47.0996689615193
389.3,-24.4460044887366,5.48015296811113,39.9981266509091,47.1962853156834
389.4,-24.5931688369182,4.67004731180488,40.0279623440746,47.2109210326839
389.5,-24.6458010329296,3.9320188417046,40.1105150579522,47.2411864683825
389.6,-24.9096965168395,3.08666450950905,39.9811384092885,47.2071171208113
389.7,-24.8905824283343,2.29676381453558,40.0032859720567,47.1707441769113
389.8,-24.9621319387236,1.49316907385665,40.0052264818034,47.1779157092569
389.9,-25.0127530233428,0.829499333182728,40.0067715136771,47.1896985569739
390,-25.0200611201743,-0.0423949433732508,40.0033610705499,47.1834097191933
390.1,-24.9827788928434,-0.760797587770626,39.9069345025653,47.0880183865312
390.2,-24.9857180582501,-1.48429451065818,39.9039319306271,47.1042781560747
390.3,-24.881710814717,-2.3466904416892,39.9333028336885,47.109183439149
390.4,-24.7667327758717,-3.12900322561203,40.0350351101318,47.1803534307111
390.5,-24.6253722499037,-3.9130014741919,39.9640552507254,47.1046308876992
390.6,-24.6134094020883,-4.71520120852584,40.0505233426751,47.2450787368786
390.7,-24.4676870471806,-5.45760446539768,40.0884543826411,47.2814692107658
390.8,-24.2440947249485,-6.20318672093735,40.0803423695636,47.251343885529
390.9,-24.0265282117097,-6.88733379069307,40.0391596892549,47.2000395473791
391,-23.7840527955908,-7.65430472840009,39.9481705397348,47.118211741644
391.1,-23.5051918490311,-8.42848291772204,40.0023882130368,47.1563827164531
391.2,-23.3435079646277,-9.1501551226208,39.951922092579,47.1677939038298
391.3,-23.0224242073348,-9.93324487393975,40.0312109309409,47.2355715399487
391.4,-22.6342903587546,-10.6062757316086,40.1084082259087,47.2597989347761
391.5,-22.2324437428346,-11.235425402444,40.0852462426116,47.194738108003
391.6,-21.9412697563165,-12.0703488495907,39.9927461173936,47.1861460799732
391.7,-21.4749173985465,-12.6354148282649,40.019376139674,47.142085780812
391.8,-21.1387764633085,-13.4098872355429,39.9422721973663,47.1387107834337
391.9,-20.6283861592763,-14.0329337435067,39.9140224196789,47.0699769567024
392,-20.1775007239688,-14.6372982811743,40.0239323276435,47.1518525129779
392.1,-19.7705892269213,-15.2732866517171,39.9883363470918,47.1509970979758
392.2,-19.2842525295235,-15.9763813014134,40.0697623495789,47.2515926701134
392.3,-18.768803887536,-16.4861656795489,39.9009564196823,47.0759809391977
392.4,-18.2867739996893,-17.1097849817595,40.0503021595034,47.2353421550568
392.5,-17.6408744199715,-17.7032102135129,39.9968035486395,47.1629981688346
392.6,-17.0852033622667,-18.1773188867633,40.0934713487639,47.2208168145707
392.7,-16.5047962657821,-18.7415746258791,40.0377421273523,47.1876648488642
392.8,-15.910215590491,-19.2387681626887,40.0486244678894,47.1927693860364
392.9,-15.3285203697847,-19.7918645117676,39.9564201450027,47.1507894778342
393,-14.7575352659211,-20.2278599254135,40.0519329994063,47.2346112641565
393.1,-14.0140866825248,-20.6449451332435,39.9217165013637,47.0781460288657
393.2,-13.4054458933981,-21.1233826799721,39.9686870929425,47.1529344089943
393.3,-12.717310457993,-21.5701256421635,39.9945745867434,47.1865055061114
393.4,-12.1229531402729,-21.8841499574384,40.0824597722897,47.2491861686329
393.5,-11.3701752022087,-22.2740892502806,39.9957189104056,47.170684404814
393.6,-10.5734913896797,-22.5789441303922,40.0646222810582,47.1887846499024
393.7,-9.98194907698197,-22.9563287735432,40.0241307963894,47.2076623456505
393.8,-9.16334136986276,-23.2669497906829,39.9730433656399,47.1504185934136
393.9,-8.4237541126138,-23.5280228687881,40.1014309564266,47.2509498128561
394,-7.68761638460579,-23.7969311705006,39.9431832369818,47.1259086481471
394.1,-6.9420304535302,-23.9980038484927,40.0581997441024,47.2096954265584
394.2,-6.20519544940999,-24.2103605060634,39.990467714194,47.1580694515681
394.3,-5.38798878126886,-24.3984268176771,40.0000198558522,47.1626466894427
394.4,-4.75444409766638,-24.6379577655809,39.9838227912048,47.2052940519901
394.5,-3.91756302458392,-24.6929146499988,39.9270342730968,47.108973665415
394.6,-3.1162840030468,-24.8429441372128,39.9728895310994,47.1668845362697
394.7,-2.36556647174161,-24.9571849163939,39.941570574613,47.157035993053
394.8,-1.58248168590043,-24.906570072496,39.9541342335344,47.1081131379049
394.9,-0.816599408909307,-24.9748069537541,39.9498106716838,47.121069487813
395,0.00990536933569976,-24.9827572996941,39.9977854275771,47.1588920514707
395.1,0.848616902899901,-25.0037561596838,40.0326564549269,47.2072193163187
395.2,1.55592481906186,-24.9186607514954,40.0073518516766,47.1587611995326
395.3,2.41415670492789,-24.8520766457719,40.1109973972075,47.2477087106037
395.4,3.15516254892164,-24.7691496937696,40.0066557788862,47.1592868253197
395.5,3.93816026928565,-24.7059154032085,40.0163551148712,47.1932202641073
395.6,4.68880601768186,-24.4865536854949,40.0279372804402,47.1573109516534
395.7,5.50178261337654,-24.3611496877935,39.9899012765084,47.1479313452968
395.8,6.14065678092567,-24.1580579254627,40.0303658604804,47.1566497893463
395.9,7.00991225823766,-24.0493012238012,39.9446300508749,47.1495623428529
396,7.65699244074052,-23.7957538036949,40.1132772585172,47.2646003341009
396.1,8.52804890601349,-23.5463057844318,40.0535625229668,47.238162591474
396.2,9.25167008563895,-23.2772755236768,39.9427436162752,47.1470860475402
396.3,9.89132662226175,-22.9265414856286,40.0147190478678,47.1661148211331
396.4,10.5835485493097,-22.7182034190139,39.9476795486142,47.1587252563305
396.5,11.4064039627671,-22.3498303946027,39.9626587063525,47.1872340883606
396.6,12.0012521951108,-21.9464894563249,39.9581634135506,47.1416299791516
396.7,12.7829071762878,-21.5671009299492,40.0189013007335,47.2234583625347
396.8,13.3705666575394,-21.1538529758164,40.0268820277281,47.2060253921872
396.9,14.0083631024601,-20.5963929072625,40.0500837145838,47.1641266551801
397,14.7299633302879,-20.2233054627609,39.9052982962071,47.0997530318475
397.1,15.3736870504992,-19.7624209212107,40.0002580561228,47.1902975064813
397.2,15.9652304749497,-19.2999720104559,40.0112486150472,47.20463451249
397.3,16.5171293597396,-18.7199788298518,39.9512578240982,47.1100432116554
397.4,17.1570786788562,-18.1945482539572,40.0123504286352,47.1846916041839
397.5,17.7036891698979,-17.6014773110322,39.9408960398922,47.1010381013478
397.6,18.2456041739484,-17.0894986481628,39.9544988069984,47.1308286648601
397.7,18.758000356044,-16.4621821390174,39.9962839818408,47.1441274231647
397.8,19.2644531146591,-15.8754828035551,40.0380250334292,47.1825556390322
397.9,19.7343072866131,-15.4017041490783,39.9228801582739,47.1220939147456
398,20.2363934293804,-14.5955032150449,39.9436033209409,47.0959847480625
398.1,20.6366482027768,-14.005358992731,39.9278043649403,47.077073942264
398.2,21.161306084218,-13.3615671576961,39.9511351443513,47.1426086616111
398.3,21.4856975300983,-12.8174389715725,39.9395203651215,47.1284121007786
398.4,21.9307045731618,-12.0055470107277,39.9826715636381,47.1561553507901
398.5,22.3200004761011,-11.3083251389574,40.0243464659378,47.2017896771612
398.6,22.589635216963,-10.6168266439795,39.9877842756197,47.1384293172488
398.7,22.8640084124389,-9.91890529178731,40.0120743663576,47.1393005672598
398.8,23.2065064356845,-9.09567168124951,40.0415417013739,47.1656468852641
398.9,23.5307588034844,-8.47321021922613,39.8989406599502,47.0894613164472
399,23.8434911485706,-7.70148499879717,39.9122444362775,47.1254941330043
399.1,23.9707631116384,-6.97847492413625,40.0200274911835,47.1688371365689
399.2,24.3061499161946,-6.1577592331447,39.9442280963494,47.1619367788802
399.3,24.3826528844169,-5.49253453206248,39.9230248658064,47.1012697461933
399.4,24.5535098566282,-4.68431793179054,39.8616995838869,47.0507468004672
399.5,24.7517223764821,-3.8612017663372,40.0168619181615,47.2112897245988
399.6,24.7888446248024,-3.09458408228982,40.0188200315976,47.1759390494387
399.7,24.8873594849294,-2.34373256718306,40.1152129492753,47.266309930481
399.8,24.8650064623818,-1.50275747394754,40.0319030489437,47.149550243028
399.9,24.8965478643086,-0.690458115586889,39.9795142279218,47.102827790588
400,24.9448429861673,-0.0814832485720298,39.9840907970759,47.1272675634091
400.1,24.9164498874391,0.764371413953555,39.9654110756681,47.1025245724565
400.2,24.9783026696653,1.5751257733638,39.9442535731045,47.1374587665881
400.3,24.8753443586877,2.39773533781694,39.933474326482,47.1085370553714
400.4,24.8123583424497,3.20730241388149,39.9261904843148,47.1173068190237
400.5,24.6424761336848,3.84440632306004,39.9446442499114,47.0914609481166
400.6,24.520774855591,4.61954495204281,39.9361865040977,47.0904192758209
400.7,24.4335954560484,5.46567002218554,39.957681642087,47.1539018312549
400.8,24.2779043718871,6.22102421276957,40.0980404484357,47.2860511224055
400.9,23.9094354376005,6.9228330429774,40.0115197043356,47.1222710545254
401,23.8428815707282,7.7835285895128,40.025838174113,47.2348816071324
401.1,23.5291515743684,8.53435338341453,39.9893577401839,47.1763170876554
401.2,23.2473756780783,9.18776305488754,39.9828305460121,47.1538143138132
401.3,22.9439018621362,9.98520876814745,39.8977447422056,47.0951914988889
401.4,22.5510190500788,10.6315897303729,39.922291211775,47.067701197209
401.5,22.1819786549044,11.3690466462655,40.0861909854183,47.2037933476858
401.6,21.9160886668885,12.0420123222835,40.0910371465515,47.2505689141529
401.7,21.4842642399774,12.6488707090121,39.9228425155667,47.068045366992
401.8,21.2063382195222,13.4406284565856,39.9313806202602,47.1685746257913
401.9,20.6686835867345,14.0492526790841,39.9892338874035,47.1562806946303
402,20.1425124821666,14.7451824405041,39.9279281096322,47.0890715286036
402.1,19.8279378086352,15.3107090312269,39.9739853022892,47.175040325681
402.2,19.2219117622435,15.8504930219739,39.9227259442414,47.0589424833806
402.3,18.7581603664122,16.4824827573009,39.9907174893001,47.1465619476731
402.4,18.2965068082939,17.1133621433006,39.9831650532686,47.18350149057
402.5,17.7469869600207,17.7041583525694,39.9908640675836,47.198114136096
402.6,17.1488623432814,18.2180162551993,39.9120999164475,47.105788558138
402.7,16.5728677886299,18.7974419587316,39.9919625800888,47.1949239001242
402.8,15.9669735455614,19.2938689815608,40.0812395040992,47.2620713116475
402.9,15.3976398729532,19.7714912025578,39.9753314148182,47.1807831617337
403,14.6720996454599,20.2246220403154,40.0164694736955,47.1765161263431
403.1,13.950084421262,20.7370852925963,40.0188468396083,47.1819845297416
403.2,13.3213873911268,21.1071407416514,40.1010492235003,47.2341497344659
403.3,12.7460850461738,21.5129161730169,40.0502409420787,47.215358155902
403.4,12.0550008257225,21.8596619120722,40.0252658009042,47.1719171356359
403.5,11.3632321499251,22.2317001346645,40.0984509668118,47.2361864009844
403.6,10.6179167158383,22.558083753156,39.9598959323015,47.0999000096523
403.7,9.88404913142252,22.9699553639671,39.9958433633166,47.1697017480285
403.8,9.24061633591773,23.1837836519894,40.100030784979,47.2322906881102
403.9,8.47316978934604,23.5017485011855,40.0564375454976,47.2085265362986
404,7.71229988452407,23.8353887664953,40.0635050374122,47.2513466796615
404.1,6.89437545688167,23.9720166840323,40.0789373496189,47.2071098025991
404.2,6.11045295314547,24.181229832076,40.1024434460949,47.2257925484743
404.3,5.50224721210259,24.2837678550153,40.0077473673133,47.1231997536896
404.4,4.74877122038319,24.5881198927602,40.0246189684107,47.213309474456
404.5,3.92921163058756,24.6510711740951,40.0051264107737,47.1542591205739
404.6,3.03513517909252,24.793232592536,40.0531425698212,47.203502599504
404.7,2.33500439982678,24.8900386164674,40.0243472565682,47.1901964521319
404.8,1.59652323055408,24.9740130115599,40.0726865224658,47.2447924903378
404.9,0.818571174842484,25.00037395432,40.0252814419942,47.1986431069259
405,-0.0945347946529016,25.0641255236891,39.9701287213682,47.178708281357
405.1,-0.80866679424111,24.8909681523264,39.9549353185342,47.0808994588303
405.2,-1.59143301129572,24.9168826464323,40.0800799730116,47.22072119831
405.3,-2.38862615030278,24.8254172654694,40.0140514258559,47.1500921399059
405.4,-3.12446398030761,24.7595023142441,39.9795863517469,47.12921126934
405.5,-3.82391143997551,24.67022308904,39.9555679335641,47.1135820635349
405.6,-4.58278106080377,24.5216059950016,40.0563448253772,47.1892127884635
405.7,-5.43706890002604,24.4024143520488,40.0886096831311,47.2454883640665
405.8,-6.21488766407534,24.2317777503229,40.0821152152097,47.2480670688597
405.9,-7.06560477471016,23.9991646172982,40.0169584242482,47.1936397694498
406,-7.71887189416457,23.8244528060189,39.9732280989243,47.170377351399
406.1,-8.49060456251445,23.4715003767702,39.9589844722805,47.1139271959966
406.2,-9.16615987898853,23.2065169397021,39.8924274169412,47.0528073616844
406.3,-9.94038762695559,22.9486211388463,40.0556067188434,47.2218397350536
406.4,-10.6794779132539,22.4033728505343,39.9861485677753,47.0622400748619
406.5,-11.4105810366096,22.3741679746652,40.0268584870706,47.2541442891049
406.6,-12.0598291145693,21.9564050312296,40.0003189118789,47.1969142340899
406.7,-12.7542969507461,21.4071004571164,40.0021456353431,47.1286292620535
406.8,-13.4682832478532,21.187324904022,40.0738978024578,47.2886315652592
406.9,-13.8986764205744,20.7188119455068,39.8489657437661,47.0147045670283
407,-14.7023133993085,20.2446384932751,40.0297623357935,47.2057759143412
407.1,-15.3203642159059,19.8013233176079,39.9190570058001,47.1204528529679
407.2,-15.9114379931317,19.2458687491639,39.9447097012176,47.1079309249925
407.3,-16.4100863443485,18.6930363859292,39.9823734013395,47.0883289781957
407.4,-17.1014798844231,18.2278561711476,39.9256071321607,47.1038157658699
407.5,-17.6393894651556,17.6849049181588,40.0294714804751,47.1832863382144
407.6,-18.2500851206623,17.120066004192,40.0033276827361,47.1850452218886
407.7,-18.7765743626413,16.5421750696751,39.9330696106591,47.1259307532629
407.8,-19.2776376464576,16.0187902210244,39.9621137208786,47.1720201646457
407.9,-19.7133021667345,15.3941338483605,40.007894254319,47.18289141122
408,-20.1944040492572,14.7099751831199,40.0574933243863,47.2101694153486
408.1,-20.7121711919528,14.1006340018659,39.9914098961531,47.1925288602069
408.2,-21.1561423314371,13.4278381955688,40.0107594264628,47.2096395541915
408.3,-21.4919755590024,12.707420226763,40.0237875412858,47.1729489368461
408.4,-21.9762801977742,11.9937077127023,40.0192187282466,47.2053363895234
408.5,-22.2687714069339,11.3492096017423,39.9603324394541,47.1331190059627
408.6,-22.5884361255666,10.6883659722727,40.006974145633,47.1702935547934
408.7,-22.9215789475736,9.92903133023797,40.0207512149056,47.1767418588023
408.8,-23.1894924677062,9.22676646967571,40.0166967975965,47.1616560670478
408.9,-23.4692797024608,8.39393772338988,40.0270191691775,47.1532347122251
409,-23.7764278932536,7.6875796341899,40.0833591985401,47.2344481140014
409.1,-23.9903638611008,7.03102208252708,39.9503974744861,47.1275618728831
409.2,-24.1895113530466,6.17161917636692,40.0385316774638,47.1837404371945
409.3,-24.4562672437868,5.43674101142557,40.004481425971,47.2019670616141
409.4,-24.6555309556254,4.654595985021,40.0262846604975,47.240490410354
409.5,-24.7181533262062,3.88165797465722,39.9285426003219,47.1205144992685
409.6,-24.8115366803568,3.16746694653559,39.9885106399258,47.1670031112593
409.7,-24.8639289107045,2.31927217550946,40.0090440688384,47.1626715910254
409.8,-24.913364341932,1.57929293538742,40.0263436048184,47.1728531189349
409.9,-25.0195763020726,0.724115854790649,39.9306391507024,47.1270568260951
410,-25.0610954257662,0.0647864688214128,40.0045217278585,47.2061909064966
410.1,-24.9142904190958,-0.821582036553905,39.9373440510419,47.0785334731354
410.2,-24.9962034325062,-1.55054880666099,40.0624539546313,47.2463184227938
410.3,-24.8916089472356,-2.32800272873377,40.0580560830721,47.2192720172775
410.4,-24.7929885034494,-3.18403996067515,39.9390246982519,47.1164099147094
410.5,-24.6835885691292,-3.85180083774444,40.0634426866947,47.2143553832282
410.6,-24.632304144061,-4.64444388815291,40.023033048305,47.2246168948086
410.7,-24.4980148907148,-5.46409182091167,39.9862858262279,47.2113554898589
410.8,-24.3362292461359,-6.23909514491195,40.0311943547712,47.2617697893044
410.9,-23.9945482082266,-6.83554621346328,39.9925106180782,47.1366517827731
411,-23.7734824967532,-7.66714685664698,40.0210222866991,47.1767510095522
411.1,-23.5375851834442,-8.49629085420741,39.9654016491717,47.1533477446384
411.2,-23.228112513066,-9.24417421300983,39.9566560951911,47.1331553591471
411.3,-22.858071079489,-9.88948140984042,39.9917171486093,47.1129567796898
411.4,-22.692934410552,-10.6185086509694,39.9194691317037,47.1305210441108
411.5,-22.2753763218675,-11.2820081900452,40.0486104871016,47.1949923299988
411.6,-21.8817759889942,-12.0531907590509,39.9826397708572,47.1455513378805
411.7,-21.5610827032629,-12.7073362701834,39.9668472059518,47.1561826063599
411.8,-21.1432314014814,-13.4105832897681,40.0880835541215,47.2645154562133
411.9,-20.6667758632165,-14.108748899356,39.9987662876948,47.1812857457609
412,-20.1001592367797,-14.6820925484014,40.0041440658064,47.1159398227555
412.1,-19.7037401731545,-15.2416279800813,40.0398646607035,47.1564986225847
412.2,-19.2557301755925,-15.9716392015421,40.0596381648362,47.2297682958223
412.3,-18.6957703918786,-16.5377659269586,39.9407803008018,47.0987840972316
412.4,-18.2335127617855,-17.080568107656,39.9974917768323,47.1593696199625
412.5,-17.6417342945245,-17.6675306851246,40.1108473276167,47.2467194921277
412.6,-17.1269032100153,-18.1731098342107,39.9796185089531,47.1376986151524
412.7,-16.5923151693167,-18.7176817454926,39.9821778942985,47.161754439109
412.8,-15.8935695978516,-19.3115748134693,39.9474091367826,47.1310722674487
412.9,-15.3155645249034,-19.7087914045537,39.9311939450583,47.0903729569277
413,-14.73366509829,-20.2048476164635,40.0131963786743,47.1844533598879
413.1,-13.9866823429612,-20.6278101262988,40.1056023804592,47.2185681259929
413.2,-13.4909611574351,-21.1719855395674,40.0613060442549,47.2775554212623
413.3,-12.7745444678703,-21.5346645259113,40.0172820060635,47.2050169130141
413.4,-12.1804786316418,-21.8239719370022,39.9403472129942,47.1156146760018
413.5,-11.2895369924413,-22.3104593561642,39.8319515662455,47.0297204729359
413.6,-10.6202868383635,-22.701991754973,40.1068081446078,47.294048058084
413.7,-9.97893074954976,-22.8988454592213,39.9629158266508,47.1271771235832
413.8,-9.1720402368418,-23.187773924276,39.9667390365612,47.1077425789664
413.9,-8.49634218626974,-23.5541887894018,40.1068927305247,47.2816083120148
414,-7.67750353196429,-23.7056098869819,40.0045095264459,47.1302533734819
414.1,-6.98029470224653,-23.9890621473659,39.9408776746941,47.1112866122893
414.2,-6.22877261117322,-24.2129645224488,40.0721389519018,47.231785689169
414.3,-5.38295391782821,-24.3444958989357,40.0288427028145,47.1586569102792
414.4,-4.73770740183369,-24.5728189056864,40.056603825892,47.2313541036197
414.5,-3.95735928206708,-24.7100981409664,39.9791669744168,47.1654898690966
414.6,-3.11911845912378,-24.8170849532411,40.0016556256497,47.1778449945682
414.7,-2.29295447403583,-24.8879302300148,40.0903353651246,47.2430069009398
414.8,-1.59664136059426,-24.9438102056807,40.0408902842486,47.2018625264577
414.9,-0.850148589577248,-24.9543975209731,39.9666769098964,47.1251522170396
415,-0.0110520674693838,-24.9491138398757,39.9303183297924,47.0838478192026
415.1,0.785819262745608,-24.9759374586381,39.930968567039,47.1051718450677
415.2,1.54839408027087,-24.9007876666865,40.0082444397772,47.1498289901691
415.3,2.37698194008668,-24.9615429886662,39.9715644976958,47.1853222931876
415.4,3.09363272457027,-24.8343927943978,39.858353050695,47.0638495749638
415.5,3.88707289505229,-24.6136156104167,39.9756521665687,47.106179798953
415.6,4.62855271731747,-24.6220606390913,39.9101133423785,47.1220385528213
415.7,5.58083724961387,-24.4397831964435,40.0258671882992,47.2283685010525
415.8,6.21541387046375,-24.1789826473375,39.9686194644454,47.1247823691001
415.9,7.00266832789067,-24.0311855551402,39.9833382649789,47.1720529732144
416,7.71691549078308,-23.7531982115815,40.0476177269213,47.1972127945304
416.1,8.48862183059282,-23.5318665768297,40.026437993211,47.2008599878953
416.2,9.13902892084648,-23.2909602128797,39.96941363401,47.1544770249931
416.3,9.97244316752417,-23.0100528483213,39.9252301668078,47.1480239107072
416.4,10.7321031943222,-22.6054222450686,40.0264214330109,47.2048468547925
416.5,11.3624698720119,-22.2968310670799,39.9795605791497,47.1658739061217
416.6,12.0890782994675,-21.9056282810161,40.0742608302832,47.2435047981231
416.7,12.6925009466645,-21.4271627029643,39.9901987875,47.1109210358294
416.8,13.3931277945882,-21.0174412984943,39.9686601914129,47.1020435687716
416.9,14.0682014874173,-20.7202168992251,39.9900698883635,47.1852452692333
417,14.7011160404622,-20.2301933305873,40.0309651674717,47.2002299493064
417.1,15.2992161356418,-19.7505605464641,40.0150881411933,47.1736996133661
417.2,15.9163297563489,-19.1873316407887,39.9722252742073,47.1090441611632
417.3,16.4985055602984,-18.6549234386333,40.0028011457081,47.1214489773769
417.4,17.0935199020095,-18.1837217122471,39.9114929381979,47.0718963555183
417.5,17.6597935983992,-17.6919262331043,39.9919468914697,47.1617257948201
417.6,18.2653228468607,-17.2151926820208,40.1115055145221,47.317203556642
417.7,18.6971295405715,-16.6118418993723,39.993582849541,47.170145362186
417.8,19.2171407937533,-15.9389297270753,40.1491641843013,47.2789949748254
417.9,19.7567510048239,-15.3245230430555,40.0160908406674,47.1853551743789
418,20.2378726141981,-14.7596071531607,40.0991958471302,47.2796256208808
418.1,20.7052973562448,-14.034100829716,40.0247410789922,47.1979366408058
418.2,21.1143869135727,-13.4427359967582,39.9743543222618,47.1643243277832
418.3,21.501384555684,-12.7240245573904,39.9643138776491,47.1312711738156
418.4,21.9435154021079,-12.0679536128051,39.9752570919279,47.1717558732881
418.5,22.2815673678082,-11.3622489953544,39.9655972841162,47.1467699092394
418.6,22.5419986572759,-10.6514355017718,39.9995415481631,47.1334075341075
418.7,22.955077667477,-9.96056009542769,39.9927011072529,47.1758888627294
418.8,23.2804247712616,-9.20102191402418,40.1246812812365,47.2929913381839
418.9,23.5122201587218,-8.51994500412737,39.997513991661,47.1721855035218
419,23.7273066833751,-7.72481505105721,40.0565586455173,47.1930687764819
419.1,23.9489208261265,-7.04054580922906,40.0535221600628,47.1953888791539
419.2,24.1315943827549,-6.20696981001615,40.0497863128543,47.1682701122434
419.3,24.38904064285,-5.43753033867359,39.9566465234496,47.1266977525742
419.4,24.5738922107264,-4.73144789865121,39.9994384440558,47.1828131149665
419.5,24.6258156673834,-3.91889036196664,39.976208496659,47.1156634753392
419.6,24.8567175288475,-3.21054336101527,39.9830937124456,47.1891065586124
419.7,24.9270158168975,-2.33225250639858,39.9793800060195,47.1714568881985
419.8,24.9640267286254,-1.59033687916211,40.062646521552,47.2307891973823
419.9,25.0206148381115,-0.779026853390823,39.9906490730736,47.179339365883
420,24.9488617359793,0.000586231663256425,40.0033989836764,47.145706405906
420.1,24.9827202966593,0.828857890055628,40.0421307318624,47.203766294339
420.2,24.984356813371,1.57833560945236,39.9208276162285,47.1209264153256
420.3,24.9317859309468,2.36372479074579,39.9974910953472,47.1908935973385
420.4,24.837001997323,3.10161815080653,40.0491020179679,47.2273996300245
420.5,24.6702054565033,3.93275174062542,39.9408568939955,47.1100586175193
420.6,24.6396290741665,4.79293356381855,40.011803349399,47.2337584819445
420.7,24.3516388100637,5.41578154274566,39.9529219471669,47.1016875979084
420.8,24.3391325703333,6.27389132483438,40.0460232516559,47.280430041448
420.9,24.0656868303783,6.97050461295308,39.9548572686698,47.1607446563009
421,23.7326915745393,7.7628983316033,39.9688471328166,47.1276137843354
421.1,23.5603136611092,8.55346819224247,40.0113372835195,47.213952483785
421.2,23.1448060309249,9.16307767412671,39.9526979227132,47.0729445645244
421.3,22.9297915135185,9.96567003498578,39.9505733595882,47.1289532013971
421.4,22.6229686387482,10.5626078201607,39.9895568033791,47.1437381560159
421.5,22.3046321031366,11.3269678543798,39.976829384716,47.1587075913359
421.6,21.9223030501629,12.0097516744312,40.0046522205742,47.1719588907836
421.7,21.5168809396152,12.7691451970153,40.0203719046732,47.1980656576135
421.8,21.1739738361161,13.370605551871,40.0063004655823,47.1976094498302
421.9,20.7560367016666,14.0079962271514,40.0254789984816,47.2130912662867
422,20.1649013105534,14.6176985223147,39.9506101677414,47.0781436308663
422.1,19.8694750104121,15.3053308142222,39.888727191843,47.1185711318525
422.2,19.247306003189,15.8992355694172,40.0475315101911,47.1916227749372
422.3,18.7860481832741,16.5318928282175,40.1131117669873,47.2787565663352
422.4,18.1877569470172,17.0354729955061,39.9594970622443,47.0931337714098
422.5,17.6305885847466,17.7554399674032,39.9866100907765,47.1701419208427
422.6,17.1032176157847,18.2426715580532,39.9997665529452,47.1730478417285
422.7,16.5394709545944,18.7370082141613,40.0026792421003,47.1682512164886
422.8,15.926029116258,19.2241322312431,40.021812650463,47.1693878620974
422.9,15.2855023592983,19.7412208485135,39.9327083425216,47.0954730152994
423,14.7043661175764,20.2400912866142,40.0511808783336,47.2226298289199
423.1,14.1111563803359,20.6262861038891,39.9100241164178,47.0890479602511
423.2,13.3719032157685,21.0681696681186,39.994554636644,47.1406403155495
423.3,12.6542654510883,21.5427945317553,40.0417186044004,47.1970513818186
423.4,12.0308664155732,21.8622812390263,39.9952657037613,47.1415142565246
423.5,11.3048174930342,22.2483829322269,39.9550835431115,47.1083659511433
423.6,10.6904566591798,22.6653836366246,40.0910981096972,47.2789765817592
423.7,9.96143762556864,23.0001398678922,40.0438187679088,47.2413388361065
423.8,9.21301932966779,23.2335255988854,40.0383762627832,47.1990255268379
423.9,8.44579458932958,23.5557859662078,39.9880758706873,47.1725843109192
424,7.74523522122373,23.7068683384181,39.9347531066934,47.0827864589569
424.1,6.98043797958154,24.0414605979426,40.1078246267288,47.2795509534264
424.2,6.30544229830188,24.2126730104753,40.006209983239,47.1858980428732
424.3,5.47305526166792,24.4329421193288,40.0446208255077,47.2281129367078
424.4,4.72571163855088,24.6460069964305,39.9775594207631,47.2013057933727
424.5,3.91455893440103,24.7757692223706,39.9856162056185,47.2018221634937
424.6,3.12391978496349,24.8504136887195,40.0454674350885,47.232842360143
424.7,2.4610686785887,24.8917990836738,40.0020254753215,47.1786028066854
424.8,1.5735771611579,24.9335347150884,39.9696587064831,47.1352406972042
424.9,0.799922766512436,24.9807714621232,39.973268110139,47.1438329230905
425,-0.0104851046734522,25.0154633582876,39.998188547971,47.1765683797189
425.1,-0.766401710561325,25.0236226880683,39.9637010581569,47.1578886961926
425.2,-1.56663002168834,24.9149756449056,39.9932874350418,47.1452370963702
425.3,-2.42241391025562,24.9605555299617,39.9720404396572,47.1875135859741
425.4,-3.23177692478289,24.8598197995005,40.067785720356,47.2639659263541
425.5,-3.88869546337062,24.7573783927749,39.9917703029595,47.1952479520402
425.6,-4.65389855071571,24.5833337646364,40.0679321668238,47.2381017699596
425.7,-5.44826398839541,24.368856890617,39.9253641294415,47.0909701270967
425.8,-6.26144599343317,24.1399250689456,40.007771984568,47.1440718164243
425.9,-6.95278624312994,23.935451129953,39.9057242492981,47.0501209902593
426,-7.79970131894374,23.7572284562787,40.0398187771599,47.2062319222405
426.1,-8.47062994773331,23.5252868720203,40.1326194494122,47.2844354729294
426.2,-9.23251102399517,23.3063439001491,40.0769449122155,47.2714124952594
426.3,-9.99232400764212,22.9751115709014,40.0104169685243,47.2073697293574
426.4,-10.6768915038279,22.6295025552896,39.9972072252663,47.1790947762382
426.5,-11.3692167152643,22.2134357556544,40.0344136733754,47.1746764160622
426.6,-12.1040245473343,21.8831796531833,40.0350492264578,47.2036664734941
426.7,-12.7497913469304,21.5187105075612,40.0682154547237,47.2342457442124
426.8,-13.3923650067384,21.019775566168,39.9899596777045,47.1209431182167
426.9,-14.0561651942211,20.6628253898901,40.0378818645392,47.1970350473323
427,-14.7079958522747,20.1533244994639,39.9588089445134,47.1082587518934
427.1,-15.2892028845625,19.7783894106135,39.9420357144745,47.1201722146634
427.2,-15.9886174982943,19.2567993758221,39.9832158651846,47.1711539251413
427.3,-16.5326336067133,18.7522994840717,39.9731567329098,47.1468977675935
427.4,-17.1339829117202,18.2193384980039,40.03771966696,47.2073793156752
427.5,-17.74763991752,17.7449180062324,40.0549056422433,47.2679204503316
427.6,-18.2125726643833,17.0638547606534,40.0268312615019,47.1701193891309
427.7,-18.7286526005923,16.53404488057,40.0384595060393,47.1933820356533
427.8,-19.2249046045477,16.0022245523888,40.0023478834326,47.1789781986236
427.9,-19.7474033121722,15.340570332117,40.0328967779764,47.2009095264523
428,-20.1884609203784,14.7640321654449,39.9963348726789,47.1726340515707
428.1,-20.7938832550837,14.0176364073637,40.0517098479969,47.2548322716654
428.2,-21.192756178897,13.3922059905985,40.0402595193201,47.2409406990092
428.3,-21.6199250486073,12.7069578754452,40.0206279509504,47.2285782037119
428.4,-21.9872943268722,12.0498275574792,40.0045998017859,47.2123655548262
428.5,-22.2686296262523,11.3138552796549,40.0168544770621,47.1724901712698
428.6,-22.5995016433299,10.6230113666824,39.9219369831416,47.0887130585394
428.7,-23.0004760750736,9.94158516086247,39.9921459687319,47.1935244962174
428.8,-23.1688008311213,9.20593537906293,40.0692324790983,47.1920117140568
428.9,-23.4720193447112,8.41737587639726,39.9991167294131,47.1350957132397
429,-23.805997291077,7.76949694248485,40.0659885761097,47.2480055700026
429.1,-24.121752391089,6.9875885736552,39.9712755531367,47.2058068656439
429.2,-24.3210264202371,6.18339262437214,39.9885889821007,47.210527631667
429.3,-24.4779425918473,5.44808148722764,40.0560246106607,47.2581884230776
429.4,-24.6342027061994,4.70981246295031,39.9955858469468,47.2088250610707
429.5,-24.6887222952585,3.91390834453591,40.0009947207763,47.1691770730993
429.6,-24.826445533184,3.12172032338289,39.9622106687365,47.1495049509754
429.7,-24.898015709399,2.32567124574515,39.9873296317822,47.1625536213803
429.8,-24.857928560765,1.60264494014883,40.0284212546988,47.1461513941477
429.9,-24.9511668596562,0.88449160592579,39.9536920546655,47.1130614783035
430,-24.9737518373475,0.0199523691452954,40.0374338591918,47.1877610081217
430.1,-25.0826111056787,-0.840855172520695,40.0515425146251,47.264896859093
430.2,-24.959359094973,-1.57556070997813,39.9482330117778,47.1308107159842
430.3,-24.8826516247194,-2.22968072455065,40.0236339456248,47.1806009099498
430.4,-24.8816759270661,-3.17165651931509,40.0160369633078,47.227538748752
430.5,-24.7386378568957,-3.84762131461446,39.9654216782446,47.1597214020101
430.6,-24.5395135698154,-4.59560998882713,39.9463345716924,47.1064433291896
430.7,-24.41641725869,-5.57733077458791,39.9889134699223,47.1845446181751
430.8,-24.216016144405,-6.17819771221173,40.0216901897527,47.1839088092732
430.9,-24.0227524406164,-6.98926228076254,40.028231383295,47.2038317271705
431,-23.8564315008245,-7.68920986375084,40.0013164363398,47.2054932070678
431.1,-23.5292220189874,-8.47201888519598,40.0304084792087,47.1999258031433
431.2,-23.3557954659295,-9.21331312516509,40.0342378447075,47.2558834474109
431.3,-22.9659182460714,-9.90380842182337,40.0286005381896,47.1996576596417
431.4,-22.4846374151407,-10.5971497145614,40.0810137806415,47.1629745398564
431.5,-22.2590209197024,-11.3812084070011,39.9676188787532,47.1424063444433
431.6,-21.8405708599008,-12.0376858940107,40.0582765720499,47.1866712016439
431.7,-21.5333941212451,-12.757965656656,40.0205877624285,47.2027562217243
431.8,-21.1244590392131,-13.4137860198647,40.0447351532723,47.2202630083932
431.9,-20.7016495658233,-14.0843762563965,40.005507794855,47.1950061256707
432,-20.2496514386848,-14.6974467788824,39.9205185683725,47.1138103741789
432.1,-19.8101723681701,-15.332086417001,40.0034094738915,47.1994552160385
432.2,-19.2325064528912,-15.9887726797926,39.9835901279942,47.161611887106
432.3,-18.7226750635842,-16.582210521269,40.0496027599498,47.2173585510458
432.4,-18.2204924933757,-17.1815429226762,39.9952282565062,47.1890882216954
432.5,-17.6807728017681,-17.684319792116,40.0163836159007,47.187454382203
432.6,-17.024388256491,-18.1896561469233,40.0077910002552,47.1308468730529
432.7,-16.5938027419712,-18.8268750322476,40.0289622218383,47.2453524643079
432.8,-15.9744099769808,-19.2066233031326,39.9573384938094,47.1239329038861
432.9,-15.3497921895064,-19.7256116423277,40.0697900874052,47.2260939796388
433,-14.6297376700227,-20.1885681039031,40.0409039128923,47.1686494670039
433.1,-13.9910669141359,-20.6610903658938,40.0959566925193,47.2262252524151
433.2,-13.4445882799435,-21.049410437114,39.9806417369767,47.1411322251361
433.3,-12.6161998912756,-21.5636522379596,40.0054224355492,47.1655957429038
433.4,-11.978373292476,-21.9069305914739,39.9501255062725,47.1105886467202
433.5,-11.3916642140465,-22.2333004885403,40.0036030035018,47.1633111373777
433.6,-10.6623654991907,-22.5996078465187,39.9644736026954,47.133718962069
433.7,-9.94682809657998,-22.868254610894,40.0138477052166,47.1487483005419
433.8,-9.11994386567169,-23.3166230862011,40.0347711171227,47.2188647328308
433.9,-8.48148003398886,-23.5011163559708,39.9890727754076,47.1525600045287
434,-7.69589824405067,-23.7701580982486,39.9996491668876,47.1616284628998
434.1,-7.01107125404131,-24.0307430200673,40.0382891000514,47.2196603575783
434.2,-6.1909241535725,-24.219941596232,39.9307574651321,47.1104925100489
434.3,-5.46949169397269,-24.3805854472321,40.0204406106551,47.1801224331942
434.4,-4.67418443116828,-24.4678466134187,39.9201029612276,47.0546292986075
434.5,-3.85843407084458,-24.6927904640598,39.9721513030189,47.1422771424171
434.6,-3.11323089155732,-24.7635385652886,39.9484780598215,47.1042030837453
434.7,-2.31745557187181,-24.9124899331614,40.0557511463902,47.2278091266047
434.8,-1.6972150662322,-24.9864914843049,39.9923728088575,47.1868114896411
434.9,-0.738039743975959,-25.0320086015198,40.0511971209957,47.2360513603233
435,-0.065331605635291,-25.084633673812,40.0013568191954,47.2160106546987
435.1,0.772911323756992,-25.0030862729148,39.9102699937341,47.1018191374597
435.2,1.57881023641269,-24.982327365442,40.0260959339151,47.209084698474
435.3,2.33564857826073,-24.8692171081701,39.9358587769384,47.1042039536388
435.4,3.13658586908597,-24.7760711677729,40.077568633522,47.2218527908358
435.5,3.94224567567383,-24.7330802625701,39.9600340097394,47.1600559616041
435.6,4.72091420615935,-24.6359047519162,39.9909645367245,47.2069071054752
435.7,5.41557819770368,-24.428943227807,40.0486492006114,47.222834066122
435.8,6.2049259412643,-24.2085822186545,40.0964797995121,47.2470554774222
435.9,6.90720210719467,-24.0206771341158,39.9627914270288,47.1351998995578
436,7.80031106187604,-23.8093938963017,40.0299750235253,47.2242627338462
436.1,8.52264857829739,-23.459840194677,39.958125687568,47.1131770231261
436.2,9.23708372188024,-23.2243097320984,40.0705814116282,47.2265155699993
436.3,9.99657967348837,-22.993547244022,40.034297818306,47.2374832292777
436.4,10.6069483523009,-22.634329353668,39.9458787238314,47.1221120670301
436.5,11.3324563020501,-22.305100320362,39.9776254909859,47.1609224468395
436.6,12.0775013115131,-21.8544048193513,39.9572211728306,47.1175187355211
436.7,12.7229261979081,-21.5170719576788,39.9903504872178,47.160209591984
436.8,13.3818333777874,-21.1472960829151,39.9226253116571,47.1179117527964
436.9,14.0132287343548,-20.6296901315244,40.0136086521164,47.1491630026322
437,14.7066352133818,-20.2453928266771,40.0824256093567,47.2521099289287
437.1,15.3309056795506,-19.7752352472067,39.9176152780972,47.1117035090838
437.2,15.8739012953197,-19.2950716484646,40.005376391585,47.1668386950549
437.3,16.5299843038159,-18.7529218224425,40.0094794076551,47.1770166546658
437.4,17.1201911491951,-18.2338938417758,40.0767948496848,47.2411400692431
437.5,17.6850538450916,-17.702716214163,40.0008092401133,47.1827514111557
437.6,18.2050589147305,-17.1395517306282,40.0048549574485,47.1760195839176
437.7,18.8069319891546,-16.608586460113,39.9961230995368,47.2147826219823
437.8,19.2100836302332,-15.8777205668237,39.9496737945094,47.0861525266867
437.9,19.7321750883948,-15.3575001270437,39.8677586900997,47.0600650960369
438,20.2413223951386,-14.7640400413999,39.9837042234706,47.1845802575162
438.1,20.6892789691267,-14.0322021873532,39.9054318342006,47.0891967691438
438.2,21.0784440518839,-13.3344365659311,40.008063009914,47.1460826366782
438.3,21.5578616792572,-12.7123047915176,39.9660560020154,47.1553785442409
438.4,21.917019003029,-12.0445484629996,40.0111568178142,47.1838906784551
438.5,22.3046439952959,-11.376308089671,39.9475394138964,47.1457679408535
438.6,22.6574003010037,-10.5890185493221,40.0279779947022,47.1987724902054
438.7,22.953163650165,-9.89911188942969,40.1127201925981,47.2638388093939
438.8,23.2427162190384,-9.23798493783681,39.9335016572812,47.1195158884568
438.9,23.4770816613866,-8.40976903645088,39.9786935603684,47.1189295015889
439,23.7150985120104,-7.84521476561607,40.036596595808,47.1898544088501
439.1,24.002228644493,-6.86323379399924,39.9485233660065,47.1072762653285
439.2,24.2334740163378,-6.14779095683169,39.9807937764137,47.1542200395843
439.3,24.3992378322558,-5.43148438649144,39.9567145868674,47.131336391111
439.4,24.5312325028809,-4.64382957541956,40.0476759116492,47.1928264375046
439.5,24.6233894041284,-3.85281816913283,40.0673705840131,47.186329578686
439.6,24.8019088256943,-3.1769076310038,40.0071927322852,47.1784155500394
439.7,24.8657116876897,-2.35938637768956,40.0015923350687,47.1592802230437
439.8,24.9679679267722,-1.63352807306854,40.068781473029,47.2395500094061
439.9,24.9293443469392,-0.813843026729971,40.0708578847852,47.1996631520085
440,25.0065457757873,0.0325568734524366,40.0367304809727,47.2045355786136
440.1,25.0245074780666,0.766501762456821,39.8900724209619,47.0959804783938
440.2,24.8963977611235,1.53299290795352,39.9434207479743,47.0920115283432
440.3,24.8872571581395,2.36619553069225,40.0157623521003,47.1830020957188
440.4,24.782951644637,3.17300593191848,40.0050183519576,47.1663455464261
440.5,24.7166551117735,3.74554160751318,39.8961900211506,47.0812924636923
440.6,24.5637522224336,4.65181017792328,39.9309568095599,47.1115545583403
440.7,24.3901881890979,5.37549585198117,40.0379835677381,47.1891657451659
440.8,24.2169380718208,6.25425818435348,40.0284640784102,47.2001458841764
440.9,24.0786973281266,6.92813214042125,39.9797161369089,47.1822040854651
441,23.7415660646023,7.76776455596969,40.0492534857743,47.2010892900223
441.1,23.4490399757176,8.44391464533183,40.0170720435725,47.1436445903467
441.2,23.2742318589071,9.13787826697097,40.0805485169961,47.2402482769452
441.3,22.9569403160854,10.0426250124185,39.9920456716996,47.1936345583138
441.4,22.6682631756316,10.5614537055901,39.9101418625727,47.0979180353622
441.5,22.2923120588657,11.3362807247237,39.982696727597,47.1600940967105
441.6,21.9752114473874,11.9417337470261,39.989275654175,47.1662706856058
441.7,21.5063197881617,12.7244160430969,40.0143809207632,47.176087533203
441.8,21.1377582951367,13.3958632265841,39.9098835058224,47.1068230596936
441.9,20.7229007051785,14.0389340652254,40.0836683831993,47.2570709458248
442,20.2343601580264,14.6374054647031,39.9646643943612,47.1259734106021
442.1,19.7242614118246,15.3113176145992,39.9541256142502,47.1149136573168
442.2,19.240587916892,15.9596202631636,40.0064212903523,47.1743939737776
442.3,18.688452811258,16.5966078371067,40.0044544060141,47.1705631988869
442.4,18.1902737604846,17.1238876000187,39.99452375983,47.1558640764333
442.5,17.6500289813707,17.6886748239556,40.0237435544191,47.1838191351736
442.6,17.1231049176129,18.1764078984079,40.0037227806543,47.1580360322641
442.7,16.5477150120165,18.719690998222,40.0225326300249,47.1811066138687
442.8,15.9307426814605,19.1662299527772,40.0343527354745,47.1580569143178
442.9,15.3486157194389,19.7162304094692,39.945501926388,47.1163758178975
443,14.6547301915046,20.1728461954141,40.0132109768484,47.1461758076667
443.1,13.9708256063357,20.6820922606155,40.0203588388566,47.1652629589839
443.2,13.3272988337884,21.1164770093344,39.919899039566,47.0863126058942
443.3,12.7295673206847,21.6303011964775,39.9870957650017,47.211011869495
443.4,11.9957620498033,21.8288327070011,40.1341716804414,47.2350291730712
443.5,11.3416330294043,22.3131394860415,39.9772547166845,47.1666166709029
443.6,10.6315193370863,22.6568490979755,39.9932661804375,47.1786323905495
443.7,9.98247737817609,22.9521045575878,40.0936654132561,47.2646904623142
443.8,9.13760499600673,23.186082857584,39.9544461258599,47.0897868817224
443.9,8.50379457594789,23.4913030381724,39.9543258987648,47.122224041803
444,7.74587840331747,23.6972952422452,40.0576436251744,47.1823616072637
444.1,7.01011069477659,23.9914993357855,40.1017312164461,47.2533865335396
444.2,6.26627415962082,24.2296685556838,39.9961438507289,47.1808706266642
444.3,5.39347061201951,24.3351270090678,40.0026568446247,47.1327962932286
444.4,4.62780164761801,24.5099925400643,40.1057081259406,47.2294834471735
444.5,3.98531592786622,24.7201374549029,40.0536132652154,47.2362135912018
444.6,3.1257059261716,24.8501818032138,39.9570154589801,47.157869519083
444.7,2.36677387487998,24.8820673690447,39.9034688927393,47.0850902601482
444.8,1.60958605570073,24.9880318012677,39.9945069986554,47.1863655162948
444.9,0.824668025899331,24.9673306531576,40.1038735702415,47.2479454858617
445,0.0176318091036238,24.952123325911,40.1198523183111,47.2462836569741
445.1,-0.685971900774075,24.973325716381,40.0807033307425,47.2292317772807
445.2,-1.54732307088204,24.957651569323,40.0508926116508,47.2160203694826
445.3,-2.370883166457,24.9590599254142,40.0068372340618,47.2135868667285
445.4,-3.06529284293972,24.7297522045984,39.9925726057197,47.1207229139959
445.5,-3.96608498010243,24.6933138085508,40.0758845018783,47.2394548605808
445.6,-4.70112240572503,24.5359861758675,40.0589771368046,47.210558339666
445.7,-5.41925503354257,24.3995502126534,40.0060384926838,47.1719142242126
445.8,-6.22249495910043,24.1818395881006,39.9338162182444,47.097669657141
445.9,-6.99155540467578,23.9589236364941,40.0516050008245,47.1915557270374
446,-7.68882179298284,23.7904077276407,39.9935122961761,47.1654800271981
446.1,-8.46843988217841,23.5378477061541,39.9734168272537,47.1552627128886
446.2,-9.18048986512259,23.2371246291011,40.0178070132457,47.1770095845569
446.3,-9.99573203795483,22.9141024453422,40.0170144803179,47.184024815272
446.4,-10.6303119552598,22.5982400872688,39.9534001663358,47.1164320822295
446.5,-11.3091351848787,22.2712383812744,40.0353986489169,47.1883221003153
446.6,-12.0790393266952,21.9461699991138,39.9352265524702,47.1419122276873
446.7,-12.7499770453764,21.5556179255465,39.957779534956,47.1575097325327
446.8,-13.4465894832296,21.096970293589,39.9761392484153,47.1591415688175
446.9,-13.9488282000555,20.6639493897631,40.0242225425019,47.1540772645279
447,-14.6842467526275,20.2972832112653,40.0455569596609,47.2361454890194
447.1,-15.2644118124965,19.7464833002964,40.054017465478,47.1937515550013
447.2,-15.9615652577857,19.2758956630745,40.0926261377732,47.2625685899057
447.3,-16.4639384263746,18.7103667242514,39.9403498777894,47.0783457634575
447.4,-17.0899669098964,18.2437915633708,39.9546177918029,47.1303976482071
447.5,-17.6605766226244,17.6820444074845,40.0030578315792,47.1677357623674
447.6,-18.1662069640675,17.1449300779755,39.9632186956759,47.127683492385
447.7,-18.7591751784686,16.5609613316211,40.027702436689,47.2058159124916
447.8,-19.2983584312087,15.8914561175253,40.021779826735,47.1880056388728
447.9,-19.7027300543495,15.3628280602362,40.0880295986726,47.2362591099994
448,-20.1929898757852,14.7717163474007,39.9813526109891,47.164276741787
448.1,-20.6636801130607,14.02835221109,39.9988136058181,47.1559904089213
448.2,-21.1659927952951,13.2981531165712,40.0000784074331,47.1682774746232
448.3,-21.5179682261735,12.5887149155198,39.9046912112021,47.0519189881585
448.4,-21.9242435519316,12.0211852215992,40.0121404083911,47.1821229865424
448.5,-22.2824983593289,11.3545576108202,39.9856509265152,47.1623577833854
448.6,-22.6029869553449,10.6121932810216,39.9936967921293,47.1488011368054
448.7,-22.9001185061935,9.99368791620588,39.9720657495426,47.1386812082178
448.8,-23.2808550099597,9.16917302703826,39.949623252467,47.1385653367663
448.9,-23.5247285712844,8.44430207494082,40.0033923762374,47.1698048913991
449,-23.812798553703,7.72252895205039,39.9631727281125,47.1565690320177
449.1,-24.0860267317193,6.97473072806876,39.8902781265485,47.1170652891663
449.2,-24.1525483216397,6.16057461079116,39.9507792639788,47.0888843970997
449.3,-24.3064382463351,5.43819304504113,39.9890551863187,47.1115847590853
449.4,-24.5850175507457,4.62585717225774,39.9444721769768,47.1315446388708
449.5,-24.6612511876403,3.95772316046329,40.0011641362467,47.1586048882885
449.6,-24.7209369334453,3.15613837131403,40.0473250928335,47.1685719454951
449.7,-24.8588230888371,2.34679570490588,40.0154937169283,47.1668132573337
449.8,-25.0087225565554,1.61479563775682,40.0814219568638,47.271176788257
449.9,-24.9055639781886,0.811653565094047,39.9930192117254,47.1209877257556
450,-25.0057177036369,-0.0332387958792295,40.0035396309739,47.1759494414095
450.1,-25.0218096677022,-0.726553067093778,40.035165723331,47.2168755097221
450.2,-25.0613763770089,-1.51715849451122,39.989966919506,47.2183418814209
450.3,-24.890615514509,-2.40217562659095,40.0390403472924,47.2063336890741
450.4,-24.8884506518297,-3.15983247433456,39.9897812577205,47.2080726375771
450.5,-24.7101429638046,-3.96581376309939,39.9779490652486,47.1651911430332
450.6,-24.5886151653466,-4.72550129161592,40.0519925310414,47.2344415010188
450.7,-24.3511303828408,-5.39688100834664,39.946261138039,47.0936052394459
450.8,-24.1538378488685,-6.22094365287396,39.9605709859855,47.1057879276809
450.9,-24.0598126792463,-6.91049192307856,39.94908060652,47.1440189852922
451,-23.6904780528576,-7.69059305808965,39.9745415247188,47.0993412063219
451.1,-23.4465117793099,-8.44773302692678,39.9704462057976,47.1034996343383
451.2,-23.2140464015838,-9.17412013063844,40.0108067040203,47.1584677827084
451.3,-23.0346309199756,-10.0135358408355,40.0560018576736,47.2794713007363
451.4,-22.6064200516512,-10.670098397506,40.0709696908393,47.2290571505331
451.5,-22.1717258049357,-11.3211846472939,39.9834946000733,47.1002599506782
451.6,-21.8849263361151,-12.112915204357,40.0505886784145,47.2199361390151
451.7,-21.5286722636563,-12.7945933728649,40.0159800843986,47.206609824556
451.8,-21.1080907314534,-13.3404449208029,39.9933521449602,47.1485649919808
451.9,-20.6614808149252,-14.0107271580833,40.0652663005197,47.2061736290428
452,-20.2242741310157,-14.7375754488293,40.0443199928748,47.2203871005751
452.1,-19.7996393152865,-15.2986171275705,40.0320767173995,47.2084798456717
452.2,-19.2749848070886,-15.881377895345,39.9247595459742,47.0927768131389
452.3,-18.7239401824788,-16.5675598975588,39.9951152024199,47.1665052444113
452.4,-18.2138728193386,-17.2380435097623,40.0653814237937,47.2665854040417
452.5,-17.7301844820576,-17.5787881217757,40.0004115810224,47.1530079660807
452.6,-17.0814128688408,-18.2521912959988,40.0255808368083,47.1907223299814
452.7,-16.5649468349665,-18.802610248999,40.0206817250958,47.2185406547306
452.8,-15.9181744860273,-19.264543956368,40.0351662723385,47.1945491690326
452.9,-15.2531488287264,-19.7089353221069,39.9709688002078,47.1039173270064
453,-14.6198970043116,-20.3178447654483,40.0092462100826,47.1942367946399
453.1,-13.9996648333097,-20.7022807051717,39.9663979929982,47.1369070938629
453.2,-13.4352128290763,-21.1262251165145,40.0223685521471,47.2081806042143
453.3,-12.6483579728703,-21.4860598097774,40.0247265813173,47.155174302174
453.4,-12.1661308159457,-21.887029702131,39.8796237444809,47.0897143568958
453.5,-11.3145536712019,-22.2660096278728,40.035285479891,47.1870574732458
453.6,-10.627527832503,-22.5344963429347,39.9896082423093,47.1159913472457
453.7,-9.89658312775385,-22.8548576771195,39.9224223329339,47.0540825218713
453.8,-9.24674200070324,-23.1949254753764,39.9964958081157,47.1511026632936
453.9,-8.40161206664894,-23.5854859649435,39.9515939620163,47.1486170913509
454,-7.76529982450864,-23.7688074509568,39.9906816426497,47.164718882327
454.1,-7.07976128663174,-23.9540016299071,39.9907016781083,47.1505401312512
454.2,-6.15431017846062,-24.1595164744453,40.0582325285858,47.1828333545788
454.3,-5.45611939701081,-24.4459054473215,40.0275108588934,47.218356150682
454.4,-4.65920768347604,-24.4980319170475,40.0237972145653,47.1568248243994
454.5,-3.92237022010384,-24.7105878386974,39.9337621156734,47.124340803758
454.6,-3.20708721634187,-24.8343462748059,40.0161685654342,47.2051258865754
454.7,-2.28979069011589,-24.9038159443138,40.0370437738475,47.2060172450693
454.8,-1.56103734522654,-24.9037463237861,39.9203525618504,47.0772553067308
454.9,-0.827776070065516,-24.9931564218097,40.0405933332731,47.2079675015539
455,0.0368910320349064,-24.9958314160989,39.9651785750261,47.1381846029734
455.1,0.786607244567596,-24.9786325722937,40.0053434679047,47.1696760866967
455.2,1.58542624718539,-24.9847624418206,39.9907879349534,47.1806639452847
455.3,2.34432019822759,-24.8949368094175,39.9877468150934,47.1622053267733
455.4,3.23932551572934,-24.7750641563007,40.0277948614962,47.1860296615396
455.5,3.99920139452599,-24.6658869264094,39.9850868334681,47.1508935094594
455.6,4.74119208982264,-24.5540083423817,39.9509700200237,47.1323480600232
455.7,5.39961381078597,-24.348794080017,40.0451682356864,47.1766372421894
455.8,6.26767237804572,-24.2888083599158,40.0485542183226,47.2558633775869
455.9,7.00774916485014,-24.0220564250378,40.0304807135707,47.208125671379
456,7.77730361522062,-23.7763670254038,39.9978343518002,47.1765708088674
456.1,8.4564826944541,-23.5730242119618,39.9385909297071,47.1411774938834
456.2,9.24851956341594,-23.2414743864839,40.0725004562566,47.238824483566
456.3,9.94816476464351,-22.9695683196339,39.9584496822794,47.1512963977246
456.4,10.5771057951006,-22.6179471535627,39.9462568502457,47.1078564231902
456.5,11.3386574305573,-22.257747566346,40.0050877515359,47.1633281805133
456.6,12.0917104341437,-21.7924614193837,39.942377065995,47.0798717247682
456.7,12.6954938194203,-21.5005438359055,39.8714727775373,47.0444820357131
456.8,13.4547311284844,-21.115481312452,39.989536127043,47.1811015180061
456.9,14.0942228944863,-20.6308138313299,39.9760264961319,47.1419165155797
457,14.7086353121855,-20.1657880364533,39.9565460273414,47.1118724984805
457.1,15.2790176170113,-19.8447077420818,39.9585899106333,47.158771319403
457.2,15.8909734961161,-19.3175178623581,39.9464832695725,47.1318476258148
457.3,16.6373980860505,-18.7316060867617,40.0105036463569,47.2071655969564
457.4,17.0966428675987,-18.2157454437958,40.0363294685352,47.1912730992551
457.5,17.7643955459723,-17.6427879939761,39.9923215721333,47.1829153618455
457.6,18.2061720459526,-17.0871478863076,40.000751977277,47.1539551066822
457.7,18.6209546628538,-16.5113868428599,39.9237478341448,47.0454194279848
457.8,19.1371320945846,-16.0067167325786,39.9653760805159,47.1134385353018
457.9,19.7584906609683,-15.3059533199811,39.9330658058179,47.1096582972621
458,20.2547755114982,-14.7123294303669,40.0051623999621,47.1923890784963
458.1,20.6624761992507,-14.0192776844098,40.0630766040153,47.2072894419537
458.2,21.0854920058148,-13.2854605127218,40.0130088076122,47.1396044531604
458.3,21.5039509573199,-12.6854213743274,39.9771992021451,47.1329638179804
458.4,21.9095728745578,-12.0396403561552,39.9581642486807,47.1342467169643
458.5,22.2664130527979,-11.3558714533139,40.0520557243558,47.2113983530344
458.6,22.6400300493827,-10.6600397454139,39.9832185705334,47.1684764993507
458.7,22.9443208385345,-9.95537254125464,40.0367237256056,47.2068908937799
458.8,23.2454939085049,-9.17635076789278,40.0024166827984,47.1672740459948
458.9,23.4986328698369,-8.40934939319891,40.0404635200983,47.1820052866831
459,23.8421113132267,-7.69873952901073,40.0681779642726,47.2564889468575
459.1,23.9699672517906,-7.08498321250485,40.0272277984541,47.190415153956
459.2,24.1525213301143,-6.21913994885576,40.0038480773766,47.1415936228604
459.3,24.4367612784466,-5.38280958510632,40.0019182488267,47.1835077584861
459.4,24.5723443292704,-4.68859986431281,39.9904305633296,47.1700923378823
459.5,24.6796382431701,-3.90587738308091,40.0480923278313,47.2037087636544
459.6,24.7920699638263,-3.09788986029637,39.9955466006091,47.1581106763118
459.7,24.9520983167841,-2.34665842722588,39.9591800295164,47.1683165357407
459.8,24.8747916290743,-1.5796997511743,39.9892073205233,47.1209869592894
459.9,25.0621007440142,-0.707669507647831,39.9373046417133,47.1550420621187
460,25.027696974737,-0.0581890105973734,40.0006453824387,47.1851738667119
460.1,24.9806646545567,0.913586725587724,40.0082159458949,47.1754765790654
460.2,24.9458524627965,1.54748047121894,39.9569033363983,47.1300793033355
460.3,24.8752427805258,2.30900602728667,39.9222673006831,47.0945499888399
460.4,24.8704471472059,3.21657987242773,40.1139376306386,47.3076475806231
460.5,24.6945750862266,3.87786915154291,40.0617678831247,47.220812718198
460.6,24.520891521972,4.70323745879529,40.0642030037686,47.2073609297672
460.7,24.4095521939204,5.57521161956733,39.9827782728113,47.1755421942713
460.8,24.32848508951,6.29349672533562,40.0281988190609,47.2624585530693
460.9,24.0001025408308,7.04266854639771,39.9984746210877,47.1750153602371
461,23.7021944056174,7.67963075565637,39.9156195325093,47.0534529110132
461.1,23.4776092922072,8.50793550017949,39.8913035769321,47.0627156634603
461.2,23.2252895101665,9.12102140904918,39.9694550525011,47.1186209642142
461.3,22.9222311478368,9.90819302064918,39.9114639360333,47.0799949367731
461.4,22.6606263258906,10.6693000580964,40.1300935709,47.3049929629054
461.5,22.3290354092241,11.3264513007803,39.9895443695675,47.1809069461466
461.6,21.8400644690957,12.0464487710215,39.9932878489058,47.1335169170786
461.7,21.4430369651121,12.726249475864,39.9720666437681,47.1118602029567
461.8,21.0039468454522,13.4325967083642,40.0037809888928,47.1370653607481
461.9,20.7211769773324,14.1272737022647,39.9500227328994,47.1693900103002
462,20.2711335870017,14.6058613800691,40.0528649850071,47.2068007501363
462.1,19.7404825291973,15.3394812030675,39.9764123541025,47.1497601136002
462.2,19.2169692527667,16.0380783158301,40.0218833375909,47.2044808171239
462.3,18.754116546474,16.5283641853698,40.0270122695181,47.191794003906
462.4,18.2140194006727,17.0501068363361,40.0328524657362,47.1708164271296
462.5,17.6524288045678,17.6852945630141,40.0735006048341,47.225663967874
462.6,17.1372778689078,18.209085959301,40.0201673320048,47.1897329671512
462.7,16.5562772054852,18.7055849026226,39.9879340260982,47.1491684882106
462.8,15.8567191711797,19.3084543822866,40.0005139602634,47.1624116282419
462.9,15.2024139013907,19.7574297883981,40.0367534762755,47.1636623810401
463,14.73331833948,20.3054101911712,40.1031713164271,47.3037493435656
463.1,13.9612851941622,20.7733449637323,39.9313832591907,47.1271123054164
463.2,13.360086526248,21.1464096191838,39.9895220587497,47.1680445456283
463.3,12.6448257523569,21.4294905281923,40.0425807175798,47.1436417041497
463.4,12.0362614549558,21.8986257327179,39.9839247182787,47.1501392858037
463.5,11.3937493154668,22.25975235021,39.9688948077357,47.1468625712064
463.6,10.6126162262208,22.6686936529454,39.9797390019275,47.1685999978627
463.7,9.91816834773407,22.8763896455908,40.0113493466851,47.1445367262567
463.8,9.24174721770941,23.2227765629657,39.9422772743616,47.1178602739073
463.9,8.47059238195821,23.5252941712379,39.9570741252453,47.1355298452762
464,7.80072844208992,23.7366324219977,39.8874542665057,47.0668470457375
464.1,7.0426411432507,23.9801730196157,40.0105379361356,47.1751061287864
464.2,6.21516641477414,24.225661277723,40.010359925955,47.1841060030893
464.3,5.56003688806371,24.3348056478445,39.9616697034329,47.1172136442857
464.4,4.68246707238391,24.4952763846224,40.0172402075741,47.1521322622178
464.5,3.99098665991189,24.6653356442488,40.0302025199683,47.1881751157292
464.6,3.16272294521063,24.8469592129541,39.9647975470193,47.1652333984749
464.7,2.29957077012966,24.8982234551391,39.975104699988,47.1510185756774
464.8,1.57914182584866,24.9335202301258,40.0763043453595,47.2258858038059
464.9,0.852575837842323,24.9985305994962,39.9796603051481,47.159587103878
465,0.0840900269840749,24.9605185294677,40.059587985668,47.199630782179
465.1,-0.830883653872993,25.032806918579,39.9955730703956,47.1908641062917
465.2,-1.53680798465383,24.8640920232213,40.0357329024517,47.1534172670165
465.3,-2.38881126700919,24.9118307558075,40.0661584187639,47.239843155041
465.4,-3.19441070222173,24.8480443040222,40.0276064261464,47.2211694229992
465.5,-3.93843845354555,24.7214441733344,40.0598952127744,47.2382927710785
465.6,-4.70640268614026,24.5056292946078,40.0659514537465,47.2012347218039
465.7,-5.44055876017134,24.376796600568,40.0129942543671,47.1685022162921
465.8,-6.25840375895463,24.2363545081098,39.9738740347099,47.1643838377618
465.9,-6.95313414564149,23.8639454865615,39.9836016442857,47.0799571907387
466,-7.7477828926191,23.843983831188,40.1010171098071,47.2932899884768
466.1,-8.51117805048844,23.566363509166,40.0249361240147,47.2208550598644
466.2,-9.24501903038155,23.2936646930028,39.9817202671182,47.1868959269441
466.3,-9.97295232643488,22.8228252118338,39.9037371278918,47.0388070164109
466.4,-10.6409711546305,22.6569732994463,40.0249001462843,47.207640673153
466.5,-11.371682008443,22.2939153357353,39.9775728370699,47.1650309301426
466.6,-12.0545835314226,21.9854988865393,39.9999224425613,47.2087803360454
466.7,-12.7436990028337,21.4261165366084,40.0245551779452,47.1534235375071
466.8,-13.2773391667265,21.0417002046604,40.0163617347211,47.1205909272703
466.9,-13.9638216133728,20.6580310323434,39.9399455584611,47.0844115541035
467,-14.6960385973667,20.1766863725506,39.9365993375706,47.0956918420486
467.1,-15.3499156611112,19.7695253532729,39.9544014787254,47.1466673373644
467.2,-16.0254379518433,19.3156823940008,39.9731002186391,47.1991418246525
467.3,-16.4756897742255,18.7209329106385,40.0121258743225,47.1475545448942
467.4,-17.1988410829576,18.3128346601057,40.001147744362,47.2361288501871
467.5,-17.7516112129376,17.6159725985605,39.938156370292,47.1221659679011
467.6,-18.2488136325353,17.1066593659937,39.9254264969662,47.1136569863112
467.7,-18.7862183378711,16.5668623146841,39.886667822454,47.0991422041915
467.8,-19.339968665369,15.8531946710419,40.054522951945,47.2199425895807
467.9,-19.6805485062734,15.3385112921299,39.9980119404581,47.1427075734478
468,-20.2991800849008,14.6903054485054,40.0187134370212,47.2160905989054
468.1,-20.6613416447683,14.1014393252579,40.0675370105515,47.2350415655336
468.2,-21.1547997736927,13.2903179420922,40.0025888766748,47.1631765395758
468.3,-21.5373405311627,12.6883937196647,40.0368737825736,47.1996147719685
468.4,-21.8235657628628,11.9239116772034,39.9222639467016,47.0344007182175
468.5,-22.2921797358713,11.3418535011065,40.0360057102436,47.2065744515275
468.6,-22.5446609101192,10.6085432757739,39.9700939588498,47.1000141938992
468.7,-22.9402313200556,9.94488133136189,40.0319465041408,47.1986400081922
468.8,-23.2843071835506,9.21965499380645,39.8903897175957,47.0999383337646
468.9,-23.4539373014273,8.48888897053657,40.0210768668386,47.1575551155357
469,-23.8269734179015,7.72882637648364,39.9352835182119,47.1411316060103
469.1,-23.9762761368678,6.90616439804819,40.0464333993214,47.183405473646
469.2,-24.2620886726014,6.20731219533576,39.9776760875734,47.1740845890037
469.3,-24.3445337865845,5.50123497542565,40.0278984889848,47.171522860572
469.4,-24.6071815268106,4.73818006270527,39.9986678074968,47.200181772685
469.5,-24.6912614495058,3.78285943861212,39.9653781825459,47.1296071570098
469.6,-24.7416472435201,3.06536779810872,40.0199887063001,47.1502394915748
469.7,-24.8219980743435,2.21244516653855,40.0836900609919,47.1988210755662
469.8,-24.9353181655183,1.48663028726211,39.9091641199376,47.0820724095568
469.9,-24.9184110425645,0.780496997260537,40.0786681253905,47.1999578723766
470,-24.8748247869513,0.0126329502022888,40.0275984777897,47.1271228452587
470.1,-25.0397529131933,-0.70199984752096,40.0327581276098,47.2239743461242
470.2,-24.983949758362,-1.52315756152015,39.9915757532681,47.1788499829633
470.3,-24.939929193046,-2.30906168001064,39.9982630018202,47.1931443872838
470.4,-24.8375737018159,-3.16458748322144,40.0889305942075,47.2656538886249
470.5,-24.7140196165958,-4.02169968461523,39.9737431474026,47.1683895758297
470.6,-24.5507301491597,-4.67322851840957,40.004149296717,47.168945044342
470.7,-24.4558295141427,-5.46911391851816,39.9087011441443,47.1243379931344
470.8,-24.1778681346892,-6.25211350626707,39.988537854283,47.1459583692716
470.9,-24.0401530167209,-6.98922309250453,40.0138676404738,47.200506353783
471,-23.8038781451121,-7.78456506859708,40.0411075436715,47.2283216023864
471.1,-23.5212674487626,-8.4667461420869,40.0053417675001,47.1737552306921
471.2,-23.1903866102856,-9.21304762414879,39.9471601611162,47.1004233802332
471.3,-22.9106339253918,-9.92539589189699,39.9899646949569,47.1445427040935
471.4,-22.5939249053328,-10.6170211720887,39.9699534608932,47.1254046227973
471.5,-22.3031937174324,-11.364286524495,39.9993660017768,47.1861074761654
471.6,-21.901232850767,-12.097455384964,40.065787638099,47.2364241474305
471.7,-21.6070468520654,-12.7741425794712,40.044433322533,47.260975787967
471.8,-21.1209872486117,-13.4141102683545,39.9749934170692,47.1596708570185
471.9,-20.6854071217714,-14.0044174090359,40.0787032626627,47.226181615461
472,-20.3553304486935,-14.6390111781584,39.9973318300013,47.2062144157841
472.1,-19.776911949639,-15.2870506014508,40.0124229067724,47.1785348355107
472.2,-19.211875918283,-16.0193247304974,39.9476407514786,47.1330981660427
472.3,-18.6154241469033,-16.5140869097889,40.0403962855431,47.1432117842697
472.4,-18.2537226962844,-17.0989501666667,39.9764841026783,47.1560364140869
472.5,-17.7653740840678,-17.6813480877551,39.9976885360173,47.2022634496639
472.6,-17.1882658696919,-18.2231399283544,39.9616693949525,47.1641212500252
472.7,-16.5414615580291,-18.7396976913846,39.9544610166932,47.1291329771162
472.8,-15.8492672653315,-19.2258252294502,39.9314254388546,47.0675086039199
472.9,-15.3780080433224,-19.7911012588938,39.9743129909825,47.1817392591806
473,-14.6354094149685,-20.1955407184815,39.9133361119774,47.0651619910447
473.1,-14.1129630340496,-20.7228751113653,40.0390553095647,47.2412873296661
473.2,-13.3112584830306,-21.1801266580831,39.9099917744305,47.1019618603048
473.3,-12.7438114302357,-21.4115577156493,40.0178382491035,47.1411382097568
473.4,-12.0025136338337,-21.7851696897687,39.953035879266,47.0627137754751
473.5,-11.3824017086387,-22.3646179768237,40.0590893326886,47.2701369161378
473.6,-10.6218985278066,-22.633641770994,40.0667886559617,47.2276827862029
473.7,-9.98364263315018,-22.9905558620532,39.9811209850423,47.1882274968369
473.8,-9.25460296580053,-23.246386975082,40.0214903852831,47.1991724091554
473.9,-8.3987966898106,-23.4773051251094,39.9395847558082,47.0839045985
474,-7.64120905335798,-23.6977113850397,40.0453635174557,47.1550712005712
474.1,-6.88816620134249,-23.9962728463864,40.002654071993,47.1537938764112
474.2,-6.1932747824241,-24.2391386652239,39.9560551371511,47.1421132098002
474.3,-5.37241042741058,-24.3788445514423,39.9604431729118,47.1171717534006
474.4,-4.78035506124541,-24.5841499300144,39.9603749421771,47.1599807868109
474.5,-3.93804922937253,-24.5751162171969,39.9738492655666,47.0887799154739
474.6,-3.16787052335528,-24.7387218652621,40.0283238378973,47.1625537100263
474.7,-2.31667659646187,-24.8829764500292,39.9928313204916,47.1588386677895
474.8,-1.59502763991803,-24.9769757688396,39.9826184010921,47.1699396431313
474.9,-0.863838727834272,-25.0261352155723,39.8988373309024,47.1059537801075
475,0.0182762511632083,-25.0574824627007,39.9738005989976,47.1781993691825
475.1,0.836563965549345,-24.9655356471097,39.9344792312801,47.103507734447
475.2,1.55701918995511,-24.9590447307503,40.0256624713985,47.1956764852862
475.3,2.30069366630193,-24.9378531364244,39.9471867525528,47.1483556430483
475.4,3.04298628489558,-24.8072444525108,40.0158295071778,47.1797176125951
475.5,3.86281346023395,-24.6115654051987,39.9727659049298,47.1006634094813
475.6,4.65146245692288,-24.6420048341644,39.9641818405672,47.1805080029992
475.7,5.49185746271406,-24.3663515355389,40.0095921915044,47.1661642798598
475.8,6.23436179601864,-24.1376001931906,39.9921637804039,47.126045600375
475.9,7.00581908753175,-23.9435599260353,39.9848041073552,47.1291854642369
476,7.69718128232467,-23.787725534872,40.0080205152233,47.1777934134472
476.1,8.53146932615431,-23.5753762132669,39.997637077115,47.2058820933662
476.2,9.17390754338639,-23.2698916391611,39.9438527120112,47.1291821061192
476.3,9.92409018694589,-22.959940570317,40.0138085062749,47.1884658386768
476.4,10.689265296474,-22.7045387185249,40.0389460835469,47.2532927369149
476.5,11.3073077572357,-22.2533334331579,39.9640062738082,47.1188694161599
476.6,11.9826141528947,-21.913932928997,39.9875290075236,47.1466433002528
476.7,12.779280132261,-21.4737499372475,39.9395066167847,47.1125898869763
476.8,13.3799116880193,-21.2360578686201,39.9711838509902,47.1983869324815
476.9,14.0776005420412,-20.6581117701545,40.013244773838,47.1804639258724
477,14.6626160793567,-20.2096188806838,40.0384716488529,47.1858052550669
477.1,15.3544891138082,-19.7003233139997,40.060602032631,47.2092672029445
477.2,15.8928560228478,-19.1883955329692,39.9641094471509,47.0946646616843
477.3,16.4452203292127,-18.713447962365,39.987907557621,47.1133861779573
477.4,17.1279572956652,-18.1591114215608,40.0136014933308,47.16151559492
477.5,17.6588662426541,-17.6861943925797,39.9488996169843,47.1227292256715
477.6,18.2128595464758,-17.1131123300766,40.0175403601385,47.1801907897456
477.7,18.6849291075763,-16.6005538580864,40.0370028096359,47.1981626562854
477.8,19.2268675937528,-16.0167362584558,40.0600215991328,47.2336067685247
477.9,19.7211949581358,-15.3594344250995,39.9450341298206,47.1215821897808
478,20.181695327973,-14.8135350073648,39.9260287908899,47.1256768729799
478.1,20.7719517143524,-14.0934350723902,40.0456232481524,47.2625732635881
478.2,21.0409736421189,-13.4610916644527,40.0403632836333,47.1927351664689
478.3,21.5167936484442,-12.8536147485893,40.0312896707984,47.2302019233694
478.4,21.8251995330734,-11.9741518113974,39.9457516432185,47.0678523049708
478.5,22.2508083869216,-11.4165347007066,40.0092465075705,47.1823647621384
478.6,22.6544785591584,-10.596887021571,40.0095355750925,47.183496588001
478.7,22.887475865224,-9.8626650983741,39.9631618448908,47.0973780476667
478.8,23.3227223194983,-9.18767358125269,40.0019397596554,47.2071806695038
478.9,23.4647928002318,-8.44881047363809,40.0140930590749,47.1498307835518
479,23.8025289675626,-7.80204412021664,39.967567395164,47.1681960773617
479.1,24.014069270613,-6.8252662371675,39.9592154732559,47.1168619857065
479.2,24.2592456470013,-6.15125689037276,40.0396183333847,47.2177932243347
479.3,24.4017021501628,-5.34666791257269,39.9967690209381,47.1568813399154
479.4,24.5655135586528,-4.6384455696522,40.0696378284521,47.228757229111
479.5,24.6319043597536,-3.92668197731562,39.9682173264777,47.1127152687635
479.6,24.7629099223315,-3.08565393619531,39.9641742641394,47.1153710868328
479.7,24.9605670036332,-2.39614319092156,40.1209053473186,47.3123499017198
479.8,24.9333959633313,-1.55492395027193,40.1224610339684,47.2641926005058
479.9,24.9562063694006,-0.848086804762955,39.9387519482648,47.1023926649757
480,25.0208879807223,0.154189037853012,40.0491292074846,47.2228902110093
480.1,25.0278320031619,0.773208293539644,39.9283736632093,47.1303007547433
480.2,24.9670468526519,1.53702225503378,39.9350602272363,47.1224458332542
480.3,24.91194489926,2.36294779532206,39.9722762370751,47.1590011399756
480.4,24.7480041559291,3.17263079520725,39.9375865247718,47.090764628409
480.5,24.6549093157334,3.92045662551149,40.068158179782,47.2090227969144
480.6,24.553562387528,4.64933834967788,40.0169361532778,47.1789036763628
480.7,24.3325101185246,5.57372564259531,40.0392177770913,47.1834338132397
480.8,24.2322730361671,6.29295044074763,40.0556938077824,47.2362454919088
480.9,24.0708541644675,6.96713908291849,39.9942724790032,47.1962803442448
481,23.761907640358,7.78523870036797,40.0376880097737,47.2043923538752
481.1,23.5042493467511,8.45436120443148,40.0165401519929,47.1725497134224
481.2,23.3257113720382,9.20526761244937,40.0578918420287,47.2595012844625
481.3,22.9314719151239,9.92580107476018,39.9734281746659,47.140734945533
481.4,22.6196044185566,10.6393559487189,40.0350158540052,47.1979331484544
481.5,22.2367467105086,11.4109496009608,40.063389744954,47.2203120798568
481.6,21.9744890713787,12.0507738628087,40.060006645667,47.2536078314828
481.7,21.5267572434185,12.6966407762738,39.9417188726122,47.116312153198
481.8,21.1454569317784,13.3477813490257,40.000597917438,47.1735248794028
481.9,20.714778944121,14.0139711486353,40.0256594508842,47.1968946916716
482,20.1942487400174,14.7090389816165,39.9651244038807,47.1314616636708
482.1,19.7396521883868,15.2708408860235,40.0142786443224,47.1592508985269
482.2,19.3415730437388,15.8844179345178,39.9277923365923,47.1236647747048
482.3,18.7073741686958,16.5495430458975,39.9687202224835,47.1312191603269
482.4,18.2869557627922,17.1573675335501,39.9928762796636,47.2040058138302
482.5,17.7533950078541,17.7285148921094,40.005806219312,47.2223231728574
482.6,17.1291962026377,18.2251140374333,39.993692063655,47.1705368753459
482.7,16.5718836370041,18.8399320291072,39.999432128411,47.2178455325435
482.8,15.9523542146833,19.4133378274821,39.9698923724647,47.2117314537508
482.9,15.3922513003774,19.7842125366372,39.9305965192167,47.1464633262059
483,14.6794361892891,20.2352614364504,39.9399166583662,47.1184528068797
483.1,14.0324513970346,20.6522926795132,39.9276179199128,47.0918417338816
483.2,13.389324255073,21.1489801780441,40.011042199763,47.195729303508
483.3,12.7494496689167,21.4829491438599,40.0366227317895,47.1910662153925
483.4,12.0354597904588,21.8546199943132,39.8706507405844,47.0334508402398
483.5,11.3864766804871,22.2654387446214,39.9409583417292,47.1241102509268
483.6,10.6193973605582,22.5711179177649,40.0542884965471,47.1865763890929
483.7,9.94892995678521,23.0658444807916,39.9575689113021,47.197687466639
483.8,9.14547305472396,23.2482812781456,40.1199310284306,47.2623647896345
483.9,8.49445335606236,23.5293090829711,40.0152854212756,47.1911770470547
484,7.72905023636294,23.8069878186005,39.9802473336305,47.169174928225
484.1,6.92417592727715,24.0067249856129,39.9563610512474,47.1251296577991
484.2,6.18572072582706,24.1493294900046,40.0039165706549,47.1356191929909
484.3,5.46510738861177,24.4025057195703,39.9307428037291,47.1149010931816
484.4,4.68221169867624,24.5950976323158,39.9645314476873,47.1593650059832
484.5,3.88863782031632,24.6868247125317,39.9625751524316,47.1335149474194
484.6,3.20794815095727,24.8230038711931,40.0433029961426,47.2222253538456
484.7,2.38198525884195,24.8395079541182,40.0015899776557,47.1466033762404
484.8,1.64926578727523,24.9169105211176,39.9501137359693,47.1124622055708
484.9,0.769394485385806,24.9443254373763,40.0125876895394,47.1573802602833
485,-0.00296337142868504,24.9806065941682,39.9931246741998,47.1537987419917
485.1,-0.66849431824659,25.0968995546906,40.0022502710098,47.2279713586796
485.2,-1.56574561503763,25.048340203587,39.9438955099835,47.1739938398068
485.3,-2.31635162376158,24.8727100034048,40.0029378042955,47.1619785498097
485.4,-3.17987724581831,24.8128989203038,40.0484564042349,47.2193861934861
485.5,-3.92069622875382,24.7186437115706,39.9298047996285,47.1250731266718
485.6,-4.7431140481556,24.5278623447316,39.9733788278303,47.1379271605058
485.7,-5.4951690201415,24.344925368168,39.9428569707218,47.0988757479956
485.8,-6.2472457008199,24.2963362494468,39.9468511912321,47.1708697618248
485.9,-6.9130368506517,24.0252320488409,39.9699658753119,47.1444591184661
486,-7.75769918709658,23.8428981136329,40.0525731819824,47.2532994153066
486.1,-8.44644130203615,23.5053538118735,40.0531266015001,47.2027221571584
486.2,-9.1738225357234,23.275035451089,39.9484298369893,47.1355846638954
486.3,-9.91857463462893,22.90873732396,40.0031157870064,47.1533417822061
486.4,-10.7255769718814,22.5822125458401,40.0045962123434,47.1737431518624
486.5,-11.287425448868,22.2773793003482,40.00089141036,47.1567483545966
486.6,-12.0285177460603,21.8754862667305,39.9908957175803,47.1433333448918
486.7,-12.6816455177161,21.4695353732923,39.9674018765951,47.1079430133318
486.8,-13.3326032194167,21.0693436224792,39.9989279763277,47.1337436296329
486.9,-13.9854749490423,20.6230801656281,39.9827466924368,47.1118347991222
487,-14.6857216632461,20.2349026405727,40.1080033698675,47.262814558182
487.1,-15.3655272071008,19.7524807994766,40.0251373755339,47.2045712406776
487.2,-15.9122998619178,19.218054100734,39.9407935448457,47.0935439238365
487.3,-16.5990557686955,18.6919083774906,39.9664928324679,47.1406050081294
487.4,-17.0757817436481,18.1437005522569,40.1104437488974,47.2188933544628
487.5,-17.707457343203,17.7068262913858,40.004175743107,47.195548728244
487.6,-18.263550168516,16.9962372149183,40.0862664640852,47.2158670708621
487.7,-18.6976302854232,16.5413338450991,39.948668434072,47.1074645180656
487.8,-19.2507750588792,15.7702106154051,40.0057743623781,47.1142639288285
487.9,-19.7643733848805,15.2756045902292,40.0040186139341,47.162443280199
488,-20.2297777093049,14.7649234766607,40.0424181125804,47.2296741439345
488.1,-20.6171581342323,14.0602820224343,39.9602844796131,47.1124513878649
488.2,-21.1243783726401,13.295233425887,39.9707840215341,47.123944749728
488.3,-21.4331287635129,12.7543786977003,39.9788810508707,47.1207397505318
488.4,-21.9370417593002,12.042259355826,40.0655456585401,47.238731571231
488.5,-22.2393568272509,11.36277106476,40.0603176509922,47.2073152028193
488.6,-22.5554005932445,10.6626857096579,39.8504071767871,47.0158900226338
488.7,-22.9803735188591,9.95465989931574,39.9108418736309,47.1175988335494
488.8,-23.2599818798167,9.25262469072438,39.9943304950027,47.1824574652519
488.9,-23.5891614747014,8.44750018428826,40.053369417349,47.2449066051116
489,-23.7325297087344,7.74320501660006,40.055277286366,47.1976210077662
489.1,-24.0044637495907,6.97150610115927,39.9504227003949,47.1259212235065
489.2,-24.202889857578,6.1474719462,40.0195244447916,47.1713220672756
489.3,-24.4333960756565,5.36769417204453,40.0562410248743,47.2261096170046
489.4,-24.6024195889207,4.59941851919133,39.9858163587023,47.1730771756078
489.5,-24.7850880413518,3.93874286868653,39.8777516238631,47.1173997497496
489.6,-24.8432957286609,3.13767424751549,39.9876209769061,47.1809725815177
489.7,-24.8775302712239,2.35914164382297,39.9609016089896,47.1309953119455
489.8,-24.8555905681272,1.51504266782146,40.016658288778,47.1320345134445
489.9,-24.9541576506281,0.777319753923315,39.9788416712848,47.1340852401942
490,-25.0077793606308,0.101095167822492,39.8804876131483,47.0728429250393
490.1,-24.936659881851,-0.798724224217199,40.0688835453527,47.2015931407035
490.2,-24.9087668454502,-1.56133696949088,40.0092030432225,47.1552835538829
490.3,-24.8465922074711,-2.28342053406376,39.9932256475219,47.1383628412502
490.4,-24.8008332308065,-3.06350769677363,40.0884283772624,47.2392686026082
490.5,-24.7307084596931,-3.90638034082287,39.9515527700084,47.1486406699098
490.6,-24.6566077216303,-4.6022854103862,39.9799031293527,47.1966311252131
490.7,-24.3807258962511,-5.46989130622805,40.0674214334026,47.2200991787604
490.8,-24.295411418086,-6.18018130018473,39.9324855462259,47.1493908632631
490.9,-24.050512748549,-7.01378419650125,40.0389103929787,47.2306540043666
491,-23.7715153150097,-7.75902027053468,39.9796240980366,47.1556749389786
491.1,-23.518045383779,-8.53645424440243,39.9421667140187,47.1311594547676
491.2,-23.2349064448244,-9.15570887085867,40.002872498521,47.1584318076904
491.3,-23.0084963469029,-9.93791191484867,39.9628421261288,47.1718321476983
491.4,-22.6440687887848,-10.679890241229,40.0448434472229,47.2271467864459
491.5,-22.2459397512673,-11.3880582340778,40.0420577683156,47.2010179559814
491.6,-21.8283501509883,-12.0099458366946,40.078536487176,47.1911512496611
491.7,-21.4997822098438,-12.6772408896471,40.0367987660189,47.1794269472993
491.8,-21.0733539418937,-13.3839524844525,39.9136200911401,47.0777388926685
491.9,-20.6255554223658,-14.0261300446425,40.0496063756354,47.1817425637677
492,-20.2165242109139,-14.698194209157,40.0118287410166,47.1772318325376
492.1,-19.7922426532467,-15.339678087598,40.0259398647376,47.2134986537931
492.2,-19.2375773954429,-15.9144343817671,40.0605540652731,47.2038303292635
492.3,-18.7470564401578,-16.6025082064878,40.0167736328083,47.2063298287039
492.4,-18.2129839712948,-17.1248858617689,39.9908007755178,47.161834650323
492.5,-17.6790801373144,-17.7001752503055,40.0167394112675,47.1930663498612
492.6,-17.110369009992,-18.2246587253848,39.9817964651201,47.1534406156447
492.7,-16.5469383729254,-18.7590246984461,39.9785911825679,47.1591977253345
492.8,-15.9317755239009,-19.2620046175963,40.0234019865429,47.1881235037872
492.9,-15.3892214693423,-19.7919825571423,39.9429082493868,47.1591627405918
493,-14.6607283220521,-20.2234604237227,39.9419847977356,47.1093138989037
493.1,-14.1178632596801,-20.7132760769732,39.9643023790333,47.1751982879006
493.2,-13.4513184390404,-21.1824423706975,40.0268950548357,47.2417840504275
493.3,-12.7359104067578,-21.5886433330588,39.9737436795302,47.1823390540122
493.4,-12.0068296351499,-21.8579059367234,39.9975345957915,47.1352817278915
493.5,-11.3623792831381,-22.2859605482793,39.9916285867333,47.1709450568098
493.6,-10.6930990215204,-22.6025091074698,40.0194781550785,47.1887106884909
493.7,-9.92367246467818,-22.9109126383218,39.9862813961271,47.1411910434737
493.8,-9.21322424785763,-23.2195279460042,40.0548669196857,47.2061684849588
493.9,-8.36126347697299,-23.5267502721709,40.0761751771956,47.2177776068901
494,-7.66847191055003,-23.7887837719185,40.0461961305999,47.2060326581303
494.1,-6.97450041381584,-24.0380563297427,40.0569189673822,47.2337650975827
494.2,-6.25117621372599,-24.19703567276,39.9918078702057,47.1584397126466
494.3,-5.39970196731492,-24.3983785102446,40.002642829479,47.1661858602946
494.4,-4.79349646230878,-24.5310292842639,40.0485938137221,47.2084618742877
494.5,-3.91393506212303,-24.6781526440724,40.0268258694461,47.1855581166273
494.6,-3.17137432479836,-24.8492453267904,40.0586628797475,47.2465774435807
494.7,-2.32961403300626,-24.9246529339136,40.0667062367229,47.2441147030895
494.8,-1.59829210905658,-24.9449629300261,40.0633899445119,47.2216150411257
494.9,-0.769705366063531,-25.0189955763248,40.0450960635218,47.2244884009917
495,-0.00185611818098018,-25.09042110908,40.0489373442454,47.2593548123484
495.1,0.708070290746541,-24.9599455364284,40.0439753101192,47.191314914458
495.2,1.62927029787175,-24.9907585897403,39.9811708357748,47.1771825991508
495.3,2.35442531244038,-24.8024875168999,40.0543452287032,47.170512794308
495.4,3.14659636753845,-24.7306739747886,40.0258921462123,47.1548443539761
495.5,3.87219650984408,-24.6437211611375,39.9174117918314,47.0712934030645
495.6,4.6820661033191,-24.5896811065725,40.0160635757325,47.2002066098851
495.7,5.43860545419135,-24.4498513374833,39.9757586502243,47.1745157831257
495.8,6.130734896692,-24.2109270127571,40.0599728121965,47.2075875141326
495.9,6.91722672406821,-24.0410234538453,39.9962397247062,47.175396409322
496,7.80296670821395,-23.8213754691346,39.9123948009469,47.1311306615663
496.1,8.44753137464238,-23.5472726653046,39.971515654521,47.1546063499568
496.2,9.16922557142157,-23.3442892138092,40.0141361817684,47.2245871432529
496.3,9.92979512857899,-23.0019826176197,39.9311306061261,47.140080898534
496.4,10.6801549391868,-22.5685357274993,40.0132610298111,47.1642404014763
496.5,11.2085088602773,-22.3410636145692,40.06157148663,47.2195224910154
496.6,12.0552201323905,-21.9784721266014,40.0438885528419,47.2429315336444
496.7,12.6447563502784,-21.4985145634501,39.9455477515989,47.0927040715231
496.8,13.3322740355894,-20.9982037579548,40.0794708817215,47.1703092864505
496.9,13.9891207117551,-20.7087154496789,40.0196141635584,47.1817328175207
497,14.7394367118665,-20.320516227858,39.9458371335127,47.1788541472435
497.1,15.2477037062503,-19.7364463538657,39.9437044661705,47.0905437372875
497.2,15.8617040984675,-19.1375306876236,39.96157688924,47.061304329584
497.3,16.5156511380302,-18.6982494536051,40.0678800512789,47.1998546284418
497.4,17.151638761843,-18.2053221689532,39.9766825977538,47.156628579805
497.5,17.6596013188684,-17.6948269332972,40.0355348088962,47.199708329343
497.6,18.2136136532009,-17.1056030999604,40.0130461585174,47.1739466507211
497.7,18.6724219893822,-16.5808657330649,40.0524195691148,47.1993725037516
497.8,19.2508545014535,-15.9148108507575,40.0323413372213,47.1854316117943
497.9,19.7637568923057,-15.2983408865561,39.9538385852563,47.1270043401461
498,20.2383474893079,-14.5825113273835,40.0958797581049,47.2220279031688
498.1,20.6555650000706,-14.1091295903193,39.9119793652143,47.1029298464316
498.2,21.0758431125464,-13.4812143819352,40.0023360175175,47.1817887640427
498.3,21.422459630525,-12.719217687305,40.0233408723717,47.1441204158544
498.4,21.8934683857983,-12.0053370971255,39.9580364593745,47.1179026959421
498.5,22.2201199081813,-11.2994699496915,40.0546422271574,47.178237714263
498.6,22.7180945445549,-10.6871876432501,39.9985163443386,47.2250898273968
498.7,23.0548772888459,-9.96048177169515,39.9207454516048,47.1635927526714
498.8,23.322100137777,-9.20143406373823,40.0427972484297,47.2441780026351
498.9,23.5793131225572,-8.49716848147705,40.022162513343,47.2224456352977
499,23.7881223836712,-7.66028134935052,40.0295083614736,47.1902131437548
499.1,24.0388658063796,-6.9785944515028,40.0031190237776,47.1891659325124
499.2,24.1649424881251,-6.12801458753375,40.069082132007,47.1914012415498
499.3,24.4225868197013,-5.44783113440295,39.9809336778737,47.1658421825515
499.4,24.5519657099735,-4.64976343143146,39.996094354684,47.1604376975106
499.5,24.6904043928106,-3.93430572608667,39.9466725105786,47.1256986716829
499.6,24.8318833902726,-3.11979614434503,40.0259342924488,47.206259931007
499.7,24.8686273103477,-2.38217413861048,39.9945829662216,47.1560181161389
499.8,24.9370383466126,-1.5644736639966,39.9797252798257,47.1453273696991
499.9,25.0471603483047,-0.82956713218122,40.0146047717567,47.2145848036428
